2026-04-26 21:18:32,856 INFO __main__ - scraper-client starting command=start client_id=scraper-client-local
2026-04-26 21:18:32,856 INFO __main__ - detected no CLI args, defaulted to 'start' mode
2026-04-26 21:18:32,856 INFO __main__ - log file: /Users/huangwenhua/company/安洋/dianshang-scraper-c/logs/scraper-client-local.log
2026-04-26 21:18:32,884 INFO scraper_client.services.account_orchestrator - no task available, sleep=10s
2026-04-26 21:18:42,909 INFO scraper_client.services.account_orchestrator - no task available, sleep=10s
2026-04-26 21:18:52,933 INFO scraper_client.services.account_orchestrator - no task available, sleep=10s
2026-04-26 21:19:02,959 INFO scraper_client.services.account_orchestrator - no task available, sleep=10s
2026-04-26 21:19:12,979 INFO scraper_client.services.account_orchestrator - no task available, sleep=10s
2026-04-26 21:19:23,007 INFO scraper_client.services.account_orchestrator - no task available, sleep=10s
2026-04-26 21:19:33,034 INFO scraper_client.services.account_orchestrator - no task available, sleep=10s
2026-04-26 21:19:43,071 INFO scraper_client.services.account_orchestrator - no task available, sleep=10s
2026-04-26 21:19:53,101 INFO scraper_client.services.account_orchestrator - no task available, sleep=10s
2026-04-26 21:20:03,140 INFO scraper_client.services.account_orchestrator - no task available, sleep=10s
2026-04-26 21:20:13,163 INFO scraper_client.services.account_orchestrator - no task available, sleep=10s
2026-04-26 21:20:23,187 INFO scraper_client.services.account_orchestrator - no task available, sleep=10s
2026-04-26 21:20:33,215 INFO scraper_client.services.account_orchestrator - no task available, sleep=10s
2026-04-26 21:20:43,243 INFO scraper_client.services.account_orchestrator - no task available, sleep=10s
2026-04-26 21:20:53,283 INFO scraper_client.services.account_orchestrator - no task available, sleep=10s
2026-04-26 21:21:03,304 INFO scraper_client.services.account_orchestrator - no task available, sleep=10s
2026-04-26 21:21:13,327 INFO scraper_client.services.account_orchestrator - no task available, sleep=10s
2026-04-26 21:21:23,347 INFO scraper_client.services.account_orchestrator - no task available, sleep=10s
2026-04-26 21:21:33,368 INFO scraper_client.services.account_orchestrator - no task available, sleep=10s
2026-04-26 21:21:43,391 INFO scraper_client.services.account_orchestrator - no task available, sleep=10s
2026-04-26 21:21:53,413 INFO scraper_client.services.account_orchestrator - no task available, sleep=10s
2026-04-26 21:22:03,447 INFO scraper_client.services.account_orchestrator - no task available, sleep=10s
2026-04-26 21:22:13,484 INFO scraper_client.services.account_orchestrator - no task available, sleep=10s
2026-04-26 21:22:23,524 INFO scraper_client.services.account_orchestrator - no task available, sleep=10s
2026-04-26 21:22:33,558 INFO scraper_client.services.account_orchestrator - no task available, sleep=10s
2026-04-26 21:22:43,579 INFO scraper_client.services.account_orchestrator - no task available, sleep=10s
2026-04-26 21:22:53,593 INFO scraper_client.services.account_orchestrator - no task available, sleep=10s
2026-04-26 21:23:03,611 INFO scraper_client.services.account_orchestrator - no task available, sleep=10s
2026-04-26 21:23:13,630 INFO scraper_client.infra.jd.jd_scraper - jd scrape start account_id=1 account_name=钰谢-老板 max_pages=1
2026-04-26 21:23:13,632 INFO scraper_client.infra.browser.chrome_discovery - CDP endpoint resolved: http://127.0.0.1:9222
2026-04-26 21:23:23,187 INFO scraper_client.infra.jd.order_list_extractor - order list extracted orders=10 (total_item=18407 pages=1)
2026-04-26 21:23:23,188 INFO scraper_client.infra.jd.detail_extractor - detail extraction enriched_orders=10
2026-04-26 21:23:23,189 INFO scraper_client.infra.jd.jd_scraper - jd scrape done account_id=1 orders=10 items=10 price_info=10
2026-04-26 21:23:23,378 ERROR scraper_client.services.account_orchestrator - task failed account_id=1 round=8
Traceback (most recent call last):
  File "/Users/huangwenhua/company/安洋/dianshang-scraper-c/src/scraper_client/infra/server/internal_api_client.py", line 99, in _request_json
    with request.urlopen(req, timeout=self.timeout) as resp:
         ~~~~~~~~~~~~~~~^^^^^^^^^^^^^^^^^^^^^^^^^^^
  File "/Users/huangwenhua/.local/share/uv/python/cpython-3.14.3-macos-aarch64-none/lib/python3.14/urllib/request.py", line 187, in urlopen
    return opener.open(url, data, timeout)
           ~~~~~~~~~~~^^^^^^^^^^^^^^^^^^^^
  File "/Users/huangwenhua/.local/share/uv/python/cpython-3.14.3-macos-aarch64-none/lib/python3.14/urllib/request.py", line 493, in open
    response = meth(req, response)
  File "/Users/huangwenhua/.local/share/uv/python/cpython-3.14.3-macos-aarch64-none/lib/python3.14/urllib/request.py", line 602, in http_response
    response = self.parent.error(
        'http', request, response, code, msg, hdrs)
  File "/Users/huangwenhua/.local/share/uv/python/cpython-3.14.3-macos-aarch64-none/lib/python3.14/urllib/request.py", line 531, in error
    return self._call_chain(*args)
           ~~~~~~~~~~~~~~~~^^^^^^^
  File "/Users/huangwenhua/.local/share/uv/python/cpython-3.14.3-macos-aarch64-none/lib/python3.14/urllib/request.py", line 464, in _call_chain
    result = func(*args)
  File "/Users/huangwenhua/.local/share/uv/python/cpython-3.14.3-macos-aarch64-none/lib/python3.14/urllib/request.py", line 611, in http_error_default
    raise HTTPError(req.full_url, code, msg, hdrs, fp)
urllib.error.HTTPError: HTTP Error 500: Internal Server Error

The above exception was the direct cause of the following exception:

Traceback (most recent call last):
  File "/Users/huangwenhua/company/安洋/dianshang-scraper-c/src/scraper_client/services/account_orchestrator.py", line 184, in execute_task
    self.result_uploader.upload(
    ~~~~~~~~~~~~~~~~~~~~~~~~~~~^
        round_no=round_no,
        ^^^^^^^^^^^^^^^^^^
    ...<5 lines>...
        price_info=price_info,
        ^^^^^^^^^^^^^^^^^^^^^^
    )
    ^
  File "/Users/huangwenhua/company/安洋/dianshang-scraper-c/src/scraper_client/services/result_uploader.py", line 24, in upload
    return self.api_client.upload_results(
           ~~~~~~~~~~~~~~~~~~~~~~~~~~~~~~^
        round_no=round_no,
        ^^^^^^^^^^^^^^^^^^
    ...<5 lines>...
        price_info=price_info,
        ^^^^^^^^^^^^^^^^^^^^^^
    )
    ^
  File "/Users/huangwenhua/company/安洋/dianshang-scraper-c/src/scraper_client/infra/server/internal_api_client.py", line 43, in upload_results
    data = self._request_json("POST", "/internal/scraper/results/upload", payload)
  File "/Users/huangwenhua/company/安洋/dianshang-scraper-c/src/scraper_client/infra/server/internal_api_client.py", line 103, in _request_json
    raise RuntimeError(f"internal api error {exc.code}: {detail}") from exc
RuntimeError: internal api error 500: {"detail":"Failed to upload results: (pymysql.err.OperationalError) (1292, \"Incorrect datetime value: '2026-04-26T13:22:49Z' for column 'platform_create_time' at row 1\")\n[SQL: INSERT INTO orders (platform, shop_id, outer_order_id, openid, status, total_amount, product_count, receiver_name, receiver_phone, receiver_address, pay_time, platform_create_time, platform_update_time, raw_data, uniform_status, ad_cost, employee_id, department_id, finder_id) VALUES (%(platform)s, %(shop_id)s, %(outer_order_id)s, %(openid)s, %(status)s, %(total_amount)s, %(product_count)s, %(receiver_name)s, %(receiver_phone)s, %(receiver_address)s, %(pay_time)s, %(platform_create_time)s, %(platform_update_time)s, %(raw_data)s, %(uniform_status)s, %(ad_cost)s, %(employee_id)s, %(department_id)s, %(finder_id)s)]\n[parameters: {'platform': 'JINGDONG', 'shop_id': 6, 'outer_order_id': '3480202014912545', 'openid': 'wdjDWUTuMXLoua', 'status': '2', 'total_amount': 5990, 'product_count': 1, 'receiver_name': '暘**', 'receiver_phone': '1******9958', 'receiver_address': '湖南常德市桃源县**********', 'pay_time': None, 'platform_create_time': '2026-04-26T13:22:49Z', 'platform_update_time': None, 'raw_data': '{\"userPin\": \"wdjDWUTuMXLoua\", \"orderType\": 22, \"orderPromiseInfo\": {\"expChanged\": false, \"orderWarningDesc\": \"\\\\u4e70\\\\u5bb6\\\\u672a\\\\u4ed8\\\\u6b3e\\\\uf ... (3380 characters truncated) ...  59.9, \"freight\": 0.0, \"paymentTypeName\": \"\\\\u5728\\\\u7ebf\\\\u652f\\\\u4ed8\", \"receivables\": 59.9, \"commission\": 0.0, \"orderSum\": 0.0, \"paymentType\": 4}}', 'uniform_status': 'SHIPPED', 'ad_cost': 0, 'employee_id': None, 'department_id': None, 'finder_id': None}]\n(Background on this error at: https://sqlalche.me/e/20/e3q8)"}
2026-04-26 21:23:53,439 INFO scraper_client.services.account_orchestrator - no task available, sleep=10s
2026-04-26 21:24:03,466 INFO scraper_client.services.account_orchestrator - no task available, sleep=10s
2026-04-26 21:24:13,485 INFO scraper_client.services.account_orchestrator - no task available, sleep=10s
2026-04-26 21:24:23,519 INFO scraper_client.infra.jd.jd_scraper - jd scrape start account_id=2 account_name=顺成-Z max_pages=1
2026-04-26 21:24:32,905 INFO scraper_client.infra.jd.order_list_extractor - order list extracted orders=10 (total_item=18409 pages=1)
2026-04-26 21:24:32,906 INFO scraper_client.infra.jd.detail_extractor - detail extraction enriched_orders=10
2026-04-26 21:24:32,906 INFO scraper_client.infra.jd.jd_scraper - jd scrape done account_id=2 orders=10 items=10 price_info=10
2026-04-26 21:24:33,121 ERROR scraper_client.services.account_orchestrator - task failed account_id=2 round=9
Traceback (most recent call last):
  File "/Users/huangwenhua/company/安洋/dianshang-scraper-c/src/scraper_client/infra/server/internal_api_client.py", line 99, in _request_json
    with request.urlopen(req, timeout=self.timeout) as resp:
         ~~~~~~~~~~~~~~~^^^^^^^^^^^^^^^^^^^^^^^^^^^
  File "/Users/huangwenhua/.local/share/uv/python/cpython-3.14.3-macos-aarch64-none/lib/python3.14/urllib/request.py", line 187, in urlopen
    return opener.open(url, data, timeout)
           ~~~~~~~~~~~^^^^^^^^^^^^^^^^^^^^
  File "/Users/huangwenhua/.local/share/uv/python/cpython-3.14.3-macos-aarch64-none/lib/python3.14/urllib/request.py", line 493, in open
    response = meth(req, response)
  File "/Users/huangwenhua/.local/share/uv/python/cpython-3.14.3-macos-aarch64-none/lib/python3.14/urllib/request.py", line 602, in http_response
    response = self.parent.error(
        'http', request, response, code, msg, hdrs)
  File "/Users/huangwenhua/.local/share/uv/python/cpython-3.14.3-macos-aarch64-none/lib/python3.14/urllib/request.py", line 531, in error
    return self._call_chain(*args)
           ~~~~~~~~~~~~~~~~^^^^^^^
  File "/Users/huangwenhua/.local/share/uv/python/cpython-3.14.3-macos-aarch64-none/lib/python3.14/urllib/request.py", line 464, in _call_chain
    result = func(*args)
  File "/Users/huangwenhua/.local/share/uv/python/cpython-3.14.3-macos-aarch64-none/lib/python3.14/urllib/request.py", line 611, in http_error_default
    raise HTTPError(req.full_url, code, msg, hdrs, fp)
urllib.error.HTTPError: HTTP Error 500: Internal Server Error

The above exception was the direct cause of the following exception:

Traceback (most recent call last):
  File "/Users/huangwenhua/company/安洋/dianshang-scraper-c/src/scraper_client/services/account_orchestrator.py", line 184, in execute_task
    self.result_uploader.upload(
    ~~~~~~~~~~~~~~~~~~~~~~~~~~~^
        round_no=round_no,
        ^^^^^^^^^^^^^^^^^^
    ...<5 lines>...
        price_info=price_info,
        ^^^^^^^^^^^^^^^^^^^^^^
    )
    ^
  File "/Users/huangwenhua/company/安洋/dianshang-scraper-c/src/scraper_client/services/result_uploader.py", line 24, in upload
    return self.api_client.upload_results(
           ~~~~~~~~~~~~~~~~~~~~~~~~~~~~~~^
        round_no=round_no,
        ^^^^^^^^^^^^^^^^^^
    ...<5 lines>...
        price_info=price_info,
        ^^^^^^^^^^^^^^^^^^^^^^
    )
    ^
  File "/Users/huangwenhua/company/安洋/dianshang-scraper-c/src/scraper_client/infra/server/internal_api_client.py", line 43, in upload_results
    data = self._request_json("POST", "/internal/scraper/results/upload", payload)
  File "/Users/huangwenhua/company/安洋/dianshang-scraper-c/src/scraper_client/infra/server/internal_api_client.py", line 103, in _request_json
    raise RuntimeError(f"internal api error {exc.code}: {detail}") from exc
RuntimeError: internal api error 500: {"detail":"Failed to upload results: (pymysql.err.OperationalError) (1292, \"Incorrect datetime value: '2026-04-26T13:24:20Z' for column 'platform_create_time' at row 1\")\n[SQL: INSERT INTO orders (platform, shop_id, outer_order_id, openid, status, total_amount, product_count, receiver_name, receiver_phone, receiver_address, pay_time, platform_create_time, platform_update_time, raw_data, uniform_status, ad_cost, employee_id, department_id, finder_id) VALUES (%(platform)s, %(shop_id)s, %(outer_order_id)s, %(openid)s, %(status)s, %(total_amount)s, %(product_count)s, %(receiver_name)s, %(receiver_phone)s, %(receiver_address)s, %(pay_time)s, %(platform_create_time)s, %(platform_update_time)s, %(raw_data)s, %(uniform_status)s, %(ad_cost)s, %(employee_id)s, %(department_id)s, %(finder_id)s)]\n[parameters: {'platform': 'JINGDONG', 'shop_id': 7, 'outer_order_id': '3480287014894231', 'openid': 'jd_TsasZripalOX', 'status': '2', 'total_amount': 5990, 'product_count': 1, 'receiver_name': '关**', 'receiver_phone': '1******4260', 'receiver_address': '辽宁辽阳市白塔区**********', 'pay_time': None, 'platform_create_time': '2026-04-26T13:24:20Z', 'platform_update_time': None, 'raw_data': '{\"userPin\": \"jd_TsasZripalOX\", \"orderType\": 22, \"orderPromiseInfo\": {\"expChanged\": false, \"orderWarningDesc\": \"\\\\u4e70\\\\u5bb6\\\\u672a\\\\u4ed8\\\\u6b3e\\\\u ... (3380 characters truncated) ...  59.9, \"freight\": 0.0, \"paymentTypeName\": \"\\\\u5728\\\\u7ebf\\\\u652f\\\\u4ed8\", \"receivables\": 59.9, \"commission\": 0.0, \"orderSum\": 0.0, \"paymentType\": 4}}', 'uniform_status': 'SHIPPED', 'ad_cost': 0, 'employee_id': None, 'department_id': None, 'finder_id': None}]\n(Background on this error at: https://sqlalche.me/e/20/e3q8)"}
2026-04-26 21:25:03,184 INFO scraper_client.infra.jd.jd_scraper - jd scrape start account_id=2 account_name=顺成-Z max_pages=1
2026-04-26 21:25:12,138 INFO scraper_client.infra.jd.order_list_extractor - order list extracted orders=10 (total_item=18409 pages=1)
2026-04-26 21:25:12,139 INFO scraper_client.infra.jd.detail_extractor - detail extraction enriched_orders=10
2026-04-26 21:25:12,142 INFO scraper_client.infra.jd.jd_scraper - jd scrape done account_id=2 orders=10 items=10 price_info=10
2026-04-26 21:25:12,391 ERROR scraper_client.services.account_orchestrator - task failed account_id=2 round=10
Traceback (most recent call last):
  File "/Users/huangwenhua/company/安洋/dianshang-scraper-c/src/scraper_client/infra/server/internal_api_client.py", line 99, in _request_json
    with request.urlopen(req, timeout=self.timeout) as resp:
         ~~~~~~~~~~~~~~~^^^^^^^^^^^^^^^^^^^^^^^^^^^
  File "/Users/huangwenhua/.local/share/uv/python/cpython-3.14.3-macos-aarch64-none/lib/python3.14/urllib/request.py", line 187, in urlopen
    return opener.open(url, data, timeout)
           ~~~~~~~~~~~^^^^^^^^^^^^^^^^^^^^
  File "/Users/huangwenhua/.local/share/uv/python/cpython-3.14.3-macos-aarch64-none/lib/python3.14/urllib/request.py", line 493, in open
    response = meth(req, response)
  File "/Users/huangwenhua/.local/share/uv/python/cpython-3.14.3-macos-aarch64-none/lib/python3.14/urllib/request.py", line 602, in http_response
    response = self.parent.error(
        'http', request, response, code, msg, hdrs)
  File "/Users/huangwenhua/.local/share/uv/python/cpython-3.14.3-macos-aarch64-none/lib/python3.14/urllib/request.py", line 531, in error
    return self._call_chain(*args)
           ~~~~~~~~~~~~~~~~^^^^^^^
  File "/Users/huangwenhua/.local/share/uv/python/cpython-3.14.3-macos-aarch64-none/lib/python3.14/urllib/request.py", line 464, in _call_chain
    result = func(*args)
  File "/Users/huangwenhua/.local/share/uv/python/cpython-3.14.3-macos-aarch64-none/lib/python3.14/urllib/request.py", line 611, in http_error_default
    raise HTTPError(req.full_url, code, msg, hdrs, fp)
urllib.error.HTTPError: HTTP Error 500: Internal Server Error

The above exception was the direct cause of the following exception:

Traceback (most recent call last):
  File "/Users/huangwenhua/company/安洋/dianshang-scraper-c/src/scraper_client/services/account_orchestrator.py", line 184, in execute_task
    self.result_uploader.upload(
    ~~~~~~~~~~~~~~~~~~~~~~~~~~~^
        round_no=round_no,
        ^^^^^^^^^^^^^^^^^^
    ...<5 lines>...
        price_info=price_info,
        ^^^^^^^^^^^^^^^^^^^^^^
    )
    ^
  File "/Users/huangwenhua/company/安洋/dianshang-scraper-c/src/scraper_client/services/result_uploader.py", line 24, in upload
    return self.api_client.upload_results(
           ~~~~~~~~~~~~~~~~~~~~~~~~~~~~~~^
        round_no=round_no,
        ^^^^^^^^^^^^^^^^^^
    ...<5 lines>...
        price_info=price_info,
        ^^^^^^^^^^^^^^^^^^^^^^
    )
    ^
  File "/Users/huangwenhua/company/安洋/dianshang-scraper-c/src/scraper_client/infra/server/internal_api_client.py", line 43, in upload_results
    data = self._request_json("POST", "/internal/scraper/results/upload", payload)
  File "/Users/huangwenhua/company/安洋/dianshang-scraper-c/src/scraper_client/infra/server/internal_api_client.py", line 103, in _request_json
    raise RuntimeError(f"internal api error {exc.code}: {detail}") from exc
RuntimeError: internal api error 500: {"detail":"Failed to upload results: (pymysql.err.OperationalError) (1292, \"Incorrect datetime value: '2026-04-26T13:24:20Z' for column 'platform_create_time' at row 1\")\n[SQL: INSERT INTO orders (platform, shop_id, outer_order_id, openid, status, total_amount, product_count, receiver_name, receiver_phone, receiver_address, pay_time, platform_create_time, platform_update_time, raw_data, uniform_status, ad_cost, employee_id, department_id, finder_id) VALUES (%(platform)s, %(shop_id)s, %(outer_order_id)s, %(openid)s, %(status)s, %(total_amount)s, %(product_count)s, %(receiver_name)s, %(receiver_phone)s, %(receiver_address)s, %(pay_time)s, %(platform_create_time)s, %(platform_update_time)s, %(raw_data)s, %(uniform_status)s, %(ad_cost)s, %(employee_id)s, %(department_id)s, %(finder_id)s)]\n[parameters: {'platform': 'JINGDONG', 'shop_id': 7, 'outer_order_id': '3480287014894231', 'openid': 'jd_TsasZripalOX', 'status': '2', 'total_amount': 5990, 'product_count': 1, 'receiver_name': '关**', 'receiver_phone': '1******4260', 'receiver_address': '辽宁辽阳市白塔区**********', 'pay_time': None, 'platform_create_time': '2026-04-26T13:24:20Z', 'platform_update_time': None, 'raw_data': '{\"userPin\": \"jd_TsasZripalOX\", \"orderType\": 22, \"orderPromiseInfo\": {\"expChanged\": false, \"orderWarningDesc\": \"\\\\u4e70\\\\u5bb6\\\\u672a\\\\u4ed8\\\\u6b3e\\\\u ... (3380 characters truncated) ...  59.9, \"freight\": 0.0, \"paymentTypeName\": \"\\\\u5728\\\\u7ebf\\\\u652f\\\\u4ed8\", \"receivables\": 59.9, \"commission\": 0.0, \"orderSum\": 0.0, \"paymentType\": 4}}', 'uniform_status': 'SHIPPED', 'ad_cost': 0, 'employee_id': None, 'department_id': None, 'finder_id': None}]\n(Background on this error at: https://sqlalche.me/e/20/e3q8)"}
2026-04-26 21:25:42,423 INFO scraper_client.infra.jd.jd_scraper - jd scrape start account_id=2 account_name=顺成-Z max_pages=1
2026-04-26 21:25:51,599 INFO scraper_client.infra.jd.order_list_extractor - order list extracted orders=10 (total_item=18409 pages=1)
2026-04-26 21:25:51,602 INFO scraper_client.infra.jd.detail_extractor - detail extraction enriched_orders=10
2026-04-26 21:25:51,603 INFO scraper_client.infra.jd.jd_scraper - jd scrape done account_id=2 orders=10 items=10 price_info=10
2026-04-26 21:25:51,823 ERROR scraper_client.services.account_orchestrator - task failed account_id=2 round=11
Traceback (most recent call last):
  File "/Users/huangwenhua/company/安洋/dianshang-scraper-c/src/scraper_client/infra/server/internal_api_client.py", line 99, in _request_json
    with request.urlopen(req, timeout=self.timeout) as resp:
         ~~~~~~~~~~~~~~~^^^^^^^^^^^^^^^^^^^^^^^^^^^
  File "/Users/huangwenhua/.local/share/uv/python/cpython-3.14.3-macos-aarch64-none/lib/python3.14/urllib/request.py", line 187, in urlopen
    return opener.open(url, data, timeout)
           ~~~~~~~~~~~^^^^^^^^^^^^^^^^^^^^
  File "/Users/huangwenhua/.local/share/uv/python/cpython-3.14.3-macos-aarch64-none/lib/python3.14/urllib/request.py", line 493, in open
    response = meth(req, response)
  File "/Users/huangwenhua/.local/share/uv/python/cpython-3.14.3-macos-aarch64-none/lib/python3.14/urllib/request.py", line 602, in http_response
    response = self.parent.error(
        'http', request, response, code, msg, hdrs)
  File "/Users/huangwenhua/.local/share/uv/python/cpython-3.14.3-macos-aarch64-none/lib/python3.14/urllib/request.py", line 531, in error
    return self._call_chain(*args)
           ~~~~~~~~~~~~~~~~^^^^^^^
  File "/Users/huangwenhua/.local/share/uv/python/cpython-3.14.3-macos-aarch64-none/lib/python3.14/urllib/request.py", line 464, in _call_chain
    result = func(*args)
  File "/Users/huangwenhua/.local/share/uv/python/cpython-3.14.3-macos-aarch64-none/lib/python3.14/urllib/request.py", line 611, in http_error_default
    raise HTTPError(req.full_url, code, msg, hdrs, fp)
urllib.error.HTTPError: HTTP Error 500: Internal Server Error

The above exception was the direct cause of the following exception:

Traceback (most recent call last):
  File "/Users/huangwenhua/company/安洋/dianshang-scraper-c/src/scraper_client/services/account_orchestrator.py", line 184, in execute_task
    self.result_uploader.upload(
    ~~~~~~~~~~~~~~~~~~~~~~~~~~~^
        round_no=round_no,
        ^^^^^^^^^^^^^^^^^^
    ...<5 lines>...
        price_info=price_info,
        ^^^^^^^^^^^^^^^^^^^^^^
    )
    ^
  File "/Users/huangwenhua/company/安洋/dianshang-scraper-c/src/scraper_client/services/result_uploader.py", line 24, in upload
    return self.api_client.upload_results(
           ~~~~~~~~~~~~~~~~~~~~~~~~~~~~~~^
        round_no=round_no,
        ^^^^^^^^^^^^^^^^^^
    ...<5 lines>...
        price_info=price_info,
        ^^^^^^^^^^^^^^^^^^^^^^
    )
    ^
  File "/Users/huangwenhua/company/安洋/dianshang-scraper-c/src/scraper_client/infra/server/internal_api_client.py", line 43, in upload_results
    data = self._request_json("POST", "/internal/scraper/results/upload", payload)
  File "/Users/huangwenhua/company/安洋/dianshang-scraper-c/src/scraper_client/infra/server/internal_api_client.py", line 103, in _request_json
    raise RuntimeError(f"internal api error {exc.code}: {detail}") from exc
RuntimeError: internal api error 500: {"detail":"Failed to upload results: (pymysql.err.OperationalError) (1292, \"Incorrect datetime value: '2026-04-26T13:24:20Z' for column 'platform_create_time' at row 1\")\n[SQL: INSERT INTO orders (platform, shop_id, outer_order_id, openid, status, total_amount, product_count, receiver_name, receiver_phone, receiver_address, pay_time, platform_create_time, platform_update_time, raw_data, uniform_status, ad_cost, employee_id, department_id, finder_id) VALUES (%(platform)s, %(shop_id)s, %(outer_order_id)s, %(openid)s, %(status)s, %(total_amount)s, %(product_count)s, %(receiver_name)s, %(receiver_phone)s, %(receiver_address)s, %(pay_time)s, %(platform_create_time)s, %(platform_update_time)s, %(raw_data)s, %(uniform_status)s, %(ad_cost)s, %(employee_id)s, %(department_id)s, %(finder_id)s)]\n[parameters: {'platform': 'JINGDONG', 'shop_id': 7, 'outer_order_id': '3480287014894231', 'openid': 'jd_TsasZripalOX', 'status': '2', 'total_amount': 5990, 'product_count': 1, 'receiver_name': '关**', 'receiver_phone': '1******4260', 'receiver_address': '辽宁辽阳市白塔区**********', 'pay_time': None, 'platform_create_time': '2026-04-26T13:24:20Z', 'platform_update_time': None, 'raw_data': '{\"userPin\": \"jd_TsasZripalOX\", \"orderType\": 22, \"orderPromiseInfo\": {\"expChanged\": false, \"orderWarningDesc\": \"\\\\u4e70\\\\u5bb6\\\\u672a\\\\u4ed8\\\\u6b3e\\\\u ... (3380 characters truncated) ...  59.9, \"freight\": 0.0, \"paymentTypeName\": \"\\\\u5728\\\\u7ebf\\\\u652f\\\\u4ed8\", \"receivables\": 59.9, \"commission\": 0.0, \"orderSum\": 0.0, \"paymentType\": 4}}', 'uniform_status': 'SHIPPED', 'ad_cost': 0, 'employee_id': None, 'department_id': None, 'finder_id': None}]\n(Background on this error at: https://sqlalche.me/e/20/e3q8)"}
2026-04-26 21:26:21,857 INFO scraper_client.services.account_orchestrator - no task available, sleep=10s
2026-04-26 21:26:28,992 INFO scraper_client.app.main - scraper-client starting command=start client_id=scraper-client-local
2026-04-26 21:26:28,992 INFO scraper_client.app.main - log file: /Users/huangwenhua/company/安洋/dianshang-scraper-c/logs/scraper-client-local.log
2026-04-26 21:26:29,007 INFO scraper_client.services.account_orchestrator - no task available, sleep=10s
2026-04-26 21:26:31,870 INFO scraper_client.services.account_orchestrator - no task available, sleep=10s
2026-04-26 21:26:39,026 INFO scraper_client.services.account_orchestrator - no task available, sleep=10s
2026-04-26 21:26:41,884 INFO scraper_client.services.account_orchestrator - no task available, sleep=10s
2026-04-26 21:26:49,045 INFO scraper_client.services.account_orchestrator - no task available, sleep=10s
2026-04-26 21:26:51,899 INFO scraper_client.services.account_orchestrator - no task available, sleep=10s
2026-04-26 21:26:59,062 INFO scraper_client.services.account_orchestrator - no task available, sleep=10s
2026-04-26 21:27:01,909 INFO scraper_client.services.account_orchestrator - no task available, sleep=10s
2026-04-26 21:27:09,083 INFO scraper_client.infra.jd.jd_scraper - jd scrape start account_id=1 account_name=钰谢-老板 max_pages=1
2026-04-26 21:27:09,084 INFO scraper_client.infra.browser.chrome_discovery - CDP endpoint resolved: http://127.0.0.1:9222
2026-04-26 21:27:11,925 INFO scraper_client.services.account_orchestrator - no task available, sleep=10s
2026-04-26 21:27:18,455 INFO scraper_client.infra.jd.order_list_extractor - order list extracted orders=10 (total_item=18412 pages=1)
2026-04-26 21:27:18,455 INFO scraper_client.infra.jd.detail_extractor - detail extraction enriched_orders=10
2026-04-26 21:27:18,456 INFO scraper_client.infra.jd.jd_scraper - jd scrape done account_id=1 orders=10 items=10 price_info=10
2026-04-26 21:27:18,652 ERROR scraper_client.services.account_orchestrator - task failed account_id=1 round=12
Traceback (most recent call last):
  File "/Users/huangwenhua/company/安洋/dianshang-scraper-c/src/scraper_client/infra/server/internal_api_client.py", line 99, in _request_json
    with request.urlopen(req, timeout=self.timeout) as resp:
         ~~~~~~~~~~~~~~~^^^^^^^^^^^^^^^^^^^^^^^^^^^
  File "/Users/huangwenhua/.local/share/uv/python/cpython-3.14.3-macos-aarch64-none/lib/python3.14/urllib/request.py", line 187, in urlopen
    return opener.open(url, data, timeout)
           ~~~~~~~~~~~^^^^^^^^^^^^^^^^^^^^
  File "/Users/huangwenhua/.local/share/uv/python/cpython-3.14.3-macos-aarch64-none/lib/python3.14/urllib/request.py", line 493, in open
    response = meth(req, response)
  File "/Users/huangwenhua/.local/share/uv/python/cpython-3.14.3-macos-aarch64-none/lib/python3.14/urllib/request.py", line 602, in http_response
    response = self.parent.error(
        'http', request, response, code, msg, hdrs)
  File "/Users/huangwenhua/.local/share/uv/python/cpython-3.14.3-macos-aarch64-none/lib/python3.14/urllib/request.py", line 531, in error
    return self._call_chain(*args)
           ~~~~~~~~~~~~~~~~^^^^^^^
  File "/Users/huangwenhua/.local/share/uv/python/cpython-3.14.3-macos-aarch64-none/lib/python3.14/urllib/request.py", line 464, in _call_chain
    result = func(*args)
  File "/Users/huangwenhua/.local/share/uv/python/cpython-3.14.3-macos-aarch64-none/lib/python3.14/urllib/request.py", line 611, in http_error_default
    raise HTTPError(req.full_url, code, msg, hdrs, fp)
urllib.error.HTTPError: HTTP Error 500: Internal Server Error

The above exception was the direct cause of the following exception:

Traceback (most recent call last):
  File "/Users/huangwenhua/company/安洋/dianshang-scraper-c/src/scraper_client/services/account_orchestrator.py", line 184, in execute_task
    self.result_uploader.upload(
    ~~~~~~~~~~~~~~~~~~~~~~~~~~~^
        round_no=round_no,
        ^^^^^^^^^^^^^^^^^^
    ...<5 lines>...
        price_info=price_info,
        ^^^^^^^^^^^^^^^^^^^^^^
    )
    ^
  File "/Users/huangwenhua/company/安洋/dianshang-scraper-c/src/scraper_client/services/result_uploader.py", line 24, in upload
    return self.api_client.upload_results(
           ~~~~~~~~~~~~~~~~~~~~~~~~~~~~~~^
        round_no=round_no,
        ^^^^^^^^^^^^^^^^^^
    ...<5 lines>...
        price_info=price_info,
        ^^^^^^^^^^^^^^^^^^^^^^
    )
    ^
  File "/Users/huangwenhua/company/安洋/dianshang-scraper-c/src/scraper_client/infra/server/internal_api_client.py", line 43, in upload_results
    data = self._request_json("POST", "/internal/scraper/results/upload", payload)
  File "/Users/huangwenhua/company/安洋/dianshang-scraper-c/src/scraper_client/infra/server/internal_api_client.py", line 103, in _request_json
    raise RuntimeError(f"internal api error {exc.code}: {detail}") from exc
RuntimeError: internal api error 500: {"detail":"Failed to upload results: (pymysql.err.OperationalError) (1292, \"Incorrect datetime value: '2026-04-26T13:27:02Z' for column 'platform_create_time' at row 1\")\n[SQL: INSERT INTO orders (platform, shop_id, outer_order_id, openid, status, total_amount, product_count, receiver_name, receiver_phone, receiver_address, pay_time, platform_create_time, platform_update_time, raw_data, uniform_status, ad_cost, employee_id, department_id, finder_id) VALUES (%(platform)s, %(shop_id)s, %(outer_order_id)s, %(openid)s, %(status)s, %(total_amount)s, %(product_count)s, %(receiver_name)s, %(receiver_phone)s, %(receiver_address)s, %(pay_time)s, %(platform_create_time)s, %(platform_update_time)s, %(raw_data)s, %(uniform_status)s, %(ad_cost)s, %(employee_id)s, %(department_id)s, %(finder_id)s)]\n[parameters: {'platform': 'JINGDONG', 'shop_id': 6, 'outer_order_id': '3480215007411792', 'openid': 'wdPGaGzemIoIdB', 'status': '2', 'total_amount': 5990, 'product_count': 1, 'receiver_name': '余**', 'receiver_phone': '1******3336', 'receiver_address': '安徽宣城市广德市**********', 'pay_time': None, 'platform_create_time': '2026-04-26T13:27:02Z', 'platform_update_time': None, 'raw_data': '{\"userPin\": \"wdPGaGzemIoIdB\", \"orderType\": 22, \"orderPromiseInfo\": {\"expChanged\": false, \"orderWarningDesc\": \"\\\\u4e70\\\\u5bb6\\\\u672a\\\\u4ed8\\\\u6b3e\\\\uf ... (3380 characters truncated) ...  59.9, \"freight\": 0.0, \"paymentTypeName\": \"\\\\u5728\\\\u7ebf\\\\u652f\\\\u4ed8\", \"receivables\": 59.9, \"commission\": 0.0, \"orderSum\": 0.0, \"paymentType\": 4}}', 'uniform_status': 'SHIPPED', 'ad_cost': 0, 'employee_id': None, 'department_id': None, 'finder_id': None}]\n(Background on this error at: https://sqlalche.me/e/20/e3q8)"}
2026-04-26 21:27:21,969 INFO scraper_client.infra.jd.jd_scraper - jd scrape start account_id=2 account_name=顺成-Z max_pages=1
2026-04-26 21:27:30,816 INFO scraper_client.infra.jd.order_list_extractor - order list extracted orders=10 (total_item=18412 pages=1)
2026-04-26 21:27:30,817 INFO scraper_client.infra.jd.detail_extractor - detail extraction enriched_orders=10
2026-04-26 21:27:30,817 INFO scraper_client.infra.jd.jd_scraper - jd scrape done account_id=2 orders=10 items=10 price_info=10
2026-04-26 21:27:31,006 ERROR scraper_client.services.account_orchestrator - task failed account_id=2 round=13
Traceback (most recent call last):
  File "/Users/huangwenhua/company/安洋/dianshang-scraper-c/src/scraper_client/infra/server/internal_api_client.py", line 99, in _request_json
    with request.urlopen(req, timeout=self.timeout) as resp:
         ~~~~~~~~~~~~~~~^^^^^^^^^^^^^^^^^^^^^^^^^^^
  File "/Users/huangwenhua/.local/share/uv/python/cpython-3.14.3-macos-aarch64-none/lib/python3.14/urllib/request.py", line 187, in urlopen
    return opener.open(url, data, timeout)
           ~~~~~~~~~~~^^^^^^^^^^^^^^^^^^^^
  File "/Users/huangwenhua/.local/share/uv/python/cpython-3.14.3-macos-aarch64-none/lib/python3.14/urllib/request.py", line 493, in open
    response = meth(req, response)
  File "/Users/huangwenhua/.local/share/uv/python/cpython-3.14.3-macos-aarch64-none/lib/python3.14/urllib/request.py", line 602, in http_response
    response = self.parent.error(
        'http', request, response, code, msg, hdrs)
  File "/Users/huangwenhua/.local/share/uv/python/cpython-3.14.3-macos-aarch64-none/lib/python3.14/urllib/request.py", line 531, in error
    return self._call_chain(*args)
           ~~~~~~~~~~~~~~~~^^^^^^^
  File "/Users/huangwenhua/.local/share/uv/python/cpython-3.14.3-macos-aarch64-none/lib/python3.14/urllib/request.py", line 464, in _call_chain
    result = func(*args)
  File "/Users/huangwenhua/.local/share/uv/python/cpython-3.14.3-macos-aarch64-none/lib/python3.14/urllib/request.py", line 611, in http_error_default
    raise HTTPError(req.full_url, code, msg, hdrs, fp)
urllib.error.HTTPError: HTTP Error 500: Internal Server Error

The above exception was the direct cause of the following exception:

Traceback (most recent call last):
  File "/Users/huangwenhua/company/安洋/dianshang-scraper-c/src/scraper_client/services/account_orchestrator.py", line 184, in execute_task
    self.result_uploader.upload(
    ~~~~~~~~~~~~~~~~~~~~~~~~~~~^
        round_no=round_no,
        ^^^^^^^^^^^^^^^^^^
    ...<5 lines>...
        price_info=price_info,
        ^^^^^^^^^^^^^^^^^^^^^^
    )
    ^
  File "/Users/huangwenhua/company/安洋/dianshang-scraper-c/src/scraper_client/services/result_uploader.py", line 24, in upload
    return self.api_client.upload_results(
           ~~~~~~~~~~~~~~~~~~~~~~~~~~~~~~^
        round_no=round_no,
        ^^^^^^^^^^^^^^^^^^
    ...<5 lines>...
        price_info=price_info,
        ^^^^^^^^^^^^^^^^^^^^^^
    )
    ^
  File "/Users/huangwenhua/company/安洋/dianshang-scraper-c/src/scraper_client/infra/server/internal_api_client.py", line 43, in upload_results
    data = self._request_json("POST", "/internal/scraper/results/upload", payload)
  File "/Users/huangwenhua/company/安洋/dianshang-scraper-c/src/scraper_client/infra/server/internal_api_client.py", line 103, in _request_json
    raise RuntimeError(f"internal api error {exc.code}: {detail}") from exc
RuntimeError: internal api error 500: {"detail":"Failed to upload results: (pymysql.err.OperationalError) (1292, \"Incorrect datetime value: '2026-04-26T13:27:02Z' for column 'platform_create_time' at row 1\")\n[SQL: INSERT INTO orders (platform, shop_id, outer_order_id, openid, status, total_amount, product_count, receiver_name, receiver_phone, receiver_address, pay_time, platform_create_time, platform_update_time, raw_data, uniform_status, ad_cost, employee_id, department_id, finder_id) VALUES (%(platform)s, %(shop_id)s, %(outer_order_id)s, %(openid)s, %(status)s, %(total_amount)s, %(product_count)s, %(receiver_name)s, %(receiver_phone)s, %(receiver_address)s, %(pay_time)s, %(platform_create_time)s, %(platform_update_time)s, %(raw_data)s, %(uniform_status)s, %(ad_cost)s, %(employee_id)s, %(department_id)s, %(finder_id)s)]\n[parameters: {'platform': 'JINGDONG', 'shop_id': 7, 'outer_order_id': '3480215007411792', 'openid': 'wdPGaGzemIoIdB', 'status': '2', 'total_amount': 5990, 'product_count': 1, 'receiver_name': '余**', 'receiver_phone': '1******3336', 'receiver_address': '安徽宣城市广德市**********', 'pay_time': None, 'platform_create_time': '2026-04-26T13:27:02Z', 'platform_update_time': None, 'raw_data': '{\"userPin\": \"wdPGaGzemIoIdB\", \"orderType\": 22, \"orderPromiseInfo\": {\"expChanged\": false, \"orderWarningDesc\": \"\\\\u4e70\\\\u5bb6\\\\u672a\\\\u4ed8\\\\u6b3e\\\\uf ... (3380 characters truncated) ...  59.9, \"freight\": 0.0, \"paymentTypeName\": \"\\\\u5728\\\\u7ebf\\\\u652f\\\\u4ed8\", \"receivables\": 59.9, \"commission\": 0.0, \"orderSum\": 0.0, \"paymentType\": 4}}', 'uniform_status': 'SHIPPED', 'ad_cost': 0, 'employee_id': None, 'department_id': None, 'finder_id': None}]\n(Background on this error at: https://sqlalche.me/e/20/e3q8)"}
2026-04-26 21:27:48,707 INFO scraper_client.infra.jd.jd_scraper - jd scrape start account_id=2 account_name=顺成-Z max_pages=1
2026-04-26 21:27:57,515 INFO scraper_client.infra.jd.order_list_extractor - order list extracted orders=10 (total_item=18412 pages=1)
2026-04-26 21:27:57,516 INFO scraper_client.infra.jd.detail_extractor - detail extraction enriched_orders=10
2026-04-26 21:27:57,516 INFO scraper_client.infra.jd.jd_scraper - jd scrape done account_id=2 orders=10 items=10 price_info=10
2026-04-26 21:27:57,678 ERROR scraper_client.services.account_orchestrator - task failed account_id=2 round=14
Traceback (most recent call last):
  File "/Users/huangwenhua/company/安洋/dianshang-scraper-c/src/scraper_client/infra/server/internal_api_client.py", line 99, in _request_json
    with request.urlopen(req, timeout=self.timeout) as resp:
         ~~~~~~~~~~~~~~~^^^^^^^^^^^^^^^^^^^^^^^^^^^
  File "/Users/huangwenhua/.local/share/uv/python/cpython-3.14.3-macos-aarch64-none/lib/python3.14/urllib/request.py", line 187, in urlopen
    return opener.open(url, data, timeout)
           ~~~~~~~~~~~^^^^^^^^^^^^^^^^^^^^
  File "/Users/huangwenhua/.local/share/uv/python/cpython-3.14.3-macos-aarch64-none/lib/python3.14/urllib/request.py", line 493, in open
    response = meth(req, response)
  File "/Users/huangwenhua/.local/share/uv/python/cpython-3.14.3-macos-aarch64-none/lib/python3.14/urllib/request.py", line 602, in http_response
    response = self.parent.error(
        'http', request, response, code, msg, hdrs)
  File "/Users/huangwenhua/.local/share/uv/python/cpython-3.14.3-macos-aarch64-none/lib/python3.14/urllib/request.py", line 531, in error
    return self._call_chain(*args)
           ~~~~~~~~~~~~~~~~^^^^^^^
  File "/Users/huangwenhua/.local/share/uv/python/cpython-3.14.3-macos-aarch64-none/lib/python3.14/urllib/request.py", line 464, in _call_chain
    result = func(*args)
  File "/Users/huangwenhua/.local/share/uv/python/cpython-3.14.3-macos-aarch64-none/lib/python3.14/urllib/request.py", line 611, in http_error_default
    raise HTTPError(req.full_url, code, msg, hdrs, fp)
urllib.error.HTTPError: HTTP Error 500: Internal Server Error

The above exception was the direct cause of the following exception:

Traceback (most recent call last):
  File "/Users/huangwenhua/company/安洋/dianshang-scraper-c/src/scraper_client/services/account_orchestrator.py", line 184, in execute_task
    self.result_uploader.upload(
    ~~~~~~~~~~~~~~~~~~~~~~~~~~~^
        round_no=round_no,
        ^^^^^^^^^^^^^^^^^^
    ...<5 lines>...
        price_info=price_info,
        ^^^^^^^^^^^^^^^^^^^^^^
    )
    ^
  File "/Users/huangwenhua/company/安洋/dianshang-scraper-c/src/scraper_client/services/result_uploader.py", line 24, in upload
    return self.api_client.upload_results(
           ~~~~~~~~~~~~~~~~~~~~~~~~~~~~~~^
        round_no=round_no,
        ^^^^^^^^^^^^^^^^^^
    ...<5 lines>...
        price_info=price_info,
        ^^^^^^^^^^^^^^^^^^^^^^
    )
    ^
  File "/Users/huangwenhua/company/安洋/dianshang-scraper-c/src/scraper_client/infra/server/internal_api_client.py", line 43, in upload_results
    data = self._request_json("POST", "/internal/scraper/results/upload", payload)
  File "/Users/huangwenhua/company/安洋/dianshang-scraper-c/src/scraper_client/infra/server/internal_api_client.py", line 103, in _request_json
    raise RuntimeError(f"internal api error {exc.code}: {detail}") from exc
RuntimeError: internal api error 500: {"detail":"Failed to upload results: (pymysql.err.OperationalError) (1292, \"Incorrect datetime value: '2026-04-26T13:27:02Z' for column 'platform_create_time' at row 1\")\n[SQL: INSERT INTO orders (platform, shop_id, outer_order_id, openid, status, total_amount, product_count, receiver_name, receiver_phone, receiver_address, pay_time, platform_create_time, platform_update_time, raw_data, uniform_status, ad_cost, employee_id, department_id, finder_id) VALUES (%(platform)s, %(shop_id)s, %(outer_order_id)s, %(openid)s, %(status)s, %(total_amount)s, %(product_count)s, %(receiver_name)s, %(receiver_phone)s, %(receiver_address)s, %(pay_time)s, %(platform_create_time)s, %(platform_update_time)s, %(raw_data)s, %(uniform_status)s, %(ad_cost)s, %(employee_id)s, %(department_id)s, %(finder_id)s)]\n[parameters: {'platform': 'JINGDONG', 'shop_id': 7, 'outer_order_id': '3480215007411792', 'openid': 'wdPGaGzemIoIdB', 'status': '8', 'total_amount': 5990, 'product_count': 1, 'receiver_name': '余**', 'receiver_phone': '1******3336', 'receiver_address': '安徽宣城市广德市**********', 'pay_time': None, 'platform_create_time': '2026-04-26T13:27:02Z', 'platform_update_time': '2026-04-26T13:27:37Z', 'raw_data': '{\"orderType\": 22, \"orderPromiseInfo\": {\"expChanged\": false, \"promiseShipDate\": 1777402800000}, \"orderId\": \"3480215007411792\", \"orderCreateTime\": 1777 ... (4152 characters truncated) ... 59.9, \"freight\": 0.0, \"paymentTypeName\": \"\\\\u5728\\\\u7ebf\\\\u652f\\\\u4ed8\", \"receivables\": 59.9, \"commission\": 0.0, \"orderSum\": 59.9, \"paymentType\": 4}}', 'uniform_status': 'UNKNOWN', 'ad_cost': 0, 'employee_id': None, 'department_id': None, 'finder_id': None}]\n(Background on this error at: https://sqlalche.me/e/20/e3q8)"}
2026-04-26 21:28:01,049 INFO scraper_client.infra.jd.jd_scraper - jd scrape start account_id=1 account_name=钰谢-老板 max_pages=1
2026-04-26 21:28:09,836 INFO scraper_client.infra.jd.order_list_extractor - order list extracted orders=10 (total_item=18412 pages=1)
2026-04-26 21:28:09,837 INFO scraper_client.infra.jd.detail_extractor - detail extraction enriched_orders=10
2026-04-26 21:28:09,837 INFO scraper_client.infra.jd.jd_scraper - jd scrape done account_id=1 orders=10 items=10 price_info=10
2026-04-26 21:28:10,012 ERROR scraper_client.services.account_orchestrator - task failed account_id=1 round=14
Traceback (most recent call last):
  File "/Users/huangwenhua/company/安洋/dianshang-scraper-c/src/scraper_client/infra/server/internal_api_client.py", line 99, in _request_json
    with request.urlopen(req, timeout=self.timeout) as resp:
         ~~~~~~~~~~~~~~~^^^^^^^^^^^^^^^^^^^^^^^^^^^
  File "/Users/huangwenhua/.local/share/uv/python/cpython-3.14.3-macos-aarch64-none/lib/python3.14/urllib/request.py", line 187, in urlopen
    return opener.open(url, data, timeout)
           ~~~~~~~~~~~^^^^^^^^^^^^^^^^^^^^
  File "/Users/huangwenhua/.local/share/uv/python/cpython-3.14.3-macos-aarch64-none/lib/python3.14/urllib/request.py", line 493, in open
    response = meth(req, response)
  File "/Users/huangwenhua/.local/share/uv/python/cpython-3.14.3-macos-aarch64-none/lib/python3.14/urllib/request.py", line 602, in http_response
    response = self.parent.error(
        'http', request, response, code, msg, hdrs)
  File "/Users/huangwenhua/.local/share/uv/python/cpython-3.14.3-macos-aarch64-none/lib/python3.14/urllib/request.py", line 531, in error
    return self._call_chain(*args)
           ~~~~~~~~~~~~~~~~^^^^^^^
  File "/Users/huangwenhua/.local/share/uv/python/cpython-3.14.3-macos-aarch64-none/lib/python3.14/urllib/request.py", line 464, in _call_chain
    result = func(*args)
  File "/Users/huangwenhua/.local/share/uv/python/cpython-3.14.3-macos-aarch64-none/lib/python3.14/urllib/request.py", line 611, in http_error_default
    raise HTTPError(req.full_url, code, msg, hdrs, fp)
urllib.error.HTTPError: HTTP Error 500: Internal Server Error

The above exception was the direct cause of the following exception:

Traceback (most recent call last):
  File "/Users/huangwenhua/company/安洋/dianshang-scraper-c/src/scraper_client/services/account_orchestrator.py", line 184, in execute_task
    self.result_uploader.upload(
    ~~~~~~~~~~~~~~~~~~~~~~~~~~~^
        round_no=round_no,
        ^^^^^^^^^^^^^^^^^^
    ...<5 lines>...
        price_info=price_info,
        ^^^^^^^^^^^^^^^^^^^^^^
    )
    ^
  File "/Users/huangwenhua/company/安洋/dianshang-scraper-c/src/scraper_client/services/result_uploader.py", line 24, in upload
    return self.api_client.upload_results(
           ~~~~~~~~~~~~~~~~~~~~~~~~~~~~~~^
        round_no=round_no,
        ^^^^^^^^^^^^^^^^^^
    ...<5 lines>...
        price_info=price_info,
        ^^^^^^^^^^^^^^^^^^^^^^
    )
    ^
  File "/Users/huangwenhua/company/安洋/dianshang-scraper-c/src/scraper_client/infra/server/internal_api_client.py", line 43, in upload_results
    data = self._request_json("POST", "/internal/scraper/results/upload", payload)
  File "/Users/huangwenhua/company/安洋/dianshang-scraper-c/src/scraper_client/infra/server/internal_api_client.py", line 103, in _request_json
    raise RuntimeError(f"internal api error {exc.code}: {detail}") from exc
RuntimeError: internal api error 500: {"detail":"Failed to upload results: (pymysql.err.OperationalError) (1292, \"Incorrect datetime value: '2026-04-26T13:27:02Z' for column 'platform_create_time' at row 1\")\n[SQL: INSERT INTO orders (platform, shop_id, outer_order_id, openid, status, total_amount, product_count, receiver_name, receiver_phone, receiver_address, pay_time, platform_create_time, platform_update_time, raw_data, uniform_status, ad_cost, employee_id, department_id, finder_id) VALUES (%(platform)s, %(shop_id)s, %(outer_order_id)s, %(openid)s, %(status)s, %(total_amount)s, %(product_count)s, %(receiver_name)s, %(receiver_phone)s, %(receiver_address)s, %(pay_time)s, %(platform_create_time)s, %(platform_update_time)s, %(raw_data)s, %(uniform_status)s, %(ad_cost)s, %(employee_id)s, %(department_id)s, %(finder_id)s)]\n[parameters: {'platform': 'JINGDONG', 'shop_id': 6, 'outer_order_id': '3480215007411792', 'openid': 'wdPGaGzemIoIdB', 'status': '8', 'total_amount': 5990, 'product_count': 1, 'receiver_name': '余**', 'receiver_phone': '1******3336', 'receiver_address': '安徽宣城市广德市**********', 'pay_time': None, 'platform_create_time': '2026-04-26T13:27:02Z', 'platform_update_time': '2026-04-26T13:27:37Z', 'raw_data': '{\"orderType\": 22, \"orderPromiseInfo\": {\"expChanged\": false, \"promiseShipDate\": 1777402800000}, \"orderId\": \"3480215007411792\", \"orderCreateTime\": 1777 ... (4152 characters truncated) ... 59.9, \"freight\": 0.0, \"paymentTypeName\": \"\\\\u5728\\\\u7ebf\\\\u652f\\\\u4ed8\", \"receivables\": 59.9, \"commission\": 0.0, \"orderSum\": 59.9, \"paymentType\": 4}}', 'uniform_status': 'UNKNOWN', 'ad_cost': 0, 'employee_id': None, 'department_id': None, 'finder_id': None}]\n(Background on this error at: https://sqlalche.me/e/20/e3q8)"}
2026-04-26 21:28:27,721 INFO scraper_client.infra.jd.jd_scraper - jd scrape start account_id=1 account_name=钰谢-老板 max_pages=1
2026-04-26 21:28:36,764 INFO scraper_client.infra.jd.order_list_extractor - order list extracted orders=10 (total_item=18413 pages=1)
2026-04-26 21:28:36,766 INFO scraper_client.infra.jd.detail_extractor - detail extraction enriched_orders=10
2026-04-26 21:28:36,767 INFO scraper_client.infra.jd.jd_scraper - jd scrape done account_id=1 orders=10 items=10 price_info=10
2026-04-26 21:28:36,965 ERROR scraper_client.services.account_orchestrator - task failed account_id=1 round=15
Traceback (most recent call last):
  File "/Users/huangwenhua/company/安洋/dianshang-scraper-c/src/scraper_client/infra/server/internal_api_client.py", line 99, in _request_json
    with request.urlopen(req, timeout=self.timeout) as resp:
         ~~~~~~~~~~~~~~~^^^^^^^^^^^^^^^^^^^^^^^^^^^
  File "/Users/huangwenhua/.local/share/uv/python/cpython-3.14.3-macos-aarch64-none/lib/python3.14/urllib/request.py", line 187, in urlopen
    return opener.open(url, data, timeout)
           ~~~~~~~~~~~^^^^^^^^^^^^^^^^^^^^
  File "/Users/huangwenhua/.local/share/uv/python/cpython-3.14.3-macos-aarch64-none/lib/python3.14/urllib/request.py", line 493, in open
    response = meth(req, response)
  File "/Users/huangwenhua/.local/share/uv/python/cpython-3.14.3-macos-aarch64-none/lib/python3.14/urllib/request.py", line 602, in http_response
    response = self.parent.error(
        'http', request, response, code, msg, hdrs)
  File "/Users/huangwenhua/.local/share/uv/python/cpython-3.14.3-macos-aarch64-none/lib/python3.14/urllib/request.py", line 531, in error
    return self._call_chain(*args)
           ~~~~~~~~~~~~~~~~^^^^^^^
  File "/Users/huangwenhua/.local/share/uv/python/cpython-3.14.3-macos-aarch64-none/lib/python3.14/urllib/request.py", line 464, in _call_chain
    result = func(*args)
  File "/Users/huangwenhua/.local/share/uv/python/cpython-3.14.3-macos-aarch64-none/lib/python3.14/urllib/request.py", line 611, in http_error_default
    raise HTTPError(req.full_url, code, msg, hdrs, fp)
urllib.error.HTTPError: HTTP Error 500: Internal Server Error

The above exception was the direct cause of the following exception:

Traceback (most recent call last):
  File "/Users/huangwenhua/company/安洋/dianshang-scraper-c/src/scraper_client/services/account_orchestrator.py", line 184, in execute_task
    self.result_uploader.upload(
    ~~~~~~~~~~~~~~~~~~~~~~~~~~~^
        round_no=round_no,
        ^^^^^^^^^^^^^^^^^^
    ...<5 lines>...
        price_info=price_info,
        ^^^^^^^^^^^^^^^^^^^^^^
    )
    ^
  File "/Users/huangwenhua/company/安洋/dianshang-scraper-c/src/scraper_client/services/result_uploader.py", line 24, in upload
    return self.api_client.upload_results(
           ~~~~~~~~~~~~~~~~~~~~~~~~~~~~~~^
        round_no=round_no,
        ^^^^^^^^^^^^^^^^^^
    ...<5 lines>...
        price_info=price_info,
        ^^^^^^^^^^^^^^^^^^^^^^
    )
    ^
  File "/Users/huangwenhua/company/安洋/dianshang-scraper-c/src/scraper_client/infra/server/internal_api_client.py", line 43, in upload_results
    data = self._request_json("POST", "/internal/scraper/results/upload", payload)
  File "/Users/huangwenhua/company/安洋/dianshang-scraper-c/src/scraper_client/infra/server/internal_api_client.py", line 103, in _request_json
    raise RuntimeError(f"internal api error {exc.code}: {detail}") from exc
RuntimeError: internal api error 500: {"detail":"Failed to upload results: (pymysql.err.OperationalError) (1292, \"Incorrect datetime value: '2026-04-26T13:28:10Z' for column 'platform_create_time' at row 1\")\n[SQL: INSERT INTO orders (platform, shop_id, outer_order_id, openid, status, total_amount, product_count, receiver_name, receiver_phone, receiver_address, pay_time, platform_create_time, platform_update_time, raw_data, uniform_status, ad_cost, employee_id, department_id, finder_id) VALUES (%(platform)s, %(shop_id)s, %(outer_order_id)s, %(openid)s, %(status)s, %(total_amount)s, %(product_count)s, %(receiver_name)s, %(receiver_phone)s, %(receiver_address)s, %(pay_time)s, %(platform_create_time)s, %(platform_update_time)s, %(raw_data)s, %(uniform_status)s, %(ad_cost)s, %(employee_id)s, %(department_id)s, %(finder_id)s)]\n[parameters: {'platform': 'JINGDONG', 'shop_id': 6, 'outer_order_id': '3480223006463780', 'openid': 'jd_KNZMzxRTgIau', 'status': '8', 'total_amount': 7990, 'product_count': 1, 'receiver_name': '苏**', 'receiver_phone': '1******4798', 'receiver_address': '辽宁沈阳市铁西区**********', 'pay_time': None, 'platform_create_time': '2026-04-26T13:28:10Z', 'platform_update_time': '2026-04-26T13:28:20Z', 'raw_data': '{\"orderType\": 22, \"orderPromiseInfo\": {\"expChanged\": false, \"promiseShipDate\": 1777402800000}, \"orderId\": \"3480223006463780\", \"orderCreateTime\": 1777 ... (4180 characters truncated) ... 79.9, \"freight\": 0.0, \"paymentTypeName\": \"\\\\u5728\\\\u7ebf\\\\u652f\\\\u4ed8\", \"receivables\": 79.9, \"commission\": 0.0, \"orderSum\": 79.9, \"paymentType\": 4}}', 'uniform_status': 'UNKNOWN', 'ad_cost': 0, 'employee_id': None, 'department_id': None, 'finder_id': None}]\n(Background on this error at: https://sqlalche.me/e/20/e3q8)"}
2026-04-26 21:28:40,053 INFO scraper_client.infra.jd.jd_scraper - jd scrape start account_id=2 account_name=顺成-Z max_pages=1
2026-04-26 21:28:48,800 INFO scraper_client.infra.jd.order_list_extractor - order list extracted orders=10 (total_item=18413 pages=1)
2026-04-26 21:28:48,802 INFO scraper_client.infra.jd.detail_extractor - detail extraction enriched_orders=10
2026-04-26 21:28:48,802 INFO scraper_client.infra.jd.jd_scraper - jd scrape done account_id=2 orders=10 items=10 price_info=10
2026-04-26 21:28:49,007 ERROR scraper_client.services.account_orchestrator - task failed account_id=2 round=16
Traceback (most recent call last):
  File "/Users/huangwenhua/company/安洋/dianshang-scraper-c/src/scraper_client/infra/server/internal_api_client.py", line 99, in _request_json
    with request.urlopen(req, timeout=self.timeout) as resp:
         ~~~~~~~~~~~~~~~^^^^^^^^^^^^^^^^^^^^^^^^^^^
  File "/Users/huangwenhua/.local/share/uv/python/cpython-3.14.3-macos-aarch64-none/lib/python3.14/urllib/request.py", line 187, in urlopen
    return opener.open(url, data, timeout)
           ~~~~~~~~~~~^^^^^^^^^^^^^^^^^^^^
  File "/Users/huangwenhua/.local/share/uv/python/cpython-3.14.3-macos-aarch64-none/lib/python3.14/urllib/request.py", line 493, in open
    response = meth(req, response)
  File "/Users/huangwenhua/.local/share/uv/python/cpython-3.14.3-macos-aarch64-none/lib/python3.14/urllib/request.py", line 602, in http_response
    response = self.parent.error(
        'http', request, response, code, msg, hdrs)
  File "/Users/huangwenhua/.local/share/uv/python/cpython-3.14.3-macos-aarch64-none/lib/python3.14/urllib/request.py", line 531, in error
    return self._call_chain(*args)
           ~~~~~~~~~~~~~~~~^^^^^^^
  File "/Users/huangwenhua/.local/share/uv/python/cpython-3.14.3-macos-aarch64-none/lib/python3.14/urllib/request.py", line 464, in _call_chain
    result = func(*args)
  File "/Users/huangwenhua/.local/share/uv/python/cpython-3.14.3-macos-aarch64-none/lib/python3.14/urllib/request.py", line 611, in http_error_default
    raise HTTPError(req.full_url, code, msg, hdrs, fp)
urllib.error.HTTPError: HTTP Error 500: Internal Server Error

The above exception was the direct cause of the following exception:

Traceback (most recent call last):
  File "/Users/huangwenhua/company/安洋/dianshang-scraper-c/src/scraper_client/services/account_orchestrator.py", line 184, in execute_task
    self.result_uploader.upload(
    ~~~~~~~~~~~~~~~~~~~~~~~~~~~^
        round_no=round_no,
        ^^^^^^^^^^^^^^^^^^
    ...<5 lines>...
        price_info=price_info,
        ^^^^^^^^^^^^^^^^^^^^^^
    )
    ^
  File "/Users/huangwenhua/company/安洋/dianshang-scraper-c/src/scraper_client/services/result_uploader.py", line 24, in upload
    return self.api_client.upload_results(
           ~~~~~~~~~~~~~~~~~~~~~~~~~~~~~~^
        round_no=round_no,
        ^^^^^^^^^^^^^^^^^^
    ...<5 lines>...
        price_info=price_info,
        ^^^^^^^^^^^^^^^^^^^^^^
    )
    ^
  File "/Users/huangwenhua/company/安洋/dianshang-scraper-c/src/scraper_client/infra/server/internal_api_client.py", line 43, in upload_results
    data = self._request_json("POST", "/internal/scraper/results/upload", payload)
  File "/Users/huangwenhua/company/安洋/dianshang-scraper-c/src/scraper_client/infra/server/internal_api_client.py", line 103, in _request_json
    raise RuntimeError(f"internal api error {exc.code}: {detail}") from exc
RuntimeError: internal api error 500: {"detail":"Failed to upload results: (pymysql.err.OperationalError) (1292, \"Incorrect datetime value: '2026-04-26T13:28:10Z' for column 'platform_create_time' at row 1\")\n[SQL: INSERT INTO orders (platform, shop_id, outer_order_id, openid, status, total_amount, product_count, receiver_name, receiver_phone, receiver_address, pay_time, platform_create_time, platform_update_time, raw_data, uniform_status, ad_cost, employee_id, department_id, finder_id) VALUES (%(platform)s, %(shop_id)s, %(outer_order_id)s, %(openid)s, %(status)s, %(total_amount)s, %(product_count)s, %(receiver_name)s, %(receiver_phone)s, %(receiver_address)s, %(pay_time)s, %(platform_create_time)s, %(platform_update_time)s, %(raw_data)s, %(uniform_status)s, %(ad_cost)s, %(employee_id)s, %(department_id)s, %(finder_id)s)]\n[parameters: {'platform': 'JINGDONG', 'shop_id': 7, 'outer_order_id': '3480223006463780', 'openid': 'jd_KNZMzxRTgIau', 'status': '8', 'total_amount': 7990, 'product_count': 1, 'receiver_name': '苏**', 'receiver_phone': '1******4798', 'receiver_address': '辽宁沈阳市铁西区**********', 'pay_time': None, 'platform_create_time': '2026-04-26T13:28:10Z', 'platform_update_time': '2026-04-26T13:28:20Z', 'raw_data': '{\"orderType\": 22, \"orderPromiseInfo\": {\"expChanged\": false, \"promiseShipDate\": 1777402800000}, \"orderId\": \"3480223006463780\", \"orderCreateTime\": 1777 ... (4180 characters truncated) ... 79.9, \"freight\": 0.0, \"paymentTypeName\": \"\\\\u5728\\\\u7ebf\\\\u652f\\\\u4ed8\", \"receivables\": 79.9, \"commission\": 0.0, \"orderSum\": 79.9, \"paymentType\": 4}}', 'uniform_status': 'UNKNOWN', 'ad_cost': 0, 'employee_id': None, 'department_id': None, 'finder_id': None}]\n(Background on this error at: https://sqlalche.me/e/20/e3q8)"}
2026-04-26 21:29:07,021 INFO scraper_client.infra.jd.jd_scraper - jd scrape start account_id=2 account_name=顺成-Z max_pages=1
2026-04-26 21:29:16,164 INFO scraper_client.infra.jd.order_list_extractor - order list extracted orders=10 (total_item=18413 pages=1)
2026-04-26 21:29:16,166 INFO scraper_client.infra.jd.detail_extractor - detail extraction enriched_orders=10
2026-04-26 21:29:16,167 INFO scraper_client.infra.jd.jd_scraper - jd scrape done account_id=2 orders=10 items=10 price_info=10
2026-04-26 21:29:16,374 ERROR scraper_client.services.account_orchestrator - task failed account_id=2 round=17
Traceback (most recent call last):
  File "/Users/huangwenhua/company/安洋/dianshang-scraper-c/src/scraper_client/infra/server/internal_api_client.py", line 99, in _request_json
    with request.urlopen(req, timeout=self.timeout) as resp:
         ~~~~~~~~~~~~~~~^^^^^^^^^^^^^^^^^^^^^^^^^^^
  File "/Users/huangwenhua/.local/share/uv/python/cpython-3.14.3-macos-aarch64-none/lib/python3.14/urllib/request.py", line 187, in urlopen
    return opener.open(url, data, timeout)
           ~~~~~~~~~~~^^^^^^^^^^^^^^^^^^^^
  File "/Users/huangwenhua/.local/share/uv/python/cpython-3.14.3-macos-aarch64-none/lib/python3.14/urllib/request.py", line 493, in open
    response = meth(req, response)
  File "/Users/huangwenhua/.local/share/uv/python/cpython-3.14.3-macos-aarch64-none/lib/python3.14/urllib/request.py", line 602, in http_response
    response = self.parent.error(
        'http', request, response, code, msg, hdrs)
  File "/Users/huangwenhua/.local/share/uv/python/cpython-3.14.3-macos-aarch64-none/lib/python3.14/urllib/request.py", line 531, in error
    return self._call_chain(*args)
           ~~~~~~~~~~~~~~~~^^^^^^^
  File "/Users/huangwenhua/.local/share/uv/python/cpython-3.14.3-macos-aarch64-none/lib/python3.14/urllib/request.py", line 464, in _call_chain
    result = func(*args)
  File "/Users/huangwenhua/.local/share/uv/python/cpython-3.14.3-macos-aarch64-none/lib/python3.14/urllib/request.py", line 611, in http_error_default
    raise HTTPError(req.full_url, code, msg, hdrs, fp)
urllib.error.HTTPError: HTTP Error 500: Internal Server Error

The above exception was the direct cause of the following exception:

Traceback (most recent call last):
  File "/Users/huangwenhua/company/安洋/dianshang-scraper-c/src/scraper_client/services/account_orchestrator.py", line 184, in execute_task
    self.result_uploader.upload(
    ~~~~~~~~~~~~~~~~~~~~~~~~~~~^
        round_no=round_no,
        ^^^^^^^^^^^^^^^^^^
    ...<5 lines>...
        price_info=price_info,
        ^^^^^^^^^^^^^^^^^^^^^^
    )
    ^
  File "/Users/huangwenhua/company/安洋/dianshang-scraper-c/src/scraper_client/services/result_uploader.py", line 24, in upload
    return self.api_client.upload_results(
           ~~~~~~~~~~~~~~~~~~~~~~~~~~~~~~^
        round_no=round_no,
        ^^^^^^^^^^^^^^^^^^
    ...<5 lines>...
        price_info=price_info,
        ^^^^^^^^^^^^^^^^^^^^^^
    )
    ^
  File "/Users/huangwenhua/company/安洋/dianshang-scraper-c/src/scraper_client/infra/server/internal_api_client.py", line 43, in upload_results
    data = self._request_json("POST", "/internal/scraper/results/upload", payload)
  File "/Users/huangwenhua/company/安洋/dianshang-scraper-c/src/scraper_client/infra/server/internal_api_client.py", line 103, in _request_json
    raise RuntimeError(f"internal api error {exc.code}: {detail}") from exc
RuntimeError: internal api error 500: {"detail":"Failed to upload results: (pymysql.err.OperationalError) (1292, \"Incorrect datetime value: '2026-04-26T13:28:10Z' for column 'platform_create_time' at row 1\")\n[SQL: INSERT INTO orders (platform, shop_id, outer_order_id, openid, status, total_amount, product_count, receiver_name, receiver_phone, receiver_address, pay_time, platform_create_time, platform_update_time, raw_data, uniform_status, ad_cost, employee_id, department_id, finder_id) VALUES (%(platform)s, %(shop_id)s, %(outer_order_id)s, %(openid)s, %(status)s, %(total_amount)s, %(product_count)s, %(receiver_name)s, %(receiver_phone)s, %(receiver_address)s, %(pay_time)s, %(platform_create_time)s, %(platform_update_time)s, %(raw_data)s, %(uniform_status)s, %(ad_cost)s, %(employee_id)s, %(department_id)s, %(finder_id)s)]\n[parameters: {'platform': 'JINGDONG', 'shop_id': 7, 'outer_order_id': '3480223006463780', 'openid': 'jd_KNZMzxRTgIau', 'status': '8', 'total_amount': 7990, 'product_count': 1, 'receiver_name': '苏**', 'receiver_phone': '1******4798', 'receiver_address': '辽宁沈阳市铁西区**********', 'pay_time': None, 'platform_create_time': '2026-04-26T13:28:10Z', 'platform_update_time': '2026-04-26T13:28:20Z', 'raw_data': '{\"orderType\": 22, \"orderPromiseInfo\": {\"expChanged\": false, \"promiseShipDate\": 1777402800000}, \"orderId\": \"3480223006463780\", \"orderCreateTime\": 1777 ... (4180 characters truncated) ... 79.9, \"freight\": 0.0, \"paymentTypeName\": \"\\\\u5728\\\\u7ebf\\\\u652f\\\\u4ed8\", \"receivables\": 79.9, \"commission\": 0.0, \"orderSum\": 79.9, \"paymentType\": 4}}', 'uniform_status': 'UNKNOWN', 'ad_cost': 0, 'employee_id': None, 'department_id': None, 'finder_id': None}]\n(Background on this error at: https://sqlalche.me/e/20/e3q8)"}
2026-04-26 21:29:19,056 INFO scraper_client.infra.jd.jd_scraper - jd scrape start account_id=1 account_name=钰谢-老板 max_pages=1
2026-04-26 21:29:27,987 INFO scraper_client.infra.jd.order_list_extractor - order list extracted orders=10 (total_item=18414 pages=1)
2026-04-26 21:29:27,987 INFO scraper_client.infra.jd.detail_extractor - detail extraction enriched_orders=10
2026-04-26 21:29:27,988 INFO scraper_client.infra.jd.jd_scraper - jd scrape done account_id=1 orders=10 items=10 price_info=10
2026-04-26 21:29:28,187 ERROR scraper_client.services.account_orchestrator - task failed account_id=1 round=17
Traceback (most recent call last):
  File "/Users/huangwenhua/company/安洋/dianshang-scraper-c/src/scraper_client/infra/server/internal_api_client.py", line 99, in _request_json
    with request.urlopen(req, timeout=self.timeout) as resp:
         ~~~~~~~~~~~~~~~^^^^^^^^^^^^^^^^^^^^^^^^^^^
  File "/Users/huangwenhua/.local/share/uv/python/cpython-3.14.3-macos-aarch64-none/lib/python3.14/urllib/request.py", line 187, in urlopen
    return opener.open(url, data, timeout)
           ~~~~~~~~~~~^^^^^^^^^^^^^^^^^^^^
  File "/Users/huangwenhua/.local/share/uv/python/cpython-3.14.3-macos-aarch64-none/lib/python3.14/urllib/request.py", line 493, in open
    response = meth(req, response)
  File "/Users/huangwenhua/.local/share/uv/python/cpython-3.14.3-macos-aarch64-none/lib/python3.14/urllib/request.py", line 602, in http_response
    response = self.parent.error(
        'http', request, response, code, msg, hdrs)
  File "/Users/huangwenhua/.local/share/uv/python/cpython-3.14.3-macos-aarch64-none/lib/python3.14/urllib/request.py", line 531, in error
    return self._call_chain(*args)
           ~~~~~~~~~~~~~~~~^^^^^^^
  File "/Users/huangwenhua/.local/share/uv/python/cpython-3.14.3-macos-aarch64-none/lib/python3.14/urllib/request.py", line 464, in _call_chain
    result = func(*args)
  File "/Users/huangwenhua/.local/share/uv/python/cpython-3.14.3-macos-aarch64-none/lib/python3.14/urllib/request.py", line 611, in http_error_default
    raise HTTPError(req.full_url, code, msg, hdrs, fp)
urllib.error.HTTPError: HTTP Error 500: Internal Server Error

The above exception was the direct cause of the following exception:

Traceback (most recent call last):
  File "/Users/huangwenhua/company/安洋/dianshang-scraper-c/src/scraper_client/services/account_orchestrator.py", line 184, in execute_task
    self.result_uploader.upload(
    ~~~~~~~~~~~~~~~~~~~~~~~~~~~^
        round_no=round_no,
        ^^^^^^^^^^^^^^^^^^
    ...<5 lines>...
        price_info=price_info,
        ^^^^^^^^^^^^^^^^^^^^^^
    )
    ^
  File "/Users/huangwenhua/company/安洋/dianshang-scraper-c/src/scraper_client/services/result_uploader.py", line 24, in upload
    return self.api_client.upload_results(
           ~~~~~~~~~~~~~~~~~~~~~~~~~~~~~~^
        round_no=round_no,
        ^^^^^^^^^^^^^^^^^^
    ...<5 lines>...
        price_info=price_info,
        ^^^^^^^^^^^^^^^^^^^^^^
    )
    ^
  File "/Users/huangwenhua/company/安洋/dianshang-scraper-c/src/scraper_client/infra/server/internal_api_client.py", line 43, in upload_results
    data = self._request_json("POST", "/internal/scraper/results/upload", payload)
  File "/Users/huangwenhua/company/安洋/dianshang-scraper-c/src/scraper_client/infra/server/internal_api_client.py", line 103, in _request_json
    raise RuntimeError(f"internal api error {exc.code}: {detail}") from exc
RuntimeError: internal api error 500: {"detail":"Failed to upload results: (pymysql.err.OperationalError) (1292, \"Incorrect datetime value: '2026-04-26T13:29:13Z' for column 'platform_create_time' at row 1\")\n[SQL: INSERT INTO orders (platform, shop_id, outer_order_id, openid, status, total_amount, product_count, receiver_name, receiver_phone, receiver_address, pay_time, platform_create_time, platform_update_time, raw_data, uniform_status, ad_cost, employee_id, department_id, finder_id) VALUES (%(platform)s, %(shop_id)s, %(outer_order_id)s, %(openid)s, %(status)s, %(total_amount)s, %(product_count)s, %(receiver_name)s, %(receiver_phone)s, %(receiver_address)s, %(pay_time)s, %(platform_create_time)s, %(platform_update_time)s, %(raw_data)s, %(uniform_status)s, %(ad_cost)s, %(employee_id)s, %(department_id)s, %(finder_id)s)]\n[parameters: {'platform': 'JINGDONG', 'shop_id': 6, 'outer_order_id': '3480242005568772', 'openid': 'wdUycVdLSyrSkc', 'status': '2', 'total_amount': 15980, 'product_count': 1, 'receiver_name': '纪**', 'receiver_phone': '1******0109', 'receiver_address': '广东惠州市惠阳区**********', 'pay_time': None, 'platform_create_time': '2026-04-26T13:29:13Z', 'platform_update_time': None, 'raw_data': '{\"userPin\": \"wdUycVdLSyrSkc\", \"orderType\": 22, \"orderPromiseInfo\": {\"expChanged\": false, \"orderWarningDesc\": \"\\\\u4e70\\\\u5bb6\\\\u672a\\\\u4ed8\\\\u6b3e\\\\uf ... (3410 characters truncated) ... 59.8, \"freight\": 0.0, \"paymentTypeName\": \"\\\\u5728\\\\u7ebf\\\\u652f\\\\u4ed8\", \"receivables\": 159.8, \"commission\": 0.0, \"orderSum\": 0.0, \"paymentType\": 4}}', 'uniform_status': 'SHIPPED', 'ad_cost': 0, 'employee_id': None, 'department_id': None, 'finder_id': None}]\n(Background on this error at: https://sqlalche.me/e/20/e3q8)"}
2026-04-26 21:29:46,401 INFO scraper_client.services.account_orchestrator - no task available, sleep=10s
2026-04-26 21:29:56,431 INFO scraper_client.infra.jd.jd_scraper - jd scrape start account_id=1 account_name=钰谢-老板 max_pages=1
2026-04-26 21:29:58,216 INFO scraper_client.services.account_orchestrator - no task available, sleep=10s
2026-04-26 21:30:05,226 INFO scraper_client.infra.jd.order_list_extractor - order list extracted orders=10 (total_item=18414 pages=1)
2026-04-26 21:30:05,226 INFO scraper_client.infra.jd.detail_extractor - detail extraction enriched_orders=10
2026-04-26 21:30:05,227 INFO scraper_client.infra.jd.jd_scraper - jd scrape done account_id=1 orders=10 items=10 price_info=10
2026-04-26 21:30:05,418 ERROR scraper_client.services.account_orchestrator - task failed account_id=1 round=18
Traceback (most recent call last):
  File "/Users/huangwenhua/company/安洋/dianshang-scraper-c/src/scraper_client/infra/server/internal_api_client.py", line 99, in _request_json
    with request.urlopen(req, timeout=self.timeout) as resp:
         ~~~~~~~~~~~~~~~^^^^^^^^^^^^^^^^^^^^^^^^^^^
  File "/Users/huangwenhua/.local/share/uv/python/cpython-3.14.3-macos-aarch64-none/lib/python3.14/urllib/request.py", line 187, in urlopen
    return opener.open(url, data, timeout)
           ~~~~~~~~~~~^^^^^^^^^^^^^^^^^^^^
  File "/Users/huangwenhua/.local/share/uv/python/cpython-3.14.3-macos-aarch64-none/lib/python3.14/urllib/request.py", line 493, in open
    response = meth(req, response)
  File "/Users/huangwenhua/.local/share/uv/python/cpython-3.14.3-macos-aarch64-none/lib/python3.14/urllib/request.py", line 602, in http_response
    response = self.parent.error(
        'http', request, response, code, msg, hdrs)
  File "/Users/huangwenhua/.local/share/uv/python/cpython-3.14.3-macos-aarch64-none/lib/python3.14/urllib/request.py", line 531, in error
    return self._call_chain(*args)
           ~~~~~~~~~~~~~~~~^^^^^^^
  File "/Users/huangwenhua/.local/share/uv/python/cpython-3.14.3-macos-aarch64-none/lib/python3.14/urllib/request.py", line 464, in _call_chain
    result = func(*args)
  File "/Users/huangwenhua/.local/share/uv/python/cpython-3.14.3-macos-aarch64-none/lib/python3.14/urllib/request.py", line 611, in http_error_default
    raise HTTPError(req.full_url, code, msg, hdrs, fp)
urllib.error.HTTPError: HTTP Error 500: Internal Server Error

The above exception was the direct cause of the following exception:

Traceback (most recent call last):
  File "/Users/huangwenhua/company/安洋/dianshang-scraper-c/src/scraper_client/services/account_orchestrator.py", line 184, in execute_task
    self.result_uploader.upload(
    ~~~~~~~~~~~~~~~~~~~~~~~~~~~^
        round_no=round_no,
        ^^^^^^^^^^^^^^^^^^
    ...<5 lines>...
        price_info=price_info,
        ^^^^^^^^^^^^^^^^^^^^^^
    )
    ^
  File "/Users/huangwenhua/company/安洋/dianshang-scraper-c/src/scraper_client/services/result_uploader.py", line 24, in upload
    return self.api_client.upload_results(
           ~~~~~~~~~~~~~~~~~~~~~~~~~~~~~~^
        round_no=round_no,
        ^^^^^^^^^^^^^^^^^^
    ...<5 lines>...
        price_info=price_info,
        ^^^^^^^^^^^^^^^^^^^^^^
    )
    ^
  File "/Users/huangwenhua/company/安洋/dianshang-scraper-c/src/scraper_client/infra/server/internal_api_client.py", line 43, in upload_results
    data = self._request_json("POST", "/internal/scraper/results/upload", payload)
  File "/Users/huangwenhua/company/安洋/dianshang-scraper-c/src/scraper_client/infra/server/internal_api_client.py", line 103, in _request_json
    raise RuntimeError(f"internal api error {exc.code}: {detail}") from exc
RuntimeError: internal api error 500: {"detail":"Failed to upload results: (pymysql.err.OperationalError) (1292, \"Incorrect datetime value: '2026-04-26T13:29:13Z' for column 'platform_create_time' at row 1\")\n[SQL: INSERT INTO orders (platform, shop_id, outer_order_id, openid, status, total_amount, product_count, receiver_name, receiver_phone, receiver_address, pay_time, platform_create_time, platform_update_time, raw_data, uniform_status, ad_cost, employee_id, department_id, finder_id) VALUES (%(platform)s, %(shop_id)s, %(outer_order_id)s, %(openid)s, %(status)s, %(total_amount)s, %(product_count)s, %(receiver_name)s, %(receiver_phone)s, %(receiver_address)s, %(pay_time)s, %(platform_create_time)s, %(platform_update_time)s, %(raw_data)s, %(uniform_status)s, %(ad_cost)s, %(employee_id)s, %(department_id)s, %(finder_id)s)]\n[parameters: {'platform': 'JINGDONG', 'shop_id': 6, 'outer_order_id': '3480242005568772', 'openid': 'wdUycVdLSyrSkc', 'status': '8', 'total_amount': 15980, 'product_count': 1, 'receiver_name': '纪**', 'receiver_phone': '1******0109', 'receiver_address': '广东惠州市惠阳区**********', 'pay_time': None, 'platform_create_time': '2026-04-26T13:29:13Z', 'platform_update_time': '2026-04-26T13:29:22Z', 'raw_data': '{\"orderType\": 22, \"orderPromiseInfo\": {\"expChanged\": false, \"promiseShipDate\": 1777402800000}, \"orderId\": \"3480242005568772\", \"orderCreateTime\": 1777 ... (4183 characters truncated) ... .8, \"freight\": 0.0, \"paymentTypeName\": \"\\\\u5728\\\\u7ebf\\\\u652f\\\\u4ed8\", \"receivables\": 159.8, \"commission\": 0.0, \"orderSum\": 159.8, \"paymentType\": 4}}', 'uniform_status': 'UNKNOWN', 'ad_cost': 0, 'employee_id': None, 'department_id': None, 'finder_id': None}]\n(Background on this error at: https://sqlalche.me/e/20/e3q8)"}
2026-04-26 21:30:08,251 INFO scraper_client.infra.jd.jd_scraper - jd scrape start account_id=2 account_name=顺成-Z max_pages=1
2026-04-26 21:30:17,069 INFO scraper_client.infra.jd.order_list_extractor - order list extracted orders=10 (total_item=18415 pages=1)
2026-04-26 21:30:17,071 INFO scraper_client.infra.jd.detail_extractor - detail extraction enriched_orders=10
2026-04-26 21:30:17,072 INFO scraper_client.infra.jd.jd_scraper - jd scrape done account_id=2 orders=10 items=10 price_info=10
2026-04-26 21:30:17,241 ERROR scraper_client.services.account_orchestrator - task failed account_id=2 round=19
Traceback (most recent call last):
  File "/Users/huangwenhua/company/安洋/dianshang-scraper-c/src/scraper_client/infra/server/internal_api_client.py", line 99, in _request_json
    with request.urlopen(req, timeout=self.timeout) as resp:
         ~~~~~~~~~~~~~~~^^^^^^^^^^^^^^^^^^^^^^^^^^^
  File "/Users/huangwenhua/.local/share/uv/python/cpython-3.14.3-macos-aarch64-none/lib/python3.14/urllib/request.py", line 187, in urlopen
    return opener.open(url, data, timeout)
           ~~~~~~~~~~~^^^^^^^^^^^^^^^^^^^^
  File "/Users/huangwenhua/.local/share/uv/python/cpython-3.14.3-macos-aarch64-none/lib/python3.14/urllib/request.py", line 493, in open
    response = meth(req, response)
  File "/Users/huangwenhua/.local/share/uv/python/cpython-3.14.3-macos-aarch64-none/lib/python3.14/urllib/request.py", line 602, in http_response
    response = self.parent.error(
        'http', request, response, code, msg, hdrs)
  File "/Users/huangwenhua/.local/share/uv/python/cpython-3.14.3-macos-aarch64-none/lib/python3.14/urllib/request.py", line 531, in error
    return self._call_chain(*args)
           ~~~~~~~~~~~~~~~~^^^^^^^
  File "/Users/huangwenhua/.local/share/uv/python/cpython-3.14.3-macos-aarch64-none/lib/python3.14/urllib/request.py", line 464, in _call_chain
    result = func(*args)
  File "/Users/huangwenhua/.local/share/uv/python/cpython-3.14.3-macos-aarch64-none/lib/python3.14/urllib/request.py", line 611, in http_error_default
    raise HTTPError(req.full_url, code, msg, hdrs, fp)
urllib.error.HTTPError: HTTP Error 500: Internal Server Error

The above exception was the direct cause of the following exception:

Traceback (most recent call last):
  File "/Users/huangwenhua/company/安洋/dianshang-scraper-c/src/scraper_client/services/account_orchestrator.py", line 184, in execute_task
    self.result_uploader.upload(
    ~~~~~~~~~~~~~~~~~~~~~~~~~~~^
        round_no=round_no,
        ^^^^^^^^^^^^^^^^^^
    ...<5 lines>...
        price_info=price_info,
        ^^^^^^^^^^^^^^^^^^^^^^
    )
    ^
  File "/Users/huangwenhua/company/安洋/dianshang-scraper-c/src/scraper_client/services/result_uploader.py", line 24, in upload
    return self.api_client.upload_results(
           ~~~~~~~~~~~~~~~~~~~~~~~~~~~~~~^
        round_no=round_no,
        ^^^^^^^^^^^^^^^^^^
    ...<5 lines>...
        price_info=price_info,
        ^^^^^^^^^^^^^^^^^^^^^^
    )
    ^
  File "/Users/huangwenhua/company/安洋/dianshang-scraper-c/src/scraper_client/infra/server/internal_api_client.py", line 43, in upload_results
    data = self._request_json("POST", "/internal/scraper/results/upload", payload)
  File "/Users/huangwenhua/company/安洋/dianshang-scraper-c/src/scraper_client/infra/server/internal_api_client.py", line 103, in _request_json
    raise RuntimeError(f"internal api error {exc.code}: {detail}") from exc
RuntimeError: internal api error 500: {"detail":"Failed to upload results: (pymysql.err.OperationalError) (1292, \"Incorrect datetime value: '2026-04-26T13:30:07Z' for column 'platform_create_time' at row 1\")\n[SQL: INSERT INTO orders (platform, shop_id, outer_order_id, openid, status, total_amount, product_count, receiver_name, receiver_phone, receiver_address, pay_time, platform_create_time, platform_update_time, raw_data, uniform_status, ad_cost, employee_id, department_id, finder_id) VALUES (%(platform)s, %(shop_id)s, %(outer_order_id)s, %(openid)s, %(status)s, %(total_amount)s, %(product_count)s, %(receiver_name)s, %(receiver_phone)s, %(receiver_address)s, %(pay_time)s, %(platform_create_time)s, %(platform_update_time)s, %(raw_data)s, %(uniform_status)s, %(ad_cost)s, %(employee_id)s, %(department_id)s, %(finder_id)s)]\n[parameters: {'platform': 'JINGDONG', 'shop_id': 7, 'outer_order_id': '3480223018783842', 'openid': '元视野', 'status': '2', 'total_amount': 7990, 'product_count': 1, 'receiver_name': '侯**', 'receiver_phone': '1******7719', 'receiver_address': '北京海淀区青龙桥街道**********', 'pay_time': None, 'platform_create_time': '2026-04-26T13:30:07Z', 'platform_update_time': None, 'raw_data': '{\"userPin\": \"\\\\u5143\\\\u89c6\\\\u91ce\", \"orderType\": 22, \"orderPromiseInfo\": {\"expChanged\": false, \"orderWarningDesc\": \"\\\\u4e70\\\\u5bb6\\\\u672a\\\\u4ed8\\\\u6 ... (3424 characters truncated) ...  79.9, \"freight\": 0.0, \"paymentTypeName\": \"\\\\u5728\\\\u7ebf\\\\u652f\\\\u4ed8\", \"receivables\": 79.9, \"commission\": 0.0, \"orderSum\": 0.0, \"paymentType\": 4}}', 'uniform_status': 'SHIPPED', 'ad_cost': 0, 'employee_id': None, 'department_id': None, 'finder_id': None}]\n(Background on this error at: https://sqlalche.me/e/20/e3q8)"}
2026-04-26 21:30:35,463 INFO scraper_client.services.account_orchestrator - no task available, sleep=10s
2026-04-26 21:30:45,502 INFO scraper_client.infra.jd.jd_scraper - jd scrape start account_id=2 account_name=顺成-Z max_pages=1
2026-04-26 21:30:47,264 INFO scraper_client.services.account_orchestrator - no task available, sleep=10s
2026-04-26 21:30:54,262 INFO scraper_client.infra.jd.order_list_extractor - order list extracted orders=10 (total_item=18415 pages=1)
2026-04-26 21:30:54,263 INFO scraper_client.infra.jd.detail_extractor - detail extraction enriched_orders=10
2026-04-26 21:30:54,263 INFO scraper_client.infra.jd.jd_scraper - jd scrape done account_id=2 orders=10 items=10 price_info=10
2026-04-26 21:30:54,458 ERROR scraper_client.services.account_orchestrator - task failed account_id=2 round=20
Traceback (most recent call last):
  File "/Users/huangwenhua/company/安洋/dianshang-scraper-c/src/scraper_client/infra/server/internal_api_client.py", line 99, in _request_json
    with request.urlopen(req, timeout=self.timeout) as resp:
         ~~~~~~~~~~~~~~~^^^^^^^^^^^^^^^^^^^^^^^^^^^
  File "/Users/huangwenhua/.local/share/uv/python/cpython-3.14.3-macos-aarch64-none/lib/python3.14/urllib/request.py", line 187, in urlopen
    return opener.open(url, data, timeout)
           ~~~~~~~~~~~^^^^^^^^^^^^^^^^^^^^
  File "/Users/huangwenhua/.local/share/uv/python/cpython-3.14.3-macos-aarch64-none/lib/python3.14/urllib/request.py", line 493, in open
    response = meth(req, response)
  File "/Users/huangwenhua/.local/share/uv/python/cpython-3.14.3-macos-aarch64-none/lib/python3.14/urllib/request.py", line 602, in http_response
    response = self.parent.error(
        'http', request, response, code, msg, hdrs)
  File "/Users/huangwenhua/.local/share/uv/python/cpython-3.14.3-macos-aarch64-none/lib/python3.14/urllib/request.py", line 531, in error
    return self._call_chain(*args)
           ~~~~~~~~~~~~~~~~^^^^^^^
  File "/Users/huangwenhua/.local/share/uv/python/cpython-3.14.3-macos-aarch64-none/lib/python3.14/urllib/request.py", line 464, in _call_chain
    result = func(*args)
  File "/Users/huangwenhua/.local/share/uv/python/cpython-3.14.3-macos-aarch64-none/lib/python3.14/urllib/request.py", line 611, in http_error_default
    raise HTTPError(req.full_url, code, msg, hdrs, fp)
urllib.error.HTTPError: HTTP Error 500: Internal Server Error

The above exception was the direct cause of the following exception:

Traceback (most recent call last):
  File "/Users/huangwenhua/company/安洋/dianshang-scraper-c/src/scraper_client/services/account_orchestrator.py", line 184, in execute_task
    self.result_uploader.upload(
    ~~~~~~~~~~~~~~~~~~~~~~~~~~~^
        round_no=round_no,
        ^^^^^^^^^^^^^^^^^^
    ...<5 lines>...
        price_info=price_info,
        ^^^^^^^^^^^^^^^^^^^^^^
    )
    ^
  File "/Users/huangwenhua/company/安洋/dianshang-scraper-c/src/scraper_client/services/result_uploader.py", line 24, in upload
    return self.api_client.upload_results(
           ~~~~~~~~~~~~~~~~~~~~~~~~~~~~~~^
        round_no=round_no,
        ^^^^^^^^^^^^^^^^^^
    ...<5 lines>...
        price_info=price_info,
        ^^^^^^^^^^^^^^^^^^^^^^
    )
    ^
  File "/Users/huangwenhua/company/安洋/dianshang-scraper-c/src/scraper_client/infra/server/internal_api_client.py", line 43, in upload_results
    data = self._request_json("POST", "/internal/scraper/results/upload", payload)
  File "/Users/huangwenhua/company/安洋/dianshang-scraper-c/src/scraper_client/infra/server/internal_api_client.py", line 103, in _request_json
    raise RuntimeError(f"internal api error {exc.code}: {detail}") from exc
RuntimeError: internal api error 500: {"detail":"Failed to upload results: (pymysql.err.OperationalError) (1292, \"Incorrect datetime value: '2026-04-26T13:30:07Z' for column 'platform_create_time' at row 1\")\n[SQL: INSERT INTO orders (platform, shop_id, outer_order_id, openid, status, total_amount, product_count, receiver_name, receiver_phone, receiver_address, pay_time, platform_create_time, platform_update_time, raw_data, uniform_status, ad_cost, employee_id, department_id, finder_id) VALUES (%(platform)s, %(shop_id)s, %(outer_order_id)s, %(openid)s, %(status)s, %(total_amount)s, %(product_count)s, %(receiver_name)s, %(receiver_phone)s, %(receiver_address)s, %(pay_time)s, %(platform_create_time)s, %(platform_update_time)s, %(raw_data)s, %(uniform_status)s, %(ad_cost)s, %(employee_id)s, %(department_id)s, %(finder_id)s)]\n[parameters: {'platform': 'JINGDONG', 'shop_id': 7, 'outer_order_id': '3480223018783842', 'openid': '元视野', 'status': '8', 'total_amount': 7990, 'product_count': 1, 'receiver_name': '侯**', 'receiver_phone': '1******7719', 'receiver_address': '北京海淀区青龙桥街道**********', 'pay_time': None, 'platform_create_time': '2026-04-26T13:30:07Z', 'platform_update_time': '2026-04-26T13:30:39Z', 'raw_data': '{\"orderType\": 22, \"orderPromiseInfo\": {\"expChanged\": false, \"promiseShipDate\": 1777402800000}, \"orderId\": \"3480223018783842\", \"orderCreateTime\": 1777 ... (3287 characters truncated) ... 79.9, \"freight\": 0.0, \"paymentTypeName\": \"\\\\u5728\\\\u7ebf\\\\u652f\\\\u4ed8\", \"receivables\": 79.9, \"commission\": 0.0, \"orderSum\": 79.9, \"paymentType\": 4}}', 'uniform_status': 'UNKNOWN', 'ad_cost': 0, 'employee_id': None, 'department_id': None, 'finder_id': None}]\n(Background on this error at: https://sqlalche.me/e/20/e3q8)"}
2026-04-26 21:30:57,276 INFO scraper_client.infra.jd.jd_scraper - jd scrape start account_id=1 account_name=钰谢-老板 max_pages=1
2026-04-26 21:31:06,026 INFO scraper_client.infra.jd.order_list_extractor - order list extracted orders=10 (total_item=18415 pages=1)
2026-04-26 21:31:06,027 INFO scraper_client.infra.jd.detail_extractor - detail extraction enriched_orders=10
2026-04-26 21:31:06,028 INFO scraper_client.infra.jd.jd_scraper - jd scrape done account_id=1 orders=10 items=10 price_info=10
2026-04-26 21:31:06,243 ERROR scraper_client.services.account_orchestrator - task failed account_id=1 round=20
Traceback (most recent call last):
  File "/Users/huangwenhua/company/安洋/dianshang-scraper-c/src/scraper_client/infra/server/internal_api_client.py", line 99, in _request_json
    with request.urlopen(req, timeout=self.timeout) as resp:
         ~~~~~~~~~~~~~~~^^^^^^^^^^^^^^^^^^^^^^^^^^^
  File "/Users/huangwenhua/.local/share/uv/python/cpython-3.14.3-macos-aarch64-none/lib/python3.14/urllib/request.py", line 187, in urlopen
    return opener.open(url, data, timeout)
           ~~~~~~~~~~~^^^^^^^^^^^^^^^^^^^^
  File "/Users/huangwenhua/.local/share/uv/python/cpython-3.14.3-macos-aarch64-none/lib/python3.14/urllib/request.py", line 493, in open
    response = meth(req, response)
  File "/Users/huangwenhua/.local/share/uv/python/cpython-3.14.3-macos-aarch64-none/lib/python3.14/urllib/request.py", line 602, in http_response
    response = self.parent.error(
        'http', request, response, code, msg, hdrs)
  File "/Users/huangwenhua/.local/share/uv/python/cpython-3.14.3-macos-aarch64-none/lib/python3.14/urllib/request.py", line 531, in error
    return self._call_chain(*args)
           ~~~~~~~~~~~~~~~~^^^^^^^
  File "/Users/huangwenhua/.local/share/uv/python/cpython-3.14.3-macos-aarch64-none/lib/python3.14/urllib/request.py", line 464, in _call_chain
    result = func(*args)
  File "/Users/huangwenhua/.local/share/uv/python/cpython-3.14.3-macos-aarch64-none/lib/python3.14/urllib/request.py", line 611, in http_error_default
    raise HTTPError(req.full_url, code, msg, hdrs, fp)
urllib.error.HTTPError: HTTP Error 500: Internal Server Error

The above exception was the direct cause of the following exception:

Traceback (most recent call last):
  File "/Users/huangwenhua/company/安洋/dianshang-scraper-c/src/scraper_client/services/account_orchestrator.py", line 184, in execute_task
    self.result_uploader.upload(
    ~~~~~~~~~~~~~~~~~~~~~~~~~~~^
        round_no=round_no,
        ^^^^^^^^^^^^^^^^^^
    ...<5 lines>...
        price_info=price_info,
        ^^^^^^^^^^^^^^^^^^^^^^
    )
    ^
  File "/Users/huangwenhua/company/安洋/dianshang-scraper-c/src/scraper_client/services/result_uploader.py", line 24, in upload
    return self.api_client.upload_results(
           ~~~~~~~~~~~~~~~~~~~~~~~~~~~~~~^
        round_no=round_no,
        ^^^^^^^^^^^^^^^^^^
    ...<5 lines>...
        price_info=price_info,
        ^^^^^^^^^^^^^^^^^^^^^^
    )
    ^
  File "/Users/huangwenhua/company/安洋/dianshang-scraper-c/src/scraper_client/infra/server/internal_api_client.py", line 43, in upload_results
    data = self._request_json("POST", "/internal/scraper/results/upload", payload)
  File "/Users/huangwenhua/company/安洋/dianshang-scraper-c/src/scraper_client/infra/server/internal_api_client.py", line 103, in _request_json
    raise RuntimeError(f"internal api error {exc.code}: {detail}") from exc
RuntimeError: internal api error 500: {"detail":"Failed to upload results: (pymysql.err.OperationalError) (1292, \"Incorrect datetime value: '2026-04-26T13:30:07Z' for column 'platform_create_time' at row 1\")\n[SQL: INSERT INTO orders (platform, shop_id, outer_order_id, openid, status, total_amount, product_count, receiver_name, receiver_phone, receiver_address, pay_time, platform_create_time, platform_update_time, raw_data, uniform_status, ad_cost, employee_id, department_id, finder_id) VALUES (%(platform)s, %(shop_id)s, %(outer_order_id)s, %(openid)s, %(status)s, %(total_amount)s, %(product_count)s, %(receiver_name)s, %(receiver_phone)s, %(receiver_address)s, %(pay_time)s, %(platform_create_time)s, %(platform_update_time)s, %(raw_data)s, %(uniform_status)s, %(ad_cost)s, %(employee_id)s, %(department_id)s, %(finder_id)s)]\n[parameters: {'platform': 'JINGDONG', 'shop_id': 6, 'outer_order_id': '3480223018783842', 'openid': '元视野', 'status': '8', 'total_amount': 7990, 'product_count': 1, 'receiver_name': '侯**', 'receiver_phone': '1******7719', 'receiver_address': '北京海淀区青龙桥街道**********', 'pay_time': None, 'platform_create_time': '2026-04-26T13:30:07Z', 'platform_update_time': '2026-04-26T13:30:39Z', 'raw_data': '{\"orderType\": 22, \"orderPromiseInfo\": {\"expChanged\": false, \"promiseShipDate\": 1777402800000}, \"orderId\": \"3480223018783842\", \"orderCreateTime\": 1777 ... (4196 characters truncated) ... 79.9, \"freight\": 0.0, \"paymentTypeName\": \"\\\\u5728\\\\u7ebf\\\\u652f\\\\u4ed8\", \"receivables\": 79.9, \"commission\": 0.0, \"orderSum\": 79.9, \"paymentType\": 4}}', 'uniform_status': 'UNKNOWN', 'ad_cost': 0, 'employee_id': None, 'department_id': None, 'finder_id': None}]\n(Background on this error at: https://sqlalche.me/e/20/e3q8)"}
2026-04-26 21:31:08,563 INFO scraper_client.services.account_orchestrator - received signal=2, will stop after current account
2026-04-26 21:31:36,300 INFO scraper_client.infra.jd.jd_scraper - jd scrape start account_id=1 account_name=钰谢-老板 max_pages=1
2026-04-26 21:31:45,578 INFO scraper_client.infra.jd.order_list_extractor - order list extracted orders=10 (total_item=18415 pages=1)
2026-04-26 21:31:45,579 INFO scraper_client.infra.jd.detail_extractor - detail extraction enriched_orders=10
2026-04-26 21:31:45,579 INFO scraper_client.infra.jd.jd_scraper - jd scrape done account_id=1 orders=10 items=10 price_info=10
2026-04-26 21:31:45,770 ERROR scraper_client.services.account_orchestrator - task failed account_id=1 round=21
Traceback (most recent call last):
  File "/Users/huangwenhua/company/安洋/dianshang-scraper-c/src/scraper_client/infra/server/internal_api_client.py", line 99, in _request_json
    with request.urlopen(req, timeout=self.timeout) as resp:
         ~~~~~~~~~~~~~~~^^^^^^^^^^^^^^^^^^^^^^^^^^^
  File "/Users/huangwenhua/.local/share/uv/python/cpython-3.14.3-macos-aarch64-none/lib/python3.14/urllib/request.py", line 187, in urlopen
    return opener.open(url, data, timeout)
           ~~~~~~~~~~~^^^^^^^^^^^^^^^^^^^^
  File "/Users/huangwenhua/.local/share/uv/python/cpython-3.14.3-macos-aarch64-none/lib/python3.14/urllib/request.py", line 493, in open
    response = meth(req, response)
  File "/Users/huangwenhua/.local/share/uv/python/cpython-3.14.3-macos-aarch64-none/lib/python3.14/urllib/request.py", line 602, in http_response
    response = self.parent.error(
        'http', request, response, code, msg, hdrs)
  File "/Users/huangwenhua/.local/share/uv/python/cpython-3.14.3-macos-aarch64-none/lib/python3.14/urllib/request.py", line 531, in error
    return self._call_chain(*args)
           ~~~~~~~~~~~~~~~~^^^^^^^
  File "/Users/huangwenhua/.local/share/uv/python/cpython-3.14.3-macos-aarch64-none/lib/python3.14/urllib/request.py", line 464, in _call_chain
    result = func(*args)
  File "/Users/huangwenhua/.local/share/uv/python/cpython-3.14.3-macos-aarch64-none/lib/python3.14/urllib/request.py", line 611, in http_error_default
    raise HTTPError(req.full_url, code, msg, hdrs, fp)
urllib.error.HTTPError: HTTP Error 500: Internal Server Error

The above exception was the direct cause of the following exception:

Traceback (most recent call last):
  File "/Users/huangwenhua/company/安洋/dianshang-scraper-c/src/scraper_client/services/account_orchestrator.py", line 184, in execute_task
    self.result_uploader.upload(
    ~~~~~~~~~~~~~~~~~~~~~~~~~~~^
        round_no=round_no,
        ^^^^^^^^^^^^^^^^^^
    ...<5 lines>...
        price_info=price_info,
        ^^^^^^^^^^^^^^^^^^^^^^
    )
    ^
  File "/Users/huangwenhua/company/安洋/dianshang-scraper-c/src/scraper_client/services/result_uploader.py", line 24, in upload
    return self.api_client.upload_results(
           ~~~~~~~~~~~~~~~~~~~~~~~~~~~~~~^
        round_no=round_no,
        ^^^^^^^^^^^^^^^^^^
    ...<5 lines>...
        price_info=price_info,
        ^^^^^^^^^^^^^^^^^^^^^^
    )
    ^
  File "/Users/huangwenhua/company/安洋/dianshang-scraper-c/src/scraper_client/infra/server/internal_api_client.py", line 43, in upload_results
    data = self._request_json("POST", "/internal/scraper/results/upload", payload)
  File "/Users/huangwenhua/company/安洋/dianshang-scraper-c/src/scraper_client/infra/server/internal_api_client.py", line 103, in _request_json
    raise RuntimeError(f"internal api error {exc.code}: {detail}") from exc
RuntimeError: internal api error 500: {"detail":"Failed to upload results: (pymysql.err.OperationalError) (1292, \"Incorrect datetime value: '2026-04-26T13:30:07Z' for column 'platform_create_time' at row 1\")\n[SQL: INSERT INTO orders (platform, shop_id, outer_order_id, openid, status, total_amount, product_count, receiver_name, receiver_phone, receiver_address, pay_time, platform_create_time, platform_update_time, raw_data, uniform_status, ad_cost, employee_id, department_id, finder_id) VALUES (%(platform)s, %(shop_id)s, %(outer_order_id)s, %(openid)s, %(status)s, %(total_amount)s, %(product_count)s, %(receiver_name)s, %(receiver_phone)s, %(receiver_address)s, %(pay_time)s, %(platform_create_time)s, %(platform_update_time)s, %(raw_data)s, %(uniform_status)s, %(ad_cost)s, %(employee_id)s, %(department_id)s, %(finder_id)s)]\n[parameters: {'platform': 'JINGDONG', 'shop_id': 6, 'outer_order_id': '3480223018783842', 'openid': '元视野', 'status': '8', 'total_amount': 7990, 'product_count': 1, 'receiver_name': '侯**', 'receiver_phone': '1******7719', 'receiver_address': '北京海淀区青龙桥街道**********', 'pay_time': None, 'platform_create_time': '2026-04-26T13:30:07Z', 'platform_update_time': '2026-04-26T13:30:39Z', 'raw_data': '{\"orderType\": 22, \"orderPromiseInfo\": {\"expChanged\": false, \"promiseShipDate\": 1777402800000}, \"orderId\": \"3480223018783842\", \"orderCreateTime\": 1777 ... (4196 characters truncated) ... 79.9, \"freight\": 0.0, \"paymentTypeName\": \"\\\\u5728\\\\u7ebf\\\\u652f\\\\u4ed8\", \"receivables\": 79.9, \"commission\": 0.0, \"orderSum\": 79.9, \"paymentType\": 4}}', 'uniform_status': 'UNKNOWN', 'ad_cost': 0, 'employee_id': None, 'department_id': None, 'finder_id': None}]\n(Background on this error at: https://sqlalche.me/e/20/e3q8)"}
2026-04-26 21:32:15,816 INFO scraper_client.infra.jd.jd_scraper - jd scrape start account_id=1 account_name=钰谢-老板 max_pages=1
2026-04-26 21:32:24,929 INFO scraper_client.infra.jd.order_list_extractor - order list extracted orders=10 (total_item=18417 pages=1)
2026-04-26 21:32:24,930 INFO scraper_client.infra.jd.detail_extractor - detail extraction enriched_orders=10
2026-04-26 21:32:24,930 INFO scraper_client.infra.jd.jd_scraper - jd scrape done account_id=1 orders=10 items=10 price_info=10
2026-04-26 21:32:25,127 ERROR scraper_client.services.account_orchestrator - task failed account_id=1 round=22
Traceback (most recent call last):
  File "/Users/huangwenhua/company/安洋/dianshang-scraper-c/src/scraper_client/infra/server/internal_api_client.py", line 99, in _request_json
    with request.urlopen(req, timeout=self.timeout) as resp:
         ~~~~~~~~~~~~~~~^^^^^^^^^^^^^^^^^^^^^^^^^^^
  File "/Users/huangwenhua/.local/share/uv/python/cpython-3.14.3-macos-aarch64-none/lib/python3.14/urllib/request.py", line 187, in urlopen
    return opener.open(url, data, timeout)
           ~~~~~~~~~~~^^^^^^^^^^^^^^^^^^^^
  File "/Users/huangwenhua/.local/share/uv/python/cpython-3.14.3-macos-aarch64-none/lib/python3.14/urllib/request.py", line 493, in open
    response = meth(req, response)
  File "/Users/huangwenhua/.local/share/uv/python/cpython-3.14.3-macos-aarch64-none/lib/python3.14/urllib/request.py", line 602, in http_response
    response = self.parent.error(
        'http', request, response, code, msg, hdrs)
  File "/Users/huangwenhua/.local/share/uv/python/cpython-3.14.3-macos-aarch64-none/lib/python3.14/urllib/request.py", line 531, in error
    return self._call_chain(*args)
           ~~~~~~~~~~~~~~~~^^^^^^^
  File "/Users/huangwenhua/.local/share/uv/python/cpython-3.14.3-macos-aarch64-none/lib/python3.14/urllib/request.py", line 464, in _call_chain
    result = func(*args)
  File "/Users/huangwenhua/.local/share/uv/python/cpython-3.14.3-macos-aarch64-none/lib/python3.14/urllib/request.py", line 611, in http_error_default
    raise HTTPError(req.full_url, code, msg, hdrs, fp)
urllib.error.HTTPError: HTTP Error 500: Internal Server Error

The above exception was the direct cause of the following exception:

Traceback (most recent call last):
  File "/Users/huangwenhua/company/安洋/dianshang-scraper-c/src/scraper_client/services/account_orchestrator.py", line 184, in execute_task
    self.result_uploader.upload(
    ~~~~~~~~~~~~~~~~~~~~~~~~~~~^
        round_no=round_no,
        ^^^^^^^^^^^^^^^^^^
    ...<5 lines>...
        price_info=price_info,
        ^^^^^^^^^^^^^^^^^^^^^^
    )
    ^
  File "/Users/huangwenhua/company/安洋/dianshang-scraper-c/src/scraper_client/services/result_uploader.py", line 24, in upload
    return self.api_client.upload_results(
           ~~~~~~~~~~~~~~~~~~~~~~~~~~~~~~^
        round_no=round_no,
        ^^^^^^^^^^^^^^^^^^
    ...<5 lines>...
        price_info=price_info,
        ^^^^^^^^^^^^^^^^^^^^^^
    )
    ^
  File "/Users/huangwenhua/company/安洋/dianshang-scraper-c/src/scraper_client/infra/server/internal_api_client.py", line 43, in upload_results
    data = self._request_json("POST", "/internal/scraper/results/upload", payload)
  File "/Users/huangwenhua/company/安洋/dianshang-scraper-c/src/scraper_client/infra/server/internal_api_client.py", line 103, in _request_json
    raise RuntimeError(f"internal api error {exc.code}: {detail}") from exc
RuntimeError: internal api error 500: {"detail":"Failed to upload results: (pymysql.err.OperationalError) (1292, \"Incorrect datetime value: '2026-04-26T13:32:00Z' for column 'platform_create_time' at row 1\")\n[SQL: INSERT INTO orders (platform, shop_id, outer_order_id, openid, status, total_amount, product_count, receiver_name, receiver_phone, receiver_address, pay_time, platform_create_time, platform_update_time, raw_data, uniform_status, ad_cost, employee_id, department_id, finder_id) VALUES (%(platform)s, %(shop_id)s, %(outer_order_id)s, %(openid)s, %(status)s, %(total_amount)s, %(product_count)s, %(receiver_name)s, %(receiver_phone)s, %(receiver_address)s, %(pay_time)s, %(platform_create_time)s, %(platform_update_time)s, %(raw_data)s, %(uniform_status)s, %(ad_cost)s, %(employee_id)s, %(department_id)s, %(finder_id)s)]\n[parameters: {'platform': 'JINGDONG', 'shop_id': 6, 'outer_order_id': '3480257006113033', 'openid': 'wdtFytNniVzmkl', 'status': '8', 'total_amount': 5990, 'product_count': 1, 'receiver_name': '温**', 'receiver_phone': '1******5030', 'receiver_address': '四川成都市青白江区**********', 'pay_time': None, 'platform_create_time': '2026-04-26T13:32:00Z', 'platform_update_time': '2026-04-26T13:32:17Z', 'raw_data': '{\"orderType\": 22, \"orderPromiseInfo\": {\"expChanged\": false}, \"orderId\": \"3480257006113033\", \"orderCreateTime\": 1777210320000, \"paymentConfirmTime\": 1 ... (3217 characters truncated) ... 59.9, \"freight\": 0.0, \"paymentTypeName\": \"\\\\u5728\\\\u7ebf\\\\u652f\\\\u4ed8\", \"receivables\": 59.9, \"commission\": 0.0, \"orderSum\": 59.9, \"paymentType\": 4}}', 'uniform_status': 'UNKNOWN', 'ad_cost': 0, 'employee_id': None, 'department_id': None, 'finder_id': None}]\n(Background on this error at: https://sqlalche.me/e/20/e3q8)"}
2026-04-26 21:32:55,157 INFO scraper_client.services.account_orchestrator - no task available, sleep=10s
2026-04-26 21:33:05,166 INFO scraper_client.services.account_orchestrator - no task available, sleep=10s
2026-04-26 21:33:05,770 INFO scraper_client.app.main - scraper-client starting command=start client_id=scraper-client-local
2026-04-26 21:33:05,771 INFO scraper_client.app.main - log file: /Users/huangwenhua/company/安洋/dianshang-scraper-c/logs/scraper-client-local.log
2026-04-26 21:33:05,791 INFO scraper_client.infra.jd.jd_scraper - jd scrape start account_id=1 account_name=钰谢-老板 max_pages=1
2026-04-26 21:33:05,792 INFO scraper_client.infra.browser.chrome_discovery - CDP endpoint resolved: http://127.0.0.1:9222
2026-04-26 21:33:14,980 INFO scraper_client.infra.jd.order_list_extractor - order list extracted orders=10 (total_item=18419 pages=1)
2026-04-26 21:33:14,982 INFO scraper_client.infra.jd.detail_extractor - detail extraction enriched_orders=10
2026-04-26 21:33:14,983 INFO scraper_client.infra.jd.jd_scraper - jd scrape done account_id=1 orders=10 items=10 price_info=10
2026-04-26 21:33:15,177 INFO scraper_client.services.account_orchestrator - no task available, sleep=10s
2026-04-26 21:33:15,191 ERROR scraper_client.services.account_orchestrator - task failed account_id=1 round=23
Traceback (most recent call last):
  File "/Users/huangwenhua/company/安洋/dianshang-scraper-c/src/scraper_client/infra/server/internal_api_client.py", line 99, in _request_json
    with request.urlopen(req, timeout=self.timeout) as resp:
         ~~~~~~~~~~~~~~~^^^^^^^^^^^^^^^^^^^^^^^^^^^
  File "/Users/huangwenhua/.local/share/uv/python/cpython-3.14.3-macos-aarch64-none/lib/python3.14/urllib/request.py", line 187, in urlopen
    return opener.open(url, data, timeout)
           ~~~~~~~~~~~^^^^^^^^^^^^^^^^^^^^
  File "/Users/huangwenhua/.local/share/uv/python/cpython-3.14.3-macos-aarch64-none/lib/python3.14/urllib/request.py", line 493, in open
    response = meth(req, response)
  File "/Users/huangwenhua/.local/share/uv/python/cpython-3.14.3-macos-aarch64-none/lib/python3.14/urllib/request.py", line 602, in http_response
    response = self.parent.error(
        'http', request, response, code, msg, hdrs)
  File "/Users/huangwenhua/.local/share/uv/python/cpython-3.14.3-macos-aarch64-none/lib/python3.14/urllib/request.py", line 531, in error
    return self._call_chain(*args)
           ~~~~~~~~~~~~~~~~^^^^^^^
  File "/Users/huangwenhua/.local/share/uv/python/cpython-3.14.3-macos-aarch64-none/lib/python3.14/urllib/request.py", line 464, in _call_chain
    result = func(*args)
  File "/Users/huangwenhua/.local/share/uv/python/cpython-3.14.3-macos-aarch64-none/lib/python3.14/urllib/request.py", line 611, in http_error_default
    raise HTTPError(req.full_url, code, msg, hdrs, fp)
urllib.error.HTTPError: HTTP Error 500: Internal Server Error

The above exception was the direct cause of the following exception:

Traceback (most recent call last):
  File "/Users/huangwenhua/company/安洋/dianshang-scraper-c/src/scraper_client/services/account_orchestrator.py", line 184, in execute_task
    self.result_uploader.upload(
    ~~~~~~~~~~~~~~~~~~~~~~~~~~~^
        round_no=round_no,
        ^^^^^^^^^^^^^^^^^^
    ...<5 lines>...
        price_info=price_info,
        ^^^^^^^^^^^^^^^^^^^^^^
    )
    ^
  File "/Users/huangwenhua/company/安洋/dianshang-scraper-c/src/scraper_client/services/result_uploader.py", line 24, in upload
    return self.api_client.upload_results(
           ~~~~~~~~~~~~~~~~~~~~~~~~~~~~~~^
        round_no=round_no,
        ^^^^^^^^^^^^^^^^^^
    ...<5 lines>...
        price_info=price_info,
        ^^^^^^^^^^^^^^^^^^^^^^
    )
    ^
  File "/Users/huangwenhua/company/安洋/dianshang-scraper-c/src/scraper_client/infra/server/internal_api_client.py", line 43, in upload_results
    data = self._request_json("POST", "/internal/scraper/results/upload", payload)
  File "/Users/huangwenhua/company/安洋/dianshang-scraper-c/src/scraper_client/infra/server/internal_api_client.py", line 103, in _request_json
    raise RuntimeError(f"internal api error {exc.code}: {detail}") from exc
RuntimeError: internal api error 500: {"detail":"Failed to upload results: (pymysql.err.IntegrityError) (1048, \"Column 'platform_update_time' cannot be null\")\n[SQL: INSERT INTO orders (platform, shop_id, outer_order_id, openid, status, total_amount, product_count, receiver_name, receiver_phone, receiver_address, pay_time, platform_create_time, platform_update_time, raw_data, uniform_status, ad_cost, employee_id, department_id, finder_id) VALUES (%(platform)s, %(shop_id)s, %(outer_order_id)s, %(openid)s, %(status)s, %(total_amount)s, %(product_count)s, %(receiver_name)s, %(receiver_phone)s, %(receiver_address)s, %(pay_time)s, %(platform_create_time)s, %(platform_update_time)s, %(raw_data)s, %(uniform_status)s, %(ad_cost)s, %(employee_id)s, %(department_id)s, %(finder_id)s)]\n[parameters: {'platform': 'JINGDONG', 'shop_id': 6, 'outer_order_id': '3480214008063694', 'openid': 'jd_6cc8e844f55b2', 'status': '2', 'total_amount': 5990, 'product_count': 1, 'receiver_name': '唐**', 'receiver_phone': '1******7854', 'receiver_address': '江苏泰州市泰兴市**********', 'pay_time': None, 'platform_create_time': '2026-04-26 13:32:46', 'platform_update_time': None, 'raw_data': '{\"userPin\": \"jd_6cc8e844f55b2\", \"orderType\": 22, \"orderPromiseInfo\": {\"expChanged\": false, \"orderWarningDesc\": \"\\\\u4e70\\\\u5bb6\\\\u672a\\\\u4ed8\\\\u6b3e\\\\ ... (3379 characters truncated) ...  59.9, \"freight\": 0.0, \"paymentTypeName\": \"\\\\u5728\\\\u7ebf\\\\u652f\\\\u4ed8\", \"receivables\": 59.9, \"commission\": 0.0, \"orderSum\": 0.0, \"paymentType\": 4}}', 'uniform_status': 'SHIPPED', 'ad_cost': 0, 'employee_id': None, 'department_id': None, 'finder_id': None}]\n(Background on this error at: https://sqlalche.me/e/20/gkpj)"}
2026-04-26 21:33:25,195 INFO scraper_client.services.account_orchestrator - no task available, sleep=10s
2026-04-26 21:33:35,221 INFO scraper_client.infra.jd.jd_scraper - jd scrape start account_id=1 account_name=钰谢-老板 max_pages=1
2026-04-26 21:33:44,287 INFO scraper_client.infra.jd.order_list_extractor - order list extracted orders=10 (total_item=18420 pages=1)
2026-04-26 21:33:44,288 INFO scraper_client.infra.jd.detail_extractor - detail extraction enriched_orders=10
2026-04-26 21:33:44,289 INFO scraper_client.infra.jd.jd_scraper - jd scrape done account_id=1 orders=10 items=10 price_info=10
2026-04-26 21:33:44,511 ERROR scraper_client.services.account_orchestrator - task failed account_id=1 round=24
Traceback (most recent call last):
  File "/Users/huangwenhua/company/安洋/dianshang-scraper-c/src/scraper_client/infra/server/internal_api_client.py", line 99, in _request_json
    with request.urlopen(req, timeout=self.timeout) as resp:
         ~~~~~~~~~~~~~~~^^^^^^^^^^^^^^^^^^^^^^^^^^^
  File "/Users/huangwenhua/.local/share/uv/python/cpython-3.14.3-macos-aarch64-none/lib/python3.14/urllib/request.py", line 187, in urlopen
    return opener.open(url, data, timeout)
           ~~~~~~~~~~~^^^^^^^^^^^^^^^^^^^^
  File "/Users/huangwenhua/.local/share/uv/python/cpython-3.14.3-macos-aarch64-none/lib/python3.14/urllib/request.py", line 493, in open
    response = meth(req, response)
  File "/Users/huangwenhua/.local/share/uv/python/cpython-3.14.3-macos-aarch64-none/lib/python3.14/urllib/request.py", line 602, in http_response
    response = self.parent.error(
        'http', request, response, code, msg, hdrs)
  File "/Users/huangwenhua/.local/share/uv/python/cpython-3.14.3-macos-aarch64-none/lib/python3.14/urllib/request.py", line 531, in error
    return self._call_chain(*args)
           ~~~~~~~~~~~~~~~~^^^^^^^
  File "/Users/huangwenhua/.local/share/uv/python/cpython-3.14.3-macos-aarch64-none/lib/python3.14/urllib/request.py", line 464, in _call_chain
    result = func(*args)
  File "/Users/huangwenhua/.local/share/uv/python/cpython-3.14.3-macos-aarch64-none/lib/python3.14/urllib/request.py", line 611, in http_error_default
    raise HTTPError(req.full_url, code, msg, hdrs, fp)
urllib.error.HTTPError: HTTP Error 500: Internal Server Error

The above exception was the direct cause of the following exception:

Traceback (most recent call last):
  File "/Users/huangwenhua/company/安洋/dianshang-scraper-c/src/scraper_client/services/account_orchestrator.py", line 184, in execute_task
    self.result_uploader.upload(
    ~~~~~~~~~~~~~~~~~~~~~~~~~~~^
        round_no=round_no,
        ^^^^^^^^^^^^^^^^^^
    ...<5 lines>...
        price_info=price_info,
        ^^^^^^^^^^^^^^^^^^^^^^
    )
    ^
  File "/Users/huangwenhua/company/安洋/dianshang-scraper-c/src/scraper_client/services/result_uploader.py", line 24, in upload
    return self.api_client.upload_results(
           ~~~~~~~~~~~~~~~~~~~~~~~~~~~~~~^
        round_no=round_no,
        ^^^^^^^^^^^^^^^^^^
    ...<5 lines>...
        price_info=price_info,
        ^^^^^^^^^^^^^^^^^^^^^^
    )
    ^
  File "/Users/huangwenhua/company/安洋/dianshang-scraper-c/src/scraper_client/infra/server/internal_api_client.py", line 43, in upload_results
    data = self._request_json("POST", "/internal/scraper/results/upload", payload)
  File "/Users/huangwenhua/company/安洋/dianshang-scraper-c/src/scraper_client/infra/server/internal_api_client.py", line 103, in _request_json
    raise RuntimeError(f"internal api error {exc.code}: {detail}") from exc
RuntimeError: internal api error 500: {"detail":"Failed to upload results: (pymysql.err.OperationalError) (1292, \"Incorrect datetime value: '2026-04-26T13:33:16Z' for column 'platform_create_time' at row 1\")\n[SQL: INSERT INTO orders (platform, shop_id, outer_order_id, openid, status, total_amount, product_count, receiver_name, receiver_phone, receiver_address, pay_time, platform_create_time, platform_update_time, raw_data, uniform_status, ad_cost, employee_id, department_id, finder_id) VALUES (%(platform)s, %(shop_id)s, %(outer_order_id)s, %(openid)s, %(status)s, %(total_amount)s, %(product_count)s, %(receiver_name)s, %(receiver_phone)s, %(receiver_address)s, %(pay_time)s, %(platform_create_time)s, %(platform_update_time)s, %(raw_data)s, %(uniform_status)s, %(ad_cost)s, %(employee_id)s, %(department_id)s, %(finder_id)s)]\n[parameters: {'platform': 'JINGDONG', 'shop_id': 6, 'outer_order_id': '3480231018359125', 'openid': 'jd_780adaf5a0949', 'status': '2', 'total_amount': 5990, 'product_count': 1, 'receiver_name': '许**', 'receiver_phone': '1******8249', 'receiver_address': '江苏南京市浦口区**********', 'pay_time': None, 'platform_create_time': '2026-04-26T13:33:16Z', 'platform_update_time': None, 'raw_data': '{\"userPin\": \"jd_780adaf5a0949\", \"orderType\": 22, \"orderPromiseInfo\": {\"expChanged\": false, \"orderWarningDesc\": \"\\\\u4e70\\\\u5bb6\\\\u672a\\\\u4ed8\\\\u6b3e\\\\ ... (3381 characters truncated) ...  59.9, \"freight\": 0.0, \"paymentTypeName\": \"\\\\u5728\\\\u7ebf\\\\u652f\\\\u4ed8\", \"receivables\": 59.9, \"commission\": 0.0, \"orderSum\": 0.0, \"paymentType\": 4}}', 'uniform_status': 'SHIPPED', 'ad_cost': 0, 'employee_id': None, 'department_id': None, 'finder_id': None}]\n(Background on this error at: https://sqlalche.me/e/20/e3q8)"}
2026-04-26 21:33:45,237 INFO scraper_client.infra.jd.jd_scraper - jd scrape start account_id=2 account_name=顺成-Z max_pages=1
2026-04-26 21:33:54,036 INFO scraper_client.infra.jd.order_list_extractor - order list extracted orders=10 (total_item=18420 pages=1)
2026-04-26 21:33:54,037 INFO scraper_client.infra.jd.detail_extractor - detail extraction enriched_orders=10
2026-04-26 21:33:54,038 INFO scraper_client.infra.jd.jd_scraper - jd scrape done account_id=2 orders=10 items=10 price_info=10
2026-04-26 21:33:54,253 ERROR scraper_client.services.account_orchestrator - task failed account_id=2 round=25
Traceback (most recent call last):
  File "/Users/huangwenhua/company/安洋/dianshang-scraper-c/src/scraper_client/infra/server/internal_api_client.py", line 99, in _request_json
    with request.urlopen(req, timeout=self.timeout) as resp:
         ~~~~~~~~~~~~~~~^^^^^^^^^^^^^^^^^^^^^^^^^^^
  File "/Users/huangwenhua/.local/share/uv/python/cpython-3.14.3-macos-aarch64-none/lib/python3.14/urllib/request.py", line 187, in urlopen
    return opener.open(url, data, timeout)
           ~~~~~~~~~~~^^^^^^^^^^^^^^^^^^^^
  File "/Users/huangwenhua/.local/share/uv/python/cpython-3.14.3-macos-aarch64-none/lib/python3.14/urllib/request.py", line 493, in open
    response = meth(req, response)
  File "/Users/huangwenhua/.local/share/uv/python/cpython-3.14.3-macos-aarch64-none/lib/python3.14/urllib/request.py", line 602, in http_response
    response = self.parent.error(
        'http', request, response, code, msg, hdrs)
  File "/Users/huangwenhua/.local/share/uv/python/cpython-3.14.3-macos-aarch64-none/lib/python3.14/urllib/request.py", line 531, in error
    return self._call_chain(*args)
           ~~~~~~~~~~~~~~~~^^^^^^^
  File "/Users/huangwenhua/.local/share/uv/python/cpython-3.14.3-macos-aarch64-none/lib/python3.14/urllib/request.py", line 464, in _call_chain
    result = func(*args)
  File "/Users/huangwenhua/.local/share/uv/python/cpython-3.14.3-macos-aarch64-none/lib/python3.14/urllib/request.py", line 611, in http_error_default
    raise HTTPError(req.full_url, code, msg, hdrs, fp)
urllib.error.HTTPError: HTTP Error 500: Internal Server Error

The above exception was the direct cause of the following exception:

Traceback (most recent call last):
  File "/Users/huangwenhua/company/安洋/dianshang-scraper-c/src/scraper_client/services/account_orchestrator.py", line 184, in execute_task
    self.result_uploader.upload(
    ~~~~~~~~~~~~~~~~~~~~~~~~~~~^
        round_no=round_no,
        ^^^^^^^^^^^^^^^^^^
    ...<5 lines>...
        price_info=price_info,
        ^^^^^^^^^^^^^^^^^^^^^^
    )
    ^
  File "/Users/huangwenhua/company/安洋/dianshang-scraper-c/src/scraper_client/services/result_uploader.py", line 24, in upload
    return self.api_client.upload_results(
           ~~~~~~~~~~~~~~~~~~~~~~~~~~~~~~^
        round_no=round_no,
        ^^^^^^^^^^^^^^^^^^
    ...<5 lines>...
        price_info=price_info,
        ^^^^^^^^^^^^^^^^^^^^^^
    )
    ^
  File "/Users/huangwenhua/company/安洋/dianshang-scraper-c/src/scraper_client/infra/server/internal_api_client.py", line 43, in upload_results
    data = self._request_json("POST", "/internal/scraper/results/upload", payload)
  File "/Users/huangwenhua/company/安洋/dianshang-scraper-c/src/scraper_client/infra/server/internal_api_client.py", line 103, in _request_json
    raise RuntimeError(f"internal api error {exc.code}: {detail}") from exc
RuntimeError: internal api error 500: {"detail":"Failed to upload results: (pymysql.err.IntegrityError) (1048, \"Column 'platform_update_time' cannot be null\")\n[SQL: INSERT INTO orders (platform, shop_id, outer_order_id, openid, status, total_amount, product_count, receiver_name, receiver_phone, receiver_address, pay_time, platform_create_time, platform_update_time, raw_data, uniform_status, ad_cost, employee_id, department_id, finder_id) VALUES (%(platform)s, %(shop_id)s, %(outer_order_id)s, %(openid)s, %(status)s, %(total_amount)s, %(product_count)s, %(receiver_name)s, %(receiver_phone)s, %(receiver_address)s, %(pay_time)s, %(platform_create_time)s, %(platform_update_time)s, %(raw_data)s, %(uniform_status)s, %(ad_cost)s, %(employee_id)s, %(department_id)s, %(finder_id)s)]\n[parameters: {'platform': 'JINGDONG', 'shop_id': 7, 'outer_order_id': '3480231018359125', 'openid': 'jd_780adaf5a0949', 'status': '2', 'total_amount': 5990, 'product_count': 1, 'receiver_name': '许**', 'receiver_phone': '1******8249', 'receiver_address': '江苏南京市浦口区**********', 'pay_time': None, 'platform_create_time': '2026-04-26 13:33:16', 'platform_update_time': None, 'raw_data': '{\"userPin\": \"jd_780adaf5a0949\", \"orderType\": 22, \"orderPromiseInfo\": {\"expChanged\": false, \"orderWarningDesc\": \"\\\\u4e70\\\\u5bb6\\\\u672a\\\\u4ed8\\\\u6b3e\\\\ ... (3381 characters truncated) ...  59.9, \"freight\": 0.0, \"paymentTypeName\": \"\\\\u5728\\\\u7ebf\\\\u652f\\\\u4ed8\", \"receivables\": 59.9, \"commission\": 0.0, \"orderSum\": 0.0, \"paymentType\": 4}}', 'uniform_status': 'SHIPPED', 'ad_cost': 0, 'employee_id': None, 'department_id': None, 'finder_id': None}]\n(Background on this error at: https://sqlalche.me/e/20/gkpj)"}
2026-04-26 21:33:59,281 INFO scraper_client.services.account_orchestrator - received signal=2, will stop after current account
2026-04-26 21:34:14,560 INFO scraper_client.infra.jd.jd_scraper - jd scrape start account_id=2 account_name=顺成-Z max_pages=1
2026-04-26 21:34:23,431 INFO scraper_client.infra.jd.order_list_extractor - order list extracted orders=10 (total_item=18420 pages=1)
2026-04-26 21:34:23,432 INFO scraper_client.infra.jd.detail_extractor - detail extraction enriched_orders=10
2026-04-26 21:34:23,432 INFO scraper_client.infra.jd.jd_scraper - jd scrape done account_id=2 orders=10 items=10 price_info=10
2026-04-26 21:34:23,628 ERROR scraper_client.services.account_orchestrator - task failed account_id=2 round=26
Traceback (most recent call last):
  File "/Users/huangwenhua/company/安洋/dianshang-scraper-c/src/scraper_client/infra/server/internal_api_client.py", line 99, in _request_json
    with request.urlopen(req, timeout=self.timeout) as resp:
         ~~~~~~~~~~~~~~~^^^^^^^^^^^^^^^^^^^^^^^^^^^
  File "/Users/huangwenhua/.local/share/uv/python/cpython-3.14.3-macos-aarch64-none/lib/python3.14/urllib/request.py", line 187, in urlopen
    return opener.open(url, data, timeout)
           ~~~~~~~~~~~^^^^^^^^^^^^^^^^^^^^
  File "/Users/huangwenhua/.local/share/uv/python/cpython-3.14.3-macos-aarch64-none/lib/python3.14/urllib/request.py", line 493, in open
    response = meth(req, response)
  File "/Users/huangwenhua/.local/share/uv/python/cpython-3.14.3-macos-aarch64-none/lib/python3.14/urllib/request.py", line 602, in http_response
    response = self.parent.error(
        'http', request, response, code, msg, hdrs)
  File "/Users/huangwenhua/.local/share/uv/python/cpython-3.14.3-macos-aarch64-none/lib/python3.14/urllib/request.py", line 531, in error
    return self._call_chain(*args)
           ~~~~~~~~~~~~~~~~^^^^^^^
  File "/Users/huangwenhua/.local/share/uv/python/cpython-3.14.3-macos-aarch64-none/lib/python3.14/urllib/request.py", line 464, in _call_chain
    result = func(*args)
  File "/Users/huangwenhua/.local/share/uv/python/cpython-3.14.3-macos-aarch64-none/lib/python3.14/urllib/request.py", line 611, in http_error_default
    raise HTTPError(req.full_url, code, msg, hdrs, fp)
urllib.error.HTTPError: HTTP Error 500: Internal Server Error

The above exception was the direct cause of the following exception:

Traceback (most recent call last):
  File "/Users/huangwenhua/company/安洋/dianshang-scraper-c/src/scraper_client/services/account_orchestrator.py", line 184, in execute_task
    self.result_uploader.upload(
    ~~~~~~~~~~~~~~~~~~~~~~~~~~~^
        round_no=round_no,
        ^^^^^^^^^^^^^^^^^^
    ...<5 lines>...
        price_info=price_info,
        ^^^^^^^^^^^^^^^^^^^^^^
    )
    ^
  File "/Users/huangwenhua/company/安洋/dianshang-scraper-c/src/scraper_client/services/result_uploader.py", line 24, in upload
    return self.api_client.upload_results(
           ~~~~~~~~~~~~~~~~~~~~~~~~~~~~~~^
        round_no=round_no,
        ^^^^^^^^^^^^^^^^^^
    ...<5 lines>...
        price_info=price_info,
        ^^^^^^^^^^^^^^^^^^^^^^
    )
    ^
  File "/Users/huangwenhua/company/安洋/dianshang-scraper-c/src/scraper_client/infra/server/internal_api_client.py", line 43, in upload_results
    data = self._request_json("POST", "/internal/scraper/results/upload", payload)
  File "/Users/huangwenhua/company/安洋/dianshang-scraper-c/src/scraper_client/infra/server/internal_api_client.py", line 103, in _request_json
    raise RuntimeError(f"internal api error {exc.code}: {detail}") from exc
RuntimeError: internal api error 500: {"detail":"Failed to upload results: (pymysql.err.OperationalError) (1292, \"Incorrect datetime value: '2026-04-26T13:33:16Z' for column 'platform_create_time' at row 1\")\n[SQL: INSERT INTO orders (platform, shop_id, outer_order_id, openid, status, total_amount, product_count, receiver_name, receiver_phone, receiver_address, pay_time, platform_create_time, platform_update_time, raw_data, uniform_status, ad_cost, employee_id, department_id, finder_id) VALUES (%(platform)s, %(shop_id)s, %(outer_order_id)s, %(openid)s, %(status)s, %(total_amount)s, %(product_count)s, %(receiver_name)s, %(receiver_phone)s, %(receiver_address)s, %(pay_time)s, %(platform_create_time)s, %(platform_update_time)s, %(raw_data)s, %(uniform_status)s, %(ad_cost)s, %(employee_id)s, %(department_id)s, %(finder_id)s)]\n[parameters: {'platform': 'JINGDONG', 'shop_id': 7, 'outer_order_id': '3480231018359125', 'openid': 'jd_780adaf5a0949', 'status': '2', 'total_amount': 5990, 'product_count': 1, 'receiver_name': '许**', 'receiver_phone': '1******8249', 'receiver_address': '江苏南京市浦口区**********', 'pay_time': None, 'platform_create_time': '2026-04-26T13:33:16Z', 'platform_update_time': None, 'raw_data': '{\"userPin\": \"jd_780adaf5a0949\", \"orderType\": 22, \"orderPromiseInfo\": {\"expChanged\": false, \"orderWarningDesc\": \"\\\\u4e70\\\\u5bb6\\\\u672a\\\\u4ed8\\\\u6b3e\\\\ ... (3381 characters truncated) ...  59.9, \"freight\": 0.0, \"paymentTypeName\": \"\\\\u5728\\\\u7ebf\\\\u652f\\\\u4ed8\", \"receivables\": 59.9, \"commission\": 0.0, \"orderSum\": 0.0, \"paymentType\": 4}}', 'uniform_status': 'SHIPPED', 'ad_cost': 0, 'employee_id': None, 'department_id': None, 'finder_id': None}]\n(Background on this error at: https://sqlalche.me/e/20/e3q8)"}
2026-04-26 21:34:53,670 INFO scraper_client.infra.jd.jd_scraper - jd scrape start account_id=2 account_name=顺成-Z max_pages=1
2026-04-26 21:35:02,909 INFO scraper_client.infra.jd.order_list_extractor - order list extracted orders=10 (total_item=18421 pages=1)
2026-04-26 21:35:02,911 INFO scraper_client.infra.jd.detail_extractor - detail extraction enriched_orders=10
2026-04-26 21:35:02,911 INFO scraper_client.infra.jd.jd_scraper - jd scrape done account_id=2 orders=10 items=10 price_info=10
2026-04-26 21:35:03,130 ERROR scraper_client.services.account_orchestrator - task failed account_id=2 round=27
Traceback (most recent call last):
  File "/Users/huangwenhua/company/安洋/dianshang-scraper-c/src/scraper_client/infra/server/internal_api_client.py", line 99, in _request_json
    with request.urlopen(req, timeout=self.timeout) as resp:
         ~~~~~~~~~~~~~~~^^^^^^^^^^^^^^^^^^^^^^^^^^^
  File "/Users/huangwenhua/.local/share/uv/python/cpython-3.14.3-macos-aarch64-none/lib/python3.14/urllib/request.py", line 187, in urlopen
    return opener.open(url, data, timeout)
           ~~~~~~~~~~~^^^^^^^^^^^^^^^^^^^^
  File "/Users/huangwenhua/.local/share/uv/python/cpython-3.14.3-macos-aarch64-none/lib/python3.14/urllib/request.py", line 493, in open
    response = meth(req, response)
  File "/Users/huangwenhua/.local/share/uv/python/cpython-3.14.3-macos-aarch64-none/lib/python3.14/urllib/request.py", line 602, in http_response
    response = self.parent.error(
        'http', request, response, code, msg, hdrs)
  File "/Users/huangwenhua/.local/share/uv/python/cpython-3.14.3-macos-aarch64-none/lib/python3.14/urllib/request.py", line 531, in error
    return self._call_chain(*args)
           ~~~~~~~~~~~~~~~~^^^^^^^
  File "/Users/huangwenhua/.local/share/uv/python/cpython-3.14.3-macos-aarch64-none/lib/python3.14/urllib/request.py", line 464, in _call_chain
    result = func(*args)
  File "/Users/huangwenhua/.local/share/uv/python/cpython-3.14.3-macos-aarch64-none/lib/python3.14/urllib/request.py", line 611, in http_error_default
    raise HTTPError(req.full_url, code, msg, hdrs, fp)
urllib.error.HTTPError: HTTP Error 500: Internal Server Error

The above exception was the direct cause of the following exception:

Traceback (most recent call last):
  File "/Users/huangwenhua/company/安洋/dianshang-scraper-c/src/scraper_client/services/account_orchestrator.py", line 184, in execute_task
    self.result_uploader.upload(
    ~~~~~~~~~~~~~~~~~~~~~~~~~~~^
        round_no=round_no,
        ^^^^^^^^^^^^^^^^^^
    ...<5 lines>...
        price_info=price_info,
        ^^^^^^^^^^^^^^^^^^^^^^
    )
    ^
  File "/Users/huangwenhua/company/安洋/dianshang-scraper-c/src/scraper_client/services/result_uploader.py", line 24, in upload
    return self.api_client.upload_results(
           ~~~~~~~~~~~~~~~~~~~~~~~~~~~~~~^
        round_no=round_no,
        ^^^^^^^^^^^^^^^^^^
    ...<5 lines>...
        price_info=price_info,
        ^^^^^^^^^^^^^^^^^^^^^^
    )
    ^
  File "/Users/huangwenhua/company/安洋/dianshang-scraper-c/src/scraper_client/infra/server/internal_api_client.py", line 43, in upload_results
    data = self._request_json("POST", "/internal/scraper/results/upload", payload)
  File "/Users/huangwenhua/company/安洋/dianshang-scraper-c/src/scraper_client/infra/server/internal_api_client.py", line 103, in _request_json
    raise RuntimeError(f"internal api error {exc.code}: {detail}") from exc
RuntimeError: internal api error 500: {"detail":"Failed to upload results: (pymysql.err.OperationalError) (1292, \"Incorrect datetime value: '2026-04-26T13:34:47Z' for column 'platform_create_time' at row 1\")\n[SQL: INSERT INTO orders (platform, shop_id, outer_order_id, openid, status, total_amount, product_count, receiver_name, receiver_phone, receiver_address, pay_time, platform_create_time, platform_update_time, raw_data, uniform_status, ad_cost, employee_id, department_id, finder_id) VALUES (%(platform)s, %(shop_id)s, %(outer_order_id)s, %(openid)s, %(status)s, %(total_amount)s, %(product_count)s, %(receiver_name)s, %(receiver_phone)s, %(receiver_address)s, %(pay_time)s, %(platform_create_time)s, %(platform_update_time)s, %(raw_data)s, %(uniform_status)s, %(ad_cost)s, %(employee_id)s, %(department_id)s, %(finder_id)s)]\n[parameters: {'platform': 'JINGDONG', 'shop_id': 7, 'outer_order_id': '3480208009397713', 'openid': 'jd_474b3e3fc1d60', 'status': '2', 'total_amount': 7990, 'product_count': 1, 'receiver_name': '袁**', 'receiver_phone': '1******5777', 'receiver_address': '重庆石柱县南宾街道**********', 'pay_time': None, 'platform_create_time': '2026-04-26T13:34:47Z', 'platform_update_time': None, 'raw_data': '{\"userPin\": \"jd_474b3e3fc1d60\", \"orderType\": 22, \"orderPromiseInfo\": {\"expChanged\": false, \"orderWarningDesc\": \"\\\\u4e70\\\\u5bb6\\\\u672a\\\\u4ed8\\\\u6b3e\\\\ ... (3411 characters truncated) ...  79.9, \"freight\": 0.0, \"paymentTypeName\": \"\\\\u5728\\\\u7ebf\\\\u652f\\\\u4ed8\", \"receivables\": 79.9, \"commission\": 0.0, \"orderSum\": 0.0, \"paymentType\": 4}}', 'uniform_status': 'SHIPPED', 'ad_cost': 0, 'employee_id': None, 'department_id': None, 'finder_id': None}]\n(Background on this error at: https://sqlalche.me/e/20/e3q8)"}
2026-04-26 21:35:32,945 INFO scraper_client.app.main - scraper-client starting command=start client_id=scraper-client-local
2026-04-26 21:35:32,946 INFO scraper_client.app.main - log file: /Users/huangwenhua/company/安洋/dianshang-scraper-c/logs/scraper-client-local.log
2026-04-26 21:35:32,972 INFO scraper_client.infra.jd.jd_scraper - jd scrape start account_id=2 account_name=顺成-Z max_pages=1
2026-04-26 21:35:32,973 INFO scraper_client.infra.browser.chrome_discovery - CDP endpoint resolved: http://127.0.0.1:9222
2026-04-26 21:35:33,169 INFO scraper_client.services.account_orchestrator - no task available, sleep=10s
2026-04-26 21:35:42,039 INFO scraper_client.infra.jd.order_list_extractor - order list extracted orders=10 (total_item=18424 pages=1)
2026-04-26 21:35:42,040 INFO scraper_client.infra.jd.detail_extractor - detail extraction enriched_orders=10
2026-04-26 21:35:42,041 INFO scraper_client.infra.jd.jd_scraper - jd scrape done account_id=2 orders=10 items=10 price_info=10
2026-04-26 21:35:42,319 INFO scraper_client.services.account_orchestrator - task success account_id=2 orders=10 round=28
2026-04-26 21:35:43,192 INFO scraper_client.infra.jd.jd_scraper - jd scrape start account_id=1 account_name=钰谢-老板 max_pages=1
2026-04-26 21:35:52,164 INFO scraper_client.infra.jd.order_list_extractor - order list extracted orders=10 (total_item=18424 pages=1)
2026-04-26 21:35:52,165 INFO scraper_client.infra.jd.detail_extractor - detail extraction enriched_orders=10
2026-04-26 21:35:52,166 INFO scraper_client.infra.jd.jd_scraper - jd scrape done account_id=1 orders=10 items=10 price_info=10
2026-04-26 21:35:52,352 ERROR scraper_client.services.account_orchestrator - task failed account_id=1 round=28
Traceback (most recent call last):
  File "/Users/huangwenhua/company/安洋/dianshang-scraper-c/src/scraper_client/infra/server/internal_api_client.py", line 99, in _request_json
    with request.urlopen(req, timeout=self.timeout) as resp:
         ~~~~~~~~~~~~~~~^^^^^^^^^^^^^^^^^^^^^^^^^^^
  File "/Users/huangwenhua/.local/share/uv/python/cpython-3.14.3-macos-aarch64-none/lib/python3.14/urllib/request.py", line 187, in urlopen
    return opener.open(url, data, timeout)
           ~~~~~~~~~~~^^^^^^^^^^^^^^^^^^^^
  File "/Users/huangwenhua/.local/share/uv/python/cpython-3.14.3-macos-aarch64-none/lib/python3.14/urllib/request.py", line 493, in open
    response = meth(req, response)
  File "/Users/huangwenhua/.local/share/uv/python/cpython-3.14.3-macos-aarch64-none/lib/python3.14/urllib/request.py", line 602, in http_response
    response = self.parent.error(
        'http', request, response, code, msg, hdrs)
  File "/Users/huangwenhua/.local/share/uv/python/cpython-3.14.3-macos-aarch64-none/lib/python3.14/urllib/request.py", line 531, in error
    return self._call_chain(*args)
           ~~~~~~~~~~~~~~~~^^^^^^^
  File "/Users/huangwenhua/.local/share/uv/python/cpython-3.14.3-macos-aarch64-none/lib/python3.14/urllib/request.py", line 464, in _call_chain
    result = func(*args)
  File "/Users/huangwenhua/.local/share/uv/python/cpython-3.14.3-macos-aarch64-none/lib/python3.14/urllib/request.py", line 611, in http_error_default
    raise HTTPError(req.full_url, code, msg, hdrs, fp)
urllib.error.HTTPError: HTTP Error 500: Internal Server Error

The above exception was the direct cause of the following exception:

Traceback (most recent call last):
  File "/Users/huangwenhua/company/安洋/dianshang-scraper-c/src/scraper_client/services/account_orchestrator.py", line 184, in execute_task
    self.result_uploader.upload(
    ~~~~~~~~~~~~~~~~~~~~~~~~~~~^
        round_no=round_no,
        ^^^^^^^^^^^^^^^^^^
    ...<5 lines>...
        price_info=price_info,
        ^^^^^^^^^^^^^^^^^^^^^^
    )
    ^
  File "/Users/huangwenhua/company/安洋/dianshang-scraper-c/src/scraper_client/services/result_uploader.py", line 24, in upload
    return self.api_client.upload_results(
           ~~~~~~~~~~~~~~~~~~~~~~~~~~~~~~^
        round_no=round_no,
        ^^^^^^^^^^^^^^^^^^
    ...<5 lines>...
        price_info=price_info,
        ^^^^^^^^^^^^^^^^^^^^^^
    )
    ^
  File "/Users/huangwenhua/company/安洋/dianshang-scraper-c/src/scraper_client/infra/server/internal_api_client.py", line 43, in upload_results
    data = self._request_json("POST", "/internal/scraper/results/upload", payload)
  File "/Users/huangwenhua/company/安洋/dianshang-scraper-c/src/scraper_client/infra/server/internal_api_client.py", line 103, in _request_json
    raise RuntimeError(f"internal api error {exc.code}: {detail}") from exc
RuntimeError: internal api error 500: {"detail":"Failed to upload results: (pymysql.err.OperationalError) (1292, \"Incorrect datetime value: '2026-04-26T13:35:31Z' for column 'platform_create_time' at row 1\")\n[SQL: INSERT INTO orders (platform, shop_id, outer_order_id, openid, status, total_amount, product_count, receiver_name, receiver_phone, receiver_address, pay_time, platform_create_time, platform_update_time, raw_data, uniform_status, ad_cost, employee_id, department_id, finder_id) VALUES (%(platform)s, %(shop_id)s, %(outer_order_id)s, %(openid)s, %(status)s, %(total_amount)s, %(product_count)s, %(receiver_name)s, %(receiver_phone)s, %(receiver_address)s, %(pay_time)s, %(platform_create_time)s, %(platform_update_time)s, %(raw_data)s, %(uniform_status)s, %(ad_cost)s, %(employee_id)s, %(department_id)s, %(finder_id)s)]\n[parameters: {'platform': 'JINGDONG', 'shop_id': 6, 'outer_order_id': '3480231005952497', 'openid': 'jd_780adaf5a0949', 'status': '8', 'total_amount': 5990, 'product_count': 1, 'receiver_name': '许**', 'receiver_phone': '1******8249', 'receiver_address': '江苏南京市浦口区**********', 'pay_time': None, 'platform_create_time': '2026-04-26T13:35:31Z', 'platform_update_time': '2026-04-26T13:35:42Z', 'raw_data': '{\"orderType\": 22, \"orderPromiseInfo\": {\"expChanged\": false}, \"orderId\": \"3480231005952497\", \"orderCreateTime\": 1777210531000, \"paymentConfirmTime\": 1 ... (3211 characters truncated) ... 59.9, \"freight\": 0.0, \"paymentTypeName\": \"\\\\u5728\\\\u7ebf\\\\u652f\\\\u4ed8\", \"receivables\": 59.9, \"commission\": 0.0, \"orderSum\": 59.9, \"paymentType\": 4}}', 'uniform_status': 'UNKNOWN', 'ad_cost': 0, 'employee_id': None, 'department_id': None, 'finder_id': None}]\n(Background on this error at: https://sqlalche.me/e/20/e3q8)"}
2026-04-26 21:36:00,294 INFO scraper_client.services.account_orchestrator - received signal=2, will stop after current account
2026-04-26 21:36:22,380 INFO scraper_client.infra.jd.jd_scraper - jd scrape start account_id=1 account_name=钰谢-老板 max_pages=1
2026-04-26 21:36:31,240 INFO scraper_client.infra.jd.order_list_extractor - order list extracted orders=10 (total_item=18424 pages=1)
2026-04-26 21:36:31,241 INFO scraper_client.infra.jd.detail_extractor - detail extraction enriched_orders=10
2026-04-26 21:36:31,242 INFO scraper_client.infra.jd.jd_scraper - jd scrape done account_id=1 orders=10 items=10 price_info=10
2026-04-26 21:36:31,428 ERROR scraper_client.services.account_orchestrator - task failed account_id=1 round=29
Traceback (most recent call last):
  File "/Users/huangwenhua/company/安洋/dianshang-scraper-c/src/scraper_client/infra/server/internal_api_client.py", line 99, in _request_json
    with request.urlopen(req, timeout=self.timeout) as resp:
         ~~~~~~~~~~~~~~~^^^^^^^^^^^^^^^^^^^^^^^^^^^
  File "/Users/huangwenhua/.local/share/uv/python/cpython-3.14.3-macos-aarch64-none/lib/python3.14/urllib/request.py", line 187, in urlopen
    return opener.open(url, data, timeout)
           ~~~~~~~~~~~^^^^^^^^^^^^^^^^^^^^
  File "/Users/huangwenhua/.local/share/uv/python/cpython-3.14.3-macos-aarch64-none/lib/python3.14/urllib/request.py", line 493, in open
    response = meth(req, response)
  File "/Users/huangwenhua/.local/share/uv/python/cpython-3.14.3-macos-aarch64-none/lib/python3.14/urllib/request.py", line 602, in http_response
    response = self.parent.error(
        'http', request, response, code, msg, hdrs)
  File "/Users/huangwenhua/.local/share/uv/python/cpython-3.14.3-macos-aarch64-none/lib/python3.14/urllib/request.py", line 531, in error
    return self._call_chain(*args)
           ~~~~~~~~~~~~~~~~^^^^^^^
  File "/Users/huangwenhua/.local/share/uv/python/cpython-3.14.3-macos-aarch64-none/lib/python3.14/urllib/request.py", line 464, in _call_chain
    result = func(*args)
  File "/Users/huangwenhua/.local/share/uv/python/cpython-3.14.3-macos-aarch64-none/lib/python3.14/urllib/request.py", line 611, in http_error_default
    raise HTTPError(req.full_url, code, msg, hdrs, fp)
urllib.error.HTTPError: HTTP Error 500: Internal Server Error

The above exception was the direct cause of the following exception:

Traceback (most recent call last):
  File "/Users/huangwenhua/company/安洋/dianshang-scraper-c/src/scraper_client/services/account_orchestrator.py", line 184, in execute_task
    self.result_uploader.upload(
    ~~~~~~~~~~~~~~~~~~~~~~~~~~~^
        round_no=round_no,
        ^^^^^^^^^^^^^^^^^^
    ...<5 lines>...
        price_info=price_info,
        ^^^^^^^^^^^^^^^^^^^^^^
    )
    ^
  File "/Users/huangwenhua/company/安洋/dianshang-scraper-c/src/scraper_client/services/result_uploader.py", line 24, in upload
    return self.api_client.upload_results(
           ~~~~~~~~~~~~~~~~~~~~~~~~~~~~~~^
        round_no=round_no,
        ^^^^^^^^^^^^^^^^^^
    ...<5 lines>...
        price_info=price_info,
        ^^^^^^^^^^^^^^^^^^^^^^
    )
    ^
  File "/Users/huangwenhua/company/安洋/dianshang-scraper-c/src/scraper_client/infra/server/internal_api_client.py", line 43, in upload_results
    data = self._request_json("POST", "/internal/scraper/results/upload", payload)
  File "/Users/huangwenhua/company/安洋/dianshang-scraper-c/src/scraper_client/infra/server/internal_api_client.py", line 103, in _request_json
    raise RuntimeError(f"internal api error {exc.code}: {detail}") from exc
RuntimeError: internal api error 500: {"detail":"Failed to upload results: (pymysql.err.OperationalError) (1292, \"Incorrect datetime value: '2026-04-26T13:35:31Z' for column 'platform_create_time' at row 1\")\n[SQL: INSERT INTO orders (platform, shop_id, outer_order_id, openid, status, total_amount, product_count, receiver_name, receiver_phone, receiver_address, pay_time, platform_create_time, platform_update_time, raw_data, uniform_status, ad_cost, employee_id, department_id, finder_id) VALUES (%(platform)s, %(shop_id)s, %(outer_order_id)s, %(openid)s, %(status)s, %(total_amount)s, %(product_count)s, %(receiver_name)s, %(receiver_phone)s, %(receiver_address)s, %(pay_time)s, %(platform_create_time)s, %(platform_update_time)s, %(raw_data)s, %(uniform_status)s, %(ad_cost)s, %(employee_id)s, %(department_id)s, %(finder_id)s)]\n[parameters: {'platform': 'JINGDONG', 'shop_id': 6, 'outer_order_id': '3480231005952497', 'openid': 'jd_780adaf5a0949', 'status': '8', 'total_amount': 5990, 'product_count': 1, 'receiver_name': '许**', 'receiver_phone': '1******8249', 'receiver_address': '江苏南京市浦口区**********', 'pay_time': None, 'platform_create_time': '2026-04-26T13:35:31Z', 'platform_update_time': '2026-04-26T13:35:42Z', 'raw_data': '{\"orderType\": 22, \"orderPromiseInfo\": {\"expChanged\": false, \"promiseShipDate\": 1777402800000}, \"orderId\": \"3480231005952497\", \"orderCreateTime\": 1777 ... (4154 characters truncated) ... 59.9, \"freight\": 0.0, \"paymentTypeName\": \"\\\\u5728\\\\u7ebf\\\\u652f\\\\u4ed8\", \"receivables\": 59.9, \"commission\": 0.0, \"orderSum\": 59.9, \"paymentType\": 4}}', 'uniform_status': 'UNKNOWN', 'ad_cost': 0, 'employee_id': None, 'department_id': None, 'finder_id': None}]\n(Background on this error at: https://sqlalche.me/e/20/e3q8)"}
2026-04-26 21:37:01,469 INFO scraper_client.infra.jd.jd_scraper - jd scrape start account_id=1 account_name=钰谢-老板 max_pages=1
2026-04-26 21:37:10,375 INFO scraper_client.infra.jd.order_list_extractor - order list extracted orders=10 (total_item=18425 pages=1)
2026-04-26 21:37:10,376 INFO scraper_client.infra.jd.detail_extractor - detail extraction enriched_orders=10
2026-04-26 21:37:10,376 INFO scraper_client.infra.jd.jd_scraper - jd scrape done account_id=1 orders=10 items=10 price_info=10
2026-04-26 21:37:10,549 ERROR scraper_client.services.account_orchestrator - task failed account_id=1 round=30
Traceback (most recent call last):
  File "/Users/huangwenhua/company/安洋/dianshang-scraper-c/src/scraper_client/infra/server/internal_api_client.py", line 99, in _request_json
    with request.urlopen(req, timeout=self.timeout) as resp:
         ~~~~~~~~~~~~~~~^^^^^^^^^^^^^^^^^^^^^^^^^^^
  File "/Users/huangwenhua/.local/share/uv/python/cpython-3.14.3-macos-aarch64-none/lib/python3.14/urllib/request.py", line 187, in urlopen
    return opener.open(url, data, timeout)
           ~~~~~~~~~~~^^^^^^^^^^^^^^^^^^^^
  File "/Users/huangwenhua/.local/share/uv/python/cpython-3.14.3-macos-aarch64-none/lib/python3.14/urllib/request.py", line 493, in open
    response = meth(req, response)
  File "/Users/huangwenhua/.local/share/uv/python/cpython-3.14.3-macos-aarch64-none/lib/python3.14/urllib/request.py", line 602, in http_response
    response = self.parent.error(
        'http', request, response, code, msg, hdrs)
  File "/Users/huangwenhua/.local/share/uv/python/cpython-3.14.3-macos-aarch64-none/lib/python3.14/urllib/request.py", line 531, in error
    return self._call_chain(*args)
           ~~~~~~~~~~~~~~~~^^^^^^^
  File "/Users/huangwenhua/.local/share/uv/python/cpython-3.14.3-macos-aarch64-none/lib/python3.14/urllib/request.py", line 464, in _call_chain
    result = func(*args)
  File "/Users/huangwenhua/.local/share/uv/python/cpython-3.14.3-macos-aarch64-none/lib/python3.14/urllib/request.py", line 611, in http_error_default
    raise HTTPError(req.full_url, code, msg, hdrs, fp)
urllib.error.HTTPError: HTTP Error 500: Internal Server Error

The above exception was the direct cause of the following exception:

Traceback (most recent call last):
  File "/Users/huangwenhua/company/安洋/dianshang-scraper-c/src/scraper_client/services/account_orchestrator.py", line 184, in execute_task
    self.result_uploader.upload(
    ~~~~~~~~~~~~~~~~~~~~~~~~~~~^
        round_no=round_no,
        ^^^^^^^^^^^^^^^^^^
    ...<5 lines>...
        price_info=price_info,
        ^^^^^^^^^^^^^^^^^^^^^^
    )
    ^
  File "/Users/huangwenhua/company/安洋/dianshang-scraper-c/src/scraper_client/services/result_uploader.py", line 24, in upload
    return self.api_client.upload_results(
           ~~~~~~~~~~~~~~~~~~~~~~~~~~~~~~^
        round_no=round_no,
        ^^^^^^^^^^^^^^^^^^
    ...<5 lines>...
        price_info=price_info,
        ^^^^^^^^^^^^^^^^^^^^^^
    )
    ^
  File "/Users/huangwenhua/company/安洋/dianshang-scraper-c/src/scraper_client/infra/server/internal_api_client.py", line 43, in upload_results
    data = self._request_json("POST", "/internal/scraper/results/upload", payload)
  File "/Users/huangwenhua/company/安洋/dianshang-scraper-c/src/scraper_client/infra/server/internal_api_client.py", line 103, in _request_json
    raise RuntimeError(f"internal api error {exc.code}: {detail}") from exc
RuntimeError: internal api error 500: {"detail":"Failed to upload results: (pymysql.err.OperationalError) (1292, \"Incorrect datetime value: '2026-04-26T13:36:27Z' for column 'platform_create_time' at row 1\")\n[SQL: INSERT INTO orders (platform, shop_id, outer_order_id, openid, status, total_amount, product_count, receiver_name, receiver_phone, receiver_address, pay_time, platform_create_time, platform_update_time, raw_data, uniform_status, ad_cost, employee_id, department_id, finder_id) VALUES (%(platform)s, %(shop_id)s, %(outer_order_id)s, %(openid)s, %(status)s, %(total_amount)s, %(product_count)s, %(receiver_name)s, %(receiver_phone)s, %(receiver_address)s, %(pay_time)s, %(platform_create_time)s, %(platform_update_time)s, %(raw_data)s, %(uniform_status)s, %(ad_cost)s, %(employee_id)s, %(department_id)s, %(finder_id)s)]\n[parameters: {'platform': 'JINGDONG', 'shop_id': 6, 'outer_order_id': '3480242005581182', 'openid': 'wdrHBCzgtCQWhc', 'status': '8', 'total_amount': 7990, 'product_count': 1, 'receiver_name': '李**', 'receiver_phone': '1******8909', 'receiver_address': '重庆沙坪坝区天星桥街道**********', 'pay_time': None, 'platform_create_time': '2026-04-26T13:36:27Z', 'platform_update_time': '2026-04-26T13:36:36Z', 'raw_data': '{\"orderType\": 22, \"orderPromiseInfo\": {\"expChanged\": false, \"promiseShipDate\": 1777402800000}, \"orderId\": \"3480242005581182\", \"orderCreateTime\": 1777 ... (4198 characters truncated) ... 79.9, \"freight\": 0.0, \"paymentTypeName\": \"\\\\u5728\\\\u7ebf\\\\u652f\\\\u4ed8\", \"receivables\": 79.9, \"commission\": 0.0, \"orderSum\": 79.9, \"paymentType\": 4}}', 'uniform_status': 'UNKNOWN', 'ad_cost': 0, 'employee_id': None, 'department_id': None, 'finder_id': None}]\n(Background on this error at: https://sqlalche.me/e/20/e3q8)"}
2026-04-26 21:37:40,594 INFO scraper_client.infra.jd.jd_scraper - jd scrape start account_id=1 account_name=钰谢-老板 max_pages=1
2026-04-26 21:37:49,486 INFO scraper_client.infra.jd.order_list_extractor - order list extracted orders=10 (total_item=18425 pages=1)
2026-04-26 21:37:49,487 INFO scraper_client.infra.jd.detail_extractor - detail extraction enriched_orders=10
2026-04-26 21:37:49,488 INFO scraper_client.infra.jd.jd_scraper - jd scrape done account_id=1 orders=10 items=10 price_info=10
2026-04-26 21:37:49,701 ERROR scraper_client.services.account_orchestrator - task failed account_id=1 round=31
Traceback (most recent call last):
  File "/Users/huangwenhua/company/安洋/dianshang-scraper-c/src/scraper_client/infra/server/internal_api_client.py", line 99, in _request_json
    with request.urlopen(req, timeout=self.timeout) as resp:
         ~~~~~~~~~~~~~~~^^^^^^^^^^^^^^^^^^^^^^^^^^^
  File "/Users/huangwenhua/.local/share/uv/python/cpython-3.14.3-macos-aarch64-none/lib/python3.14/urllib/request.py", line 187, in urlopen
    return opener.open(url, data, timeout)
           ~~~~~~~~~~~^^^^^^^^^^^^^^^^^^^^
  File "/Users/huangwenhua/.local/share/uv/python/cpython-3.14.3-macos-aarch64-none/lib/python3.14/urllib/request.py", line 493, in open
    response = meth(req, response)
  File "/Users/huangwenhua/.local/share/uv/python/cpython-3.14.3-macos-aarch64-none/lib/python3.14/urllib/request.py", line 602, in http_response
    response = self.parent.error(
        'http', request, response, code, msg, hdrs)
  File "/Users/huangwenhua/.local/share/uv/python/cpython-3.14.3-macos-aarch64-none/lib/python3.14/urllib/request.py", line 531, in error
    return self._call_chain(*args)
           ~~~~~~~~~~~~~~~~^^^^^^^
  File "/Users/huangwenhua/.local/share/uv/python/cpython-3.14.3-macos-aarch64-none/lib/python3.14/urllib/request.py", line 464, in _call_chain
    result = func(*args)
  File "/Users/huangwenhua/.local/share/uv/python/cpython-3.14.3-macos-aarch64-none/lib/python3.14/urllib/request.py", line 611, in http_error_default
    raise HTTPError(req.full_url, code, msg, hdrs, fp)
urllib.error.HTTPError: HTTP Error 500: Internal Server Error

The above exception was the direct cause of the following exception:

Traceback (most recent call last):
  File "/Users/huangwenhua/company/安洋/dianshang-scraper-c/src/scraper_client/services/account_orchestrator.py", line 184, in execute_task
    self.result_uploader.upload(
    ~~~~~~~~~~~~~~~~~~~~~~~~~~~^
        round_no=round_no,
        ^^^^^^^^^^^^^^^^^^
    ...<5 lines>...
        price_info=price_info,
        ^^^^^^^^^^^^^^^^^^^^^^
    )
    ^
  File "/Users/huangwenhua/company/安洋/dianshang-scraper-c/src/scraper_client/services/result_uploader.py", line 24, in upload
    return self.api_client.upload_results(
           ~~~~~~~~~~~~~~~~~~~~~~~~~~~~~~^
        round_no=round_no,
        ^^^^^^^^^^^^^^^^^^
    ...<5 lines>...
        price_info=price_info,
        ^^^^^^^^^^^^^^^^^^^^^^
    )
    ^
  File "/Users/huangwenhua/company/安洋/dianshang-scraper-c/src/scraper_client/infra/server/internal_api_client.py", line 43, in upload_results
    data = self._request_json("POST", "/internal/scraper/results/upload", payload)
  File "/Users/huangwenhua/company/安洋/dianshang-scraper-c/src/scraper_client/infra/server/internal_api_client.py", line 103, in _request_json
    raise RuntimeError(f"internal api error {exc.code}: {detail}") from exc
RuntimeError: internal api error 500: {"detail":"Failed to upload results: (pymysql.err.OperationalError) (1292, \"Incorrect datetime value: '2026-04-26T13:36:27Z' for column 'platform_create_time' at row 1\")\n[SQL: INSERT INTO orders (platform, shop_id, outer_order_id, openid, status, total_amount, product_count, receiver_name, receiver_phone, receiver_address, pay_time, platform_create_time, platform_update_time, raw_data, uniform_status, ad_cost, employee_id, department_id, finder_id) VALUES (%(platform)s, %(shop_id)s, %(outer_order_id)s, %(openid)s, %(status)s, %(total_amount)s, %(product_count)s, %(receiver_name)s, %(receiver_phone)s, %(receiver_address)s, %(pay_time)s, %(platform_create_time)s, %(platform_update_time)s, %(raw_data)s, %(uniform_status)s, %(ad_cost)s, %(employee_id)s, %(department_id)s, %(finder_id)s)]\n[parameters: {'platform': 'JINGDONG', 'shop_id': 6, 'outer_order_id': '3480242005581182', 'openid': 'wdrHBCzgtCQWhc', 'status': '8', 'total_amount': 7990, 'product_count': 1, 'receiver_name': '李**', 'receiver_phone': '1******8909', 'receiver_address': '重庆沙坪坝区天星桥街道**********', 'pay_time': None, 'platform_create_time': '2026-04-26T13:36:27Z', 'platform_update_time': '2026-04-26T13:36:36Z', 'raw_data': '{\"orderType\": 22, \"orderPromiseInfo\": {\"expChanged\": false, \"promiseShipDate\": 1777402800000}, \"orderId\": \"3480242005581182\", \"orderCreateTime\": 1777 ... (4198 characters truncated) ... 79.9, \"freight\": 0.0, \"paymentTypeName\": \"\\\\u5728\\\\u7ebf\\\\u652f\\\\u4ed8\", \"receivables\": 79.9, \"commission\": 0.0, \"orderSum\": 79.9, \"paymentType\": 4}}', 'uniform_status': 'UNKNOWN', 'ad_cost': 0, 'employee_id': None, 'department_id': None, 'finder_id': None}]\n(Background on this error at: https://sqlalche.me/e/20/e3q8)"}
2026-04-26 21:38:19,759 INFO scraper_client.infra.jd.jd_scraper - jd scrape start account_id=1 account_name=钰谢-老板 max_pages=1
2026-04-26 21:38:28,658 INFO scraper_client.infra.jd.order_list_extractor - order list extracted orders=10 (total_item=18425 pages=1)
2026-04-26 21:38:28,660 INFO scraper_client.infra.jd.detail_extractor - detail extraction enriched_orders=10
2026-04-26 21:38:28,660 INFO scraper_client.infra.jd.jd_scraper - jd scrape done account_id=1 orders=10 items=10 price_info=10
2026-04-26 21:38:28,860 ERROR scraper_client.services.account_orchestrator - task failed account_id=1 round=32
Traceback (most recent call last):
  File "/Users/huangwenhua/company/安洋/dianshang-scraper-c/src/scraper_client/infra/server/internal_api_client.py", line 99, in _request_json
    with request.urlopen(req, timeout=self.timeout) as resp:
         ~~~~~~~~~~~~~~~^^^^^^^^^^^^^^^^^^^^^^^^^^^
  File "/Users/huangwenhua/.local/share/uv/python/cpython-3.14.3-macos-aarch64-none/lib/python3.14/urllib/request.py", line 187, in urlopen
    return opener.open(url, data, timeout)
           ~~~~~~~~~~~^^^^^^^^^^^^^^^^^^^^
  File "/Users/huangwenhua/.local/share/uv/python/cpython-3.14.3-macos-aarch64-none/lib/python3.14/urllib/request.py", line 493, in open
    response = meth(req, response)
  File "/Users/huangwenhua/.local/share/uv/python/cpython-3.14.3-macos-aarch64-none/lib/python3.14/urllib/request.py", line 602, in http_response
    response = self.parent.error(
        'http', request, response, code, msg, hdrs)
  File "/Users/huangwenhua/.local/share/uv/python/cpython-3.14.3-macos-aarch64-none/lib/python3.14/urllib/request.py", line 531, in error
    return self._call_chain(*args)
           ~~~~~~~~~~~~~~~~^^^^^^^
  File "/Users/huangwenhua/.local/share/uv/python/cpython-3.14.3-macos-aarch64-none/lib/python3.14/urllib/request.py", line 464, in _call_chain
    result = func(*args)
  File "/Users/huangwenhua/.local/share/uv/python/cpython-3.14.3-macos-aarch64-none/lib/python3.14/urllib/request.py", line 611, in http_error_default
    raise HTTPError(req.full_url, code, msg, hdrs, fp)
urllib.error.HTTPError: HTTP Error 500: Internal Server Error

The above exception was the direct cause of the following exception:

Traceback (most recent call last):
  File "/Users/huangwenhua/company/安洋/dianshang-scraper-c/src/scraper_client/services/account_orchestrator.py", line 184, in execute_task
    self.result_uploader.upload(
    ~~~~~~~~~~~~~~~~~~~~~~~~~~~^
        round_no=round_no,
        ^^^^^^^^^^^^^^^^^^
    ...<5 lines>...
        price_info=price_info,
        ^^^^^^^^^^^^^^^^^^^^^^
    )
    ^
  File "/Users/huangwenhua/company/安洋/dianshang-scraper-c/src/scraper_client/services/result_uploader.py", line 24, in upload
    return self.api_client.upload_results(
           ~~~~~~~~~~~~~~~~~~~~~~~~~~~~~~^
        round_no=round_no,
        ^^^^^^^^^^^^^^^^^^
    ...<5 lines>...
        price_info=price_info,
        ^^^^^^^^^^^^^^^^^^^^^^
    )
    ^
  File "/Users/huangwenhua/company/安洋/dianshang-scraper-c/src/scraper_client/infra/server/internal_api_client.py", line 43, in upload_results
    data = self._request_json("POST", "/internal/scraper/results/upload", payload)
  File "/Users/huangwenhua/company/安洋/dianshang-scraper-c/src/scraper_client/infra/server/internal_api_client.py", line 103, in _request_json
    raise RuntimeError(f"internal api error {exc.code}: {detail}") from exc
RuntimeError: internal api error 500: {"detail":"Failed to upload results: (pymysql.err.OperationalError) (1292, \"Incorrect datetime value: '2026-04-26T13:36:27Z' for column 'platform_create_time' at row 1\")\n[SQL: INSERT INTO orders (platform, shop_id, outer_order_id, openid, status, total_amount, product_count, receiver_name, receiver_phone, receiver_address, pay_time, platform_create_time, platform_update_time, raw_data, uniform_status, ad_cost, employee_id, department_id, finder_id) VALUES (%(platform)s, %(shop_id)s, %(outer_order_id)s, %(openid)s, %(status)s, %(total_amount)s, %(product_count)s, %(receiver_name)s, %(receiver_phone)s, %(receiver_address)s, %(pay_time)s, %(platform_create_time)s, %(platform_update_time)s, %(raw_data)s, %(uniform_status)s, %(ad_cost)s, %(employee_id)s, %(department_id)s, %(finder_id)s)]\n[parameters: {'platform': 'JINGDONG', 'shop_id': 6, 'outer_order_id': '3480242005581182', 'openid': 'wdrHBCzgtCQWhc', 'status': '8', 'total_amount': 7990, 'product_count': 1, 'receiver_name': '李**', 'receiver_phone': '1******8909', 'receiver_address': '重庆沙坪坝区天星桥街道**********', 'pay_time': None, 'platform_create_time': '2026-04-26T13:36:27Z', 'platform_update_time': '2026-04-26T13:36:36Z', 'raw_data': '{\"orderType\": 22, \"orderPromiseInfo\": {\"expChanged\": false, \"promiseShipDate\": 1777402800000}, \"orderId\": \"3480242005581182\", \"orderCreateTime\": 1777 ... (4198 characters truncated) ... 79.9, \"freight\": 0.0, \"paymentTypeName\": \"\\\\u5728\\\\u7ebf\\\\u652f\\\\u4ed8\", \"receivables\": 79.9, \"commission\": 0.0, \"orderSum\": 79.9, \"paymentType\": 4}}', 'uniform_status': 'UNKNOWN', 'ad_cost': 0, 'employee_id': None, 'department_id': None, 'finder_id': None}]\n(Background on this error at: https://sqlalche.me/e/20/e3q8)"}
2026-04-26 21:38:58,894 INFO scraper_client.infra.jd.jd_scraper - jd scrape start account_id=1 account_name=钰谢-老板 max_pages=1
2026-04-26 21:39:07,640 INFO scraper_client.infra.jd.order_list_extractor - order list extracted orders=10 (total_item=18425 pages=1)
2026-04-26 21:39:07,641 INFO scraper_client.infra.jd.detail_extractor - detail extraction enriched_orders=10
2026-04-26 21:39:07,641 INFO scraper_client.infra.jd.jd_scraper - jd scrape done account_id=1 orders=10 items=10 price_info=10
2026-04-26 21:39:07,823 ERROR scraper_client.services.account_orchestrator - task failed account_id=1 round=33
Traceback (most recent call last):
  File "/Users/huangwenhua/company/安洋/dianshang-scraper-c/src/scraper_client/infra/server/internal_api_client.py", line 99, in _request_json
    with request.urlopen(req, timeout=self.timeout) as resp:
         ~~~~~~~~~~~~~~~^^^^^^^^^^^^^^^^^^^^^^^^^^^
  File "/Users/huangwenhua/.local/share/uv/python/cpython-3.14.3-macos-aarch64-none/lib/python3.14/urllib/request.py", line 187, in urlopen
    return opener.open(url, data, timeout)
           ~~~~~~~~~~~^^^^^^^^^^^^^^^^^^^^
  File "/Users/huangwenhua/.local/share/uv/python/cpython-3.14.3-macos-aarch64-none/lib/python3.14/urllib/request.py", line 493, in open
    response = meth(req, response)
  File "/Users/huangwenhua/.local/share/uv/python/cpython-3.14.3-macos-aarch64-none/lib/python3.14/urllib/request.py", line 602, in http_response
    response = self.parent.error(
        'http', request, response, code, msg, hdrs)
  File "/Users/huangwenhua/.local/share/uv/python/cpython-3.14.3-macos-aarch64-none/lib/python3.14/urllib/request.py", line 531, in error
    return self._call_chain(*args)
           ~~~~~~~~~~~~~~~~^^^^^^^
  File "/Users/huangwenhua/.local/share/uv/python/cpython-3.14.3-macos-aarch64-none/lib/python3.14/urllib/request.py", line 464, in _call_chain
    result = func(*args)
  File "/Users/huangwenhua/.local/share/uv/python/cpython-3.14.3-macos-aarch64-none/lib/python3.14/urllib/request.py", line 611, in http_error_default
    raise HTTPError(req.full_url, code, msg, hdrs, fp)
urllib.error.HTTPError: HTTP Error 500: Internal Server Error

The above exception was the direct cause of the following exception:

Traceback (most recent call last):
  File "/Users/huangwenhua/company/安洋/dianshang-scraper-c/src/scraper_client/services/account_orchestrator.py", line 184, in execute_task
    self.result_uploader.upload(
    ~~~~~~~~~~~~~~~~~~~~~~~~~~~^
        round_no=round_no,
        ^^^^^^^^^^^^^^^^^^
    ...<5 lines>...
        price_info=price_info,
        ^^^^^^^^^^^^^^^^^^^^^^
    )
    ^
  File "/Users/huangwenhua/company/安洋/dianshang-scraper-c/src/scraper_client/services/result_uploader.py", line 24, in upload
    return self.api_client.upload_results(
           ~~~~~~~~~~~~~~~~~~~~~~~~~~~~~~^
        round_no=round_no,
        ^^^^^^^^^^^^^^^^^^
    ...<5 lines>...
        price_info=price_info,
        ^^^^^^^^^^^^^^^^^^^^^^
    )
    ^
  File "/Users/huangwenhua/company/安洋/dianshang-scraper-c/src/scraper_client/infra/server/internal_api_client.py", line 43, in upload_results
    data = self._request_json("POST", "/internal/scraper/results/upload", payload)
  File "/Users/huangwenhua/company/安洋/dianshang-scraper-c/src/scraper_client/infra/server/internal_api_client.py", line 103, in _request_json
    raise RuntimeError(f"internal api error {exc.code}: {detail}") from exc
RuntimeError: internal api error 500: {"detail":"Failed to upload results: (pymysql.err.OperationalError) (1292, \"Incorrect datetime value: '2026-04-26T13:36:27Z' for column 'platform_create_time' at row 1\")\n[SQL: INSERT INTO orders (platform, shop_id, outer_order_id, openid, status, total_amount, product_count, receiver_name, receiver_phone, receiver_address, pay_time, platform_create_time, platform_update_time, raw_data, uniform_status, ad_cost, employee_id, department_id, finder_id) VALUES (%(platform)s, %(shop_id)s, %(outer_order_id)s, %(openid)s, %(status)s, %(total_amount)s, %(product_count)s, %(receiver_name)s, %(receiver_phone)s, %(receiver_address)s, %(pay_time)s, %(platform_create_time)s, %(platform_update_time)s, %(raw_data)s, %(uniform_status)s, %(ad_cost)s, %(employee_id)s, %(department_id)s, %(finder_id)s)]\n[parameters: {'platform': 'JINGDONG', 'shop_id': 6, 'outer_order_id': '3480242005581182', 'openid': 'wdrHBCzgtCQWhc', 'status': '8', 'total_amount': 7990, 'product_count': 1, 'receiver_name': '李**', 'receiver_phone': '1******8909', 'receiver_address': '重庆沙坪坝区天星桥街道**********', 'pay_time': None, 'platform_create_time': '2026-04-26T13:36:27Z', 'platform_update_time': '2026-04-26T13:36:36Z', 'raw_data': '{\"orderType\": 22, \"orderPromiseInfo\": {\"expChanged\": false, \"promiseShipDate\": 1777402800000}, \"orderId\": \"3480242005581182\", \"orderCreateTime\": 1777 ... (4198 characters truncated) ... 79.9, \"freight\": 0.0, \"paymentTypeName\": \"\\\\u5728\\\\u7ebf\\\\u652f\\\\u4ed8\", \"receivables\": 79.9, \"commission\": 0.0, \"orderSum\": 79.9, \"paymentType\": 4}}', 'uniform_status': 'UNKNOWN', 'ad_cost': 0, 'employee_id': None, 'department_id': None, 'finder_id': None}]\n(Background on this error at: https://sqlalche.me/e/20/e3q8)"}
2026-04-26 21:39:37,866 INFO scraper_client.infra.jd.jd_scraper - jd scrape start account_id=1 account_name=钰谢-老板 max_pages=1
2026-04-26 21:39:47,036 INFO scraper_client.infra.jd.order_list_extractor - order list extracted orders=10 (total_item=18425 pages=1)
2026-04-26 21:39:47,037 INFO scraper_client.infra.jd.detail_extractor - detail extraction enriched_orders=10
2026-04-26 21:39:47,038 INFO scraper_client.infra.jd.jd_scraper - jd scrape done account_id=1 orders=10 items=10 price_info=10
2026-04-26 21:39:47,235 ERROR scraper_client.services.account_orchestrator - task failed account_id=1 round=34
Traceback (most recent call last):
  File "/Users/huangwenhua/company/安洋/dianshang-scraper-c/src/scraper_client/infra/server/internal_api_client.py", line 99, in _request_json
    with request.urlopen(req, timeout=self.timeout) as resp:
         ~~~~~~~~~~~~~~~^^^^^^^^^^^^^^^^^^^^^^^^^^^
  File "/Users/huangwenhua/.local/share/uv/python/cpython-3.14.3-macos-aarch64-none/lib/python3.14/urllib/request.py", line 187, in urlopen
    return opener.open(url, data, timeout)
           ~~~~~~~~~~~^^^^^^^^^^^^^^^^^^^^
  File "/Users/huangwenhua/.local/share/uv/python/cpython-3.14.3-macos-aarch64-none/lib/python3.14/urllib/request.py", line 493, in open
    response = meth(req, response)
  File "/Users/huangwenhua/.local/share/uv/python/cpython-3.14.3-macos-aarch64-none/lib/python3.14/urllib/request.py", line 602, in http_response
    response = self.parent.error(
        'http', request, response, code, msg, hdrs)
  File "/Users/huangwenhua/.local/share/uv/python/cpython-3.14.3-macos-aarch64-none/lib/python3.14/urllib/request.py", line 531, in error
    return self._call_chain(*args)
           ~~~~~~~~~~~~~~~~^^^^^^^
  File "/Users/huangwenhua/.local/share/uv/python/cpython-3.14.3-macos-aarch64-none/lib/python3.14/urllib/request.py", line 464, in _call_chain
    result = func(*args)
  File "/Users/huangwenhua/.local/share/uv/python/cpython-3.14.3-macos-aarch64-none/lib/python3.14/urllib/request.py", line 611, in http_error_default
    raise HTTPError(req.full_url, code, msg, hdrs, fp)
urllib.error.HTTPError: HTTP Error 500: Internal Server Error

The above exception was the direct cause of the following exception:

Traceback (most recent call last):
  File "/Users/huangwenhua/company/安洋/dianshang-scraper-c/src/scraper_client/services/account_orchestrator.py", line 184, in execute_task
    self.result_uploader.upload(
    ~~~~~~~~~~~~~~~~~~~~~~~~~~~^
        round_no=round_no,
        ^^^^^^^^^^^^^^^^^^
    ...<5 lines>...
        price_info=price_info,
        ^^^^^^^^^^^^^^^^^^^^^^
    )
    ^
  File "/Users/huangwenhua/company/安洋/dianshang-scraper-c/src/scraper_client/services/result_uploader.py", line 24, in upload
    return self.api_client.upload_results(
           ~~~~~~~~~~~~~~~~~~~~~~~~~~~~~~^
        round_no=round_no,
        ^^^^^^^^^^^^^^^^^^
    ...<5 lines>...
        price_info=price_info,
        ^^^^^^^^^^^^^^^^^^^^^^
    )
    ^
  File "/Users/huangwenhua/company/安洋/dianshang-scraper-c/src/scraper_client/infra/server/internal_api_client.py", line 43, in upload_results
    data = self._request_json("POST", "/internal/scraper/results/upload", payload)
  File "/Users/huangwenhua/company/安洋/dianshang-scraper-c/src/scraper_client/infra/server/internal_api_client.py", line 103, in _request_json
    raise RuntimeError(f"internal api error {exc.code}: {detail}") from exc
RuntimeError: internal api error 500: {"detail":"Failed to upload results: (pymysql.err.OperationalError) (1292, \"Incorrect datetime value: '2026-04-26T13:36:27Z' for column 'platform_create_time' at row 1\")\n[SQL: INSERT INTO orders (platform, shop_id, outer_order_id, openid, status, total_amount, product_count, receiver_name, receiver_phone, receiver_address, pay_time, platform_create_time, platform_update_time, raw_data, uniform_status, ad_cost, employee_id, department_id, finder_id) VALUES (%(platform)s, %(shop_id)s, %(outer_order_id)s, %(openid)s, %(status)s, %(total_amount)s, %(product_count)s, %(receiver_name)s, %(receiver_phone)s, %(receiver_address)s, %(pay_time)s, %(platform_create_time)s, %(platform_update_time)s, %(raw_data)s, %(uniform_status)s, %(ad_cost)s, %(employee_id)s, %(department_id)s, %(finder_id)s)]\n[parameters: {'platform': 'JINGDONG', 'shop_id': 6, 'outer_order_id': '3480242005581182', 'openid': 'wdrHBCzgtCQWhc', 'status': '8', 'total_amount': 7990, 'product_count': 1, 'receiver_name': '李**', 'receiver_phone': '1******8909', 'receiver_address': '重庆沙坪坝区天星桥街道**********', 'pay_time': None, 'platform_create_time': '2026-04-26T13:36:27Z', 'platform_update_time': '2026-04-26T13:36:36Z', 'raw_data': '{\"orderType\": 22, \"orderPromiseInfo\": {\"expChanged\": false, \"promiseShipDate\": 1777402800000}, \"orderId\": \"3480242005581182\", \"orderCreateTime\": 1777 ... (4198 characters truncated) ... 79.9, \"freight\": 0.0, \"paymentTypeName\": \"\\\\u5728\\\\u7ebf\\\\u652f\\\\u4ed8\", \"receivables\": 79.9, \"commission\": 0.0, \"orderSum\": 79.9, \"paymentType\": 4}}', 'uniform_status': 'UNKNOWN', 'ad_cost': 0, 'employee_id': None, 'department_id': None, 'finder_id': None}]\n(Background on this error at: https://sqlalche.me/e/20/e3q8)"}
2026-04-26 21:40:17,261 INFO scraper_client.infra.jd.jd_scraper - jd scrape start account_id=1 account_name=钰谢-老板 max_pages=1
2026-04-26 21:40:26,363 INFO scraper_client.infra.jd.order_list_extractor - order list extracted orders=10 (total_item=18425 pages=1)
2026-04-26 21:40:26,364 INFO scraper_client.infra.jd.detail_extractor - detail extraction enriched_orders=10
2026-04-26 21:40:26,364 INFO scraper_client.infra.jd.jd_scraper - jd scrape done account_id=1 orders=10 items=10 price_info=10
2026-04-26 21:40:26,568 ERROR scraper_client.services.account_orchestrator - task failed account_id=1 round=35
Traceback (most recent call last):
  File "/Users/huangwenhua/company/安洋/dianshang-scraper-c/src/scraper_client/infra/server/internal_api_client.py", line 99, in _request_json
    with request.urlopen(req, timeout=self.timeout) as resp:
         ~~~~~~~~~~~~~~~^^^^^^^^^^^^^^^^^^^^^^^^^^^
  File "/Users/huangwenhua/.local/share/uv/python/cpython-3.14.3-macos-aarch64-none/lib/python3.14/urllib/request.py", line 187, in urlopen
    return opener.open(url, data, timeout)
           ~~~~~~~~~~~^^^^^^^^^^^^^^^^^^^^
  File "/Users/huangwenhua/.local/share/uv/python/cpython-3.14.3-macos-aarch64-none/lib/python3.14/urllib/request.py", line 493, in open
    response = meth(req, response)
  File "/Users/huangwenhua/.local/share/uv/python/cpython-3.14.3-macos-aarch64-none/lib/python3.14/urllib/request.py", line 602, in http_response
    response = self.parent.error(
        'http', request, response, code, msg, hdrs)
  File "/Users/huangwenhua/.local/share/uv/python/cpython-3.14.3-macos-aarch64-none/lib/python3.14/urllib/request.py", line 531, in error
    return self._call_chain(*args)
           ~~~~~~~~~~~~~~~~^^^^^^^
  File "/Users/huangwenhua/.local/share/uv/python/cpython-3.14.3-macos-aarch64-none/lib/python3.14/urllib/request.py", line 464, in _call_chain
    result = func(*args)
  File "/Users/huangwenhua/.local/share/uv/python/cpython-3.14.3-macos-aarch64-none/lib/python3.14/urllib/request.py", line 611, in http_error_default
    raise HTTPError(req.full_url, code, msg, hdrs, fp)
urllib.error.HTTPError: HTTP Error 500: Internal Server Error

The above exception was the direct cause of the following exception:

Traceback (most recent call last):
  File "/Users/huangwenhua/company/安洋/dianshang-scraper-c/src/scraper_client/services/account_orchestrator.py", line 184, in execute_task
    self.result_uploader.upload(
    ~~~~~~~~~~~~~~~~~~~~~~~~~~~^
        round_no=round_no,
        ^^^^^^^^^^^^^^^^^^
    ...<5 lines>...
        price_info=price_info,
        ^^^^^^^^^^^^^^^^^^^^^^
    )
    ^
  File "/Users/huangwenhua/company/安洋/dianshang-scraper-c/src/scraper_client/services/result_uploader.py", line 24, in upload
    return self.api_client.upload_results(
           ~~~~~~~~~~~~~~~~~~~~~~~~~~~~~~^
        round_no=round_no,
        ^^^^^^^^^^^^^^^^^^
    ...<5 lines>...
        price_info=price_info,
        ^^^^^^^^^^^^^^^^^^^^^^
    )
    ^
  File "/Users/huangwenhua/company/安洋/dianshang-scraper-c/src/scraper_client/infra/server/internal_api_client.py", line 43, in upload_results
    data = self._request_json("POST", "/internal/scraper/results/upload", payload)
  File "/Users/huangwenhua/company/安洋/dianshang-scraper-c/src/scraper_client/infra/server/internal_api_client.py", line 103, in _request_json
    raise RuntimeError(f"internal api error {exc.code}: {detail}") from exc
RuntimeError: internal api error 500: {"detail":"Failed to upload results: (pymysql.err.OperationalError) (1292, \"Incorrect datetime value: '2026-04-26T13:36:27Z' for column 'platform_create_time' at row 1\")\n[SQL: INSERT INTO orders (platform, shop_id, outer_order_id, openid, status, total_amount, product_count, receiver_name, receiver_phone, receiver_address, pay_time, platform_create_time, platform_update_time, raw_data, uniform_status, ad_cost, employee_id, department_id, finder_id) VALUES (%(platform)s, %(shop_id)s, %(outer_order_id)s, %(openid)s, %(status)s, %(total_amount)s, %(product_count)s, %(receiver_name)s, %(receiver_phone)s, %(receiver_address)s, %(pay_time)s, %(platform_create_time)s, %(platform_update_time)s, %(raw_data)s, %(uniform_status)s, %(ad_cost)s, %(employee_id)s, %(department_id)s, %(finder_id)s)]\n[parameters: {'platform': 'JINGDONG', 'shop_id': 6, 'outer_order_id': '3480242005581182', 'openid': 'wdrHBCzgtCQWhc', 'status': '8', 'total_amount': 7990, 'product_count': 1, 'receiver_name': '李**', 'receiver_phone': '1******8909', 'receiver_address': '重庆沙坪坝区天星桥街道**********', 'pay_time': None, 'platform_create_time': '2026-04-26T13:36:27Z', 'platform_update_time': '2026-04-26T13:36:36Z', 'raw_data': '{\"orderType\": 22, \"orderPromiseInfo\": {\"expChanged\": false, \"promiseShipDate\": 1777402800000}, \"orderId\": \"3480242005581182\", \"orderCreateTime\": 1777 ... (4198 characters truncated) ... 79.9, \"freight\": 0.0, \"paymentTypeName\": \"\\\\u5728\\\\u7ebf\\\\u652f\\\\u4ed8\", \"receivables\": 79.9, \"commission\": 0.0, \"orderSum\": 79.9, \"paymentType\": 4}}', 'uniform_status': 'UNKNOWN', 'ad_cost': 0, 'employee_id': None, 'department_id': None, 'finder_id': None}]\n(Background on this error at: https://sqlalche.me/e/20/e3q8)"}
2026-04-26 21:40:56,620 INFO scraper_client.infra.jd.jd_scraper - jd scrape start account_id=1 account_name=钰谢-老板 max_pages=1
2026-04-26 21:41:05,752 INFO scraper_client.infra.jd.order_list_extractor - order list extracted orders=10 (total_item=18426 pages=1)
2026-04-26 21:41:05,752 INFO scraper_client.infra.jd.detail_extractor - detail extraction enriched_orders=10
2026-04-26 21:41:05,753 INFO scraper_client.infra.jd.jd_scraper - jd scrape done account_id=1 orders=10 items=10 price_info=10
2026-04-26 21:41:05,947 ERROR scraper_client.services.account_orchestrator - task failed account_id=1 round=36
Traceback (most recent call last):
  File "/Users/huangwenhua/company/安洋/dianshang-scraper-c/src/scraper_client/infra/server/internal_api_client.py", line 99, in _request_json
    with request.urlopen(req, timeout=self.timeout) as resp:
         ~~~~~~~~~~~~~~~^^^^^^^^^^^^^^^^^^^^^^^^^^^
  File "/Users/huangwenhua/.local/share/uv/python/cpython-3.14.3-macos-aarch64-none/lib/python3.14/urllib/request.py", line 187, in urlopen
    return opener.open(url, data, timeout)
           ~~~~~~~~~~~^^^^^^^^^^^^^^^^^^^^
  File "/Users/huangwenhua/.local/share/uv/python/cpython-3.14.3-macos-aarch64-none/lib/python3.14/urllib/request.py", line 493, in open
    response = meth(req, response)
  File "/Users/huangwenhua/.local/share/uv/python/cpython-3.14.3-macos-aarch64-none/lib/python3.14/urllib/request.py", line 602, in http_response
    response = self.parent.error(
        'http', request, response, code, msg, hdrs)
  File "/Users/huangwenhua/.local/share/uv/python/cpython-3.14.3-macos-aarch64-none/lib/python3.14/urllib/request.py", line 531, in error
    return self._call_chain(*args)
           ~~~~~~~~~~~~~~~~^^^^^^^
  File "/Users/huangwenhua/.local/share/uv/python/cpython-3.14.3-macos-aarch64-none/lib/python3.14/urllib/request.py", line 464, in _call_chain
    result = func(*args)
  File "/Users/huangwenhua/.local/share/uv/python/cpython-3.14.3-macos-aarch64-none/lib/python3.14/urllib/request.py", line 611, in http_error_default
    raise HTTPError(req.full_url, code, msg, hdrs, fp)
urllib.error.HTTPError: HTTP Error 500: Internal Server Error

The above exception was the direct cause of the following exception:

Traceback (most recent call last):
  File "/Users/huangwenhua/company/安洋/dianshang-scraper-c/src/scraper_client/services/account_orchestrator.py", line 184, in execute_task
    self.result_uploader.upload(
    ~~~~~~~~~~~~~~~~~~~~~~~~~~~^
        round_no=round_no,
        ^^^^^^^^^^^^^^^^^^
    ...<5 lines>...
        price_info=price_info,
        ^^^^^^^^^^^^^^^^^^^^^^
    )
    ^
  File "/Users/huangwenhua/company/安洋/dianshang-scraper-c/src/scraper_client/services/result_uploader.py", line 24, in upload
    return self.api_client.upload_results(
           ~~~~~~~~~~~~~~~~~~~~~~~~~~~~~~^
        round_no=round_no,
        ^^^^^^^^^^^^^^^^^^
    ...<5 lines>...
        price_info=price_info,
        ^^^^^^^^^^^^^^^^^^^^^^
    )
    ^
  File "/Users/huangwenhua/company/安洋/dianshang-scraper-c/src/scraper_client/infra/server/internal_api_client.py", line 43, in upload_results
    data = self._request_json("POST", "/internal/scraper/results/upload", payload)
  File "/Users/huangwenhua/company/安洋/dianshang-scraper-c/src/scraper_client/infra/server/internal_api_client.py", line 103, in _request_json
    raise RuntimeError(f"internal api error {exc.code}: {detail}") from exc
RuntimeError: internal api error 500: {"detail":"Failed to upload results: (pymysql.err.OperationalError) (1292, \"Incorrect datetime value: '2026-04-26T13:40:58Z' for column 'platform_create_time' at row 1\")\n[SQL: INSERT INTO orders (platform, shop_id, outer_order_id, openid, status, total_amount, product_count, receiver_name, receiver_phone, receiver_address, pay_time, platform_create_time, platform_update_time, raw_data, uniform_status, ad_cost, employee_id, department_id, finder_id) VALUES (%(platform)s, %(shop_id)s, %(outer_order_id)s, %(openid)s, %(status)s, %(total_amount)s, %(product_count)s, %(receiver_name)s, %(receiver_phone)s, %(receiver_address)s, %(pay_time)s, %(platform_create_time)s, %(platform_update_time)s, %(raw_data)s, %(uniform_status)s, %(ad_cost)s, %(employee_id)s, %(department_id)s, %(finder_id)s)]\n[parameters: {'platform': 'JINGDONG', 'shop_id': 6, 'outer_order_id': '3480228006504817', 'openid': 'jd_GqJvfrQKjZII', 'status': '2', 'total_amount': 5990, 'product_count': 1, 'receiver_name': '李**', 'receiver_phone': '1******7126', 'receiver_address': '广西南宁市青秀区**********', 'pay_time': None, 'platform_create_time': '2026-04-26T13:40:58Z', 'platform_update_time': None, 'raw_data': '{\"userPin\": \"jd_GqJvfrQKjZII\", \"orderType\": 22, \"orderPromiseInfo\": {\"expChanged\": false, \"orderWarningDesc\": \"\\\\u4e70\\\\u5bb6\\\\u672a\\\\u4ed8\\\\u6b3e\\\\u ... (3382 characters truncated) ...  59.9, \"freight\": 0.0, \"paymentTypeName\": \"\\\\u5728\\\\u7ebf\\\\u652f\\\\u4ed8\", \"receivables\": 59.9, \"commission\": 0.0, \"orderSum\": 0.0, \"paymentType\": 4}}', 'uniform_status': 'SHIPPED', 'ad_cost': 0, 'employee_id': None, 'department_id': None, 'finder_id': None}]\n(Background on this error at: https://sqlalche.me/e/20/e3q8)"}
2026-04-26 21:41:36,016 INFO scraper_client.infra.jd.jd_scraper - jd scrape start account_id=1 account_name=钰谢-老板 max_pages=1
2026-04-26 21:41:45,309 INFO scraper_client.infra.jd.order_list_extractor - order list extracted orders=10 (total_item=18426 pages=1)
2026-04-26 21:41:45,309 INFO scraper_client.infra.jd.detail_extractor - detail extraction enriched_orders=10
2026-04-26 21:41:45,310 INFO scraper_client.infra.jd.jd_scraper - jd scrape done account_id=1 orders=10 items=10 price_info=10
2026-04-26 21:41:45,528 ERROR scraper_client.services.account_orchestrator - task failed account_id=1 round=37
Traceback (most recent call last):
  File "/Users/huangwenhua/company/安洋/dianshang-scraper-c/src/scraper_client/infra/server/internal_api_client.py", line 99, in _request_json
    with request.urlopen(req, timeout=self.timeout) as resp:
         ~~~~~~~~~~~~~~~^^^^^^^^^^^^^^^^^^^^^^^^^^^
  File "/Users/huangwenhua/.local/share/uv/python/cpython-3.14.3-macos-aarch64-none/lib/python3.14/urllib/request.py", line 187, in urlopen
    return opener.open(url, data, timeout)
           ~~~~~~~~~~~^^^^^^^^^^^^^^^^^^^^
  File "/Users/huangwenhua/.local/share/uv/python/cpython-3.14.3-macos-aarch64-none/lib/python3.14/urllib/request.py", line 493, in open
    response = meth(req, response)
  File "/Users/huangwenhua/.local/share/uv/python/cpython-3.14.3-macos-aarch64-none/lib/python3.14/urllib/request.py", line 602, in http_response
    response = self.parent.error(
        'http', request, response, code, msg, hdrs)
  File "/Users/huangwenhua/.local/share/uv/python/cpython-3.14.3-macos-aarch64-none/lib/python3.14/urllib/request.py", line 531, in error
    return self._call_chain(*args)
           ~~~~~~~~~~~~~~~~^^^^^^^
  File "/Users/huangwenhua/.local/share/uv/python/cpython-3.14.3-macos-aarch64-none/lib/python3.14/urllib/request.py", line 464, in _call_chain
    result = func(*args)
  File "/Users/huangwenhua/.local/share/uv/python/cpython-3.14.3-macos-aarch64-none/lib/python3.14/urllib/request.py", line 611, in http_error_default
    raise HTTPError(req.full_url, code, msg, hdrs, fp)
urllib.error.HTTPError: HTTP Error 500: Internal Server Error

The above exception was the direct cause of the following exception:

Traceback (most recent call last):
  File "/Users/huangwenhua/company/安洋/dianshang-scraper-c/src/scraper_client/services/account_orchestrator.py", line 184, in execute_task
    self.result_uploader.upload(
    ~~~~~~~~~~~~~~~~~~~~~~~~~~~^
        round_no=round_no,
        ^^^^^^^^^^^^^^^^^^
    ...<5 lines>...
        price_info=price_info,
        ^^^^^^^^^^^^^^^^^^^^^^
    )
    ^
  File "/Users/huangwenhua/company/安洋/dianshang-scraper-c/src/scraper_client/services/result_uploader.py", line 24, in upload
    return self.api_client.upload_results(
           ~~~~~~~~~~~~~~~~~~~~~~~~~~~~~~^
        round_no=round_no,
        ^^^^^^^^^^^^^^^^^^
    ...<5 lines>...
        price_info=price_info,
        ^^^^^^^^^^^^^^^^^^^^^^
    )
    ^
  File "/Users/huangwenhua/company/安洋/dianshang-scraper-c/src/scraper_client/infra/server/internal_api_client.py", line 43, in upload_results
    data = self._request_json("POST", "/internal/scraper/results/upload", payload)
  File "/Users/huangwenhua/company/安洋/dianshang-scraper-c/src/scraper_client/infra/server/internal_api_client.py", line 103, in _request_json
    raise RuntimeError(f"internal api error {exc.code}: {detail}") from exc
RuntimeError: internal api error 500: {"detail":"Failed to upload results: (pymysql.err.OperationalError) (1292, \"Incorrect datetime value: '2026-04-26T13:40:58Z' for column 'platform_create_time' at row 1\")\n[SQL: INSERT INTO orders (platform, shop_id, outer_order_id, openid, status, total_amount, product_count, receiver_name, receiver_phone, receiver_address, pay_time, platform_create_time, platform_update_time, raw_data, uniform_status, ad_cost, employee_id, department_id, finder_id) VALUES (%(platform)s, %(shop_id)s, %(outer_order_id)s, %(openid)s, %(status)s, %(total_amount)s, %(product_count)s, %(receiver_name)s, %(receiver_phone)s, %(receiver_address)s, %(pay_time)s, %(platform_create_time)s, %(platform_update_time)s, %(raw_data)s, %(uniform_status)s, %(ad_cost)s, %(employee_id)s, %(department_id)s, %(finder_id)s)]\n[parameters: {'platform': 'JINGDONG', 'shop_id': 6, 'outer_order_id': '3480228006504817', 'openid': 'jd_GqJvfrQKjZII', 'status': '8', 'total_amount': 5990, 'product_count': 1, 'receiver_name': '李**', 'receiver_phone': '1******7126', 'receiver_address': '广西南宁市青秀区**********', 'pay_time': None, 'platform_create_time': '2026-04-26T13:40:58Z', 'platform_update_time': '2026-04-26T13:41:30Z', 'raw_data': '{\"orderType\": 22, \"orderPromiseInfo\": {\"expChanged\": false, \"promiseShipDate\": 1777402800000}, \"orderId\": \"3480228006504817\", \"orderCreateTime\": 1777 ... (3245 characters truncated) ... 59.9, \"freight\": 0.0, \"paymentTypeName\": \"\\\\u5728\\\\u7ebf\\\\u652f\\\\u4ed8\", \"receivables\": 59.9, \"commission\": 0.0, \"orderSum\": 59.9, \"paymentType\": 4}}', 'uniform_status': 'UNKNOWN', 'ad_cost': 0, 'employee_id': None, 'department_id': None, 'finder_id': None}]\n(Background on this error at: https://sqlalche.me/e/20/e3q8)"}
2026-04-26 21:42:15,594 INFO scraper_client.infra.jd.jd_scraper - jd scrape start account_id=1 account_name=钰谢-老板 max_pages=1
2026-04-26 21:42:24,852 INFO scraper_client.infra.jd.order_list_extractor - order list extracted orders=10 (total_item=18427 pages=1)
2026-04-26 21:42:24,853 INFO scraper_client.infra.jd.detail_extractor - detail extraction enriched_orders=10
2026-04-26 21:42:24,854 INFO scraper_client.infra.jd.jd_scraper - jd scrape done account_id=1 orders=10 items=10 price_info=10
2026-04-26 21:42:25,072 ERROR scraper_client.services.account_orchestrator - task failed account_id=1 round=38
Traceback (most recent call last):
  File "/Users/huangwenhua/company/安洋/dianshang-scraper-c/src/scraper_client/infra/server/internal_api_client.py", line 99, in _request_json
    with request.urlopen(req, timeout=self.timeout) as resp:
         ~~~~~~~~~~~~~~~^^^^^^^^^^^^^^^^^^^^^^^^^^^
  File "/Users/huangwenhua/.local/share/uv/python/cpython-3.14.3-macos-aarch64-none/lib/python3.14/urllib/request.py", line 187, in urlopen
    return opener.open(url, data, timeout)
           ~~~~~~~~~~~^^^^^^^^^^^^^^^^^^^^
  File "/Users/huangwenhua/.local/share/uv/python/cpython-3.14.3-macos-aarch64-none/lib/python3.14/urllib/request.py", line 493, in open
    response = meth(req, response)
  File "/Users/huangwenhua/.local/share/uv/python/cpython-3.14.3-macos-aarch64-none/lib/python3.14/urllib/request.py", line 602, in http_response
    response = self.parent.error(
        'http', request, response, code, msg, hdrs)
  File "/Users/huangwenhua/.local/share/uv/python/cpython-3.14.3-macos-aarch64-none/lib/python3.14/urllib/request.py", line 531, in error
    return self._call_chain(*args)
           ~~~~~~~~~~~~~~~~^^^^^^^
  File "/Users/huangwenhua/.local/share/uv/python/cpython-3.14.3-macos-aarch64-none/lib/python3.14/urllib/request.py", line 464, in _call_chain
    result = func(*args)
  File "/Users/huangwenhua/.local/share/uv/python/cpython-3.14.3-macos-aarch64-none/lib/python3.14/urllib/request.py", line 611, in http_error_default
    raise HTTPError(req.full_url, code, msg, hdrs, fp)
urllib.error.HTTPError: HTTP Error 500: Internal Server Error

The above exception was the direct cause of the following exception:

Traceback (most recent call last):
  File "/Users/huangwenhua/company/安洋/dianshang-scraper-c/src/scraper_client/services/account_orchestrator.py", line 184, in execute_task
    self.result_uploader.upload(
    ~~~~~~~~~~~~~~~~~~~~~~~~~~~^
        round_no=round_no,
        ^^^^^^^^^^^^^^^^^^
    ...<5 lines>...
        price_info=price_info,
        ^^^^^^^^^^^^^^^^^^^^^^
    )
    ^
  File "/Users/huangwenhua/company/安洋/dianshang-scraper-c/src/scraper_client/services/result_uploader.py", line 24, in upload
    return self.api_client.upload_results(
           ~~~~~~~~~~~~~~~~~~~~~~~~~~~~~~^
        round_no=round_no,
        ^^^^^^^^^^^^^^^^^^
    ...<5 lines>...
        price_info=price_info,
        ^^^^^^^^^^^^^^^^^^^^^^
    )
    ^
  File "/Users/huangwenhua/company/安洋/dianshang-scraper-c/src/scraper_client/infra/server/internal_api_client.py", line 43, in upload_results
    data = self._request_json("POST", "/internal/scraper/results/upload", payload)
  File "/Users/huangwenhua/company/安洋/dianshang-scraper-c/src/scraper_client/infra/server/internal_api_client.py", line 103, in _request_json
    raise RuntimeError(f"internal api error {exc.code}: {detail}") from exc
RuntimeError: internal api error 500: {"detail":"Failed to upload results: (pymysql.err.OperationalError) (1292, \"Incorrect datetime value: '2026-04-26T13:41:45Z' for column 'platform_create_time' at row 1\")\n[SQL: INSERT INTO orders (platform, shop_id, outer_order_id, openid, status, total_amount, product_count, receiver_name, receiver_phone, receiver_address, pay_time, platform_create_time, platform_update_time, raw_data, uniform_status, ad_cost, employee_id, department_id, finder_id) VALUES (%(platform)s, %(shop_id)s, %(outer_order_id)s, %(openid)s, %(status)s, %(total_amount)s, %(product_count)s, %(receiver_name)s, %(receiver_phone)s, %(receiver_address)s, %(pay_time)s, %(platform_create_time)s, %(platform_update_time)s, %(raw_data)s, %(uniform_status)s, %(ad_cost)s, %(employee_id)s, %(department_id)s, %(finder_id)s)]\n[parameters: {'platform': 'JINGDONG', 'shop_id': 6, 'outer_order_id': '3480270017179614', 'openid': 'jd_6ed08fba2f0ce', 'status': '8', 'total_amount': 3990, 'product_count': 1, 'receiver_name': '魏**', 'receiver_phone': '1******3270', 'receiver_address': '北京丰台区东铁匠营街道**********', 'pay_time': None, 'platform_create_time': '2026-04-26T13:41:45Z', 'platform_update_time': '2026-04-26T13:41:53Z', 'raw_data': '{\"orderType\": 22, \"orderPromiseInfo\": {\"expChanged\": false, \"promiseShipDate\": 1777402800000}, \"orderId\": \"3480270017179614\", \"orderCreateTime\": 1777 ... (4177 characters truncated) ... 39.9, \"freight\": 0.0, \"paymentTypeName\": \"\\\\u5728\\\\u7ebf\\\\u652f\\\\u4ed8\", \"receivables\": 39.9, \"commission\": 0.0, \"orderSum\": 39.9, \"paymentType\": 4}}', 'uniform_status': 'UNKNOWN', 'ad_cost': 0, 'employee_id': None, 'department_id': None, 'finder_id': None}]\n(Background on this error at: https://sqlalche.me/e/20/e3q8)"}
2026-04-26 21:42:55,117 INFO scraper_client.infra.jd.jd_scraper - jd scrape start account_id=1 account_name=钰谢-老板 max_pages=1
2026-04-26 21:43:04,234 INFO scraper_client.infra.jd.order_list_extractor - order list extracted orders=10 (total_item=18427 pages=1)
2026-04-26 21:43:04,236 INFO scraper_client.infra.jd.detail_extractor - detail extraction enriched_orders=10
2026-04-26 21:43:04,236 INFO scraper_client.infra.jd.jd_scraper - jd scrape done account_id=1 orders=10 items=10 price_info=10
2026-04-26 21:43:04,467 ERROR scraper_client.services.account_orchestrator - task failed account_id=1 round=39
Traceback (most recent call last):
  File "/Users/huangwenhua/company/安洋/dianshang-scraper-c/src/scraper_client/infra/server/internal_api_client.py", line 99, in _request_json
    with request.urlopen(req, timeout=self.timeout) as resp:
         ~~~~~~~~~~~~~~~^^^^^^^^^^^^^^^^^^^^^^^^^^^
  File "/Users/huangwenhua/.local/share/uv/python/cpython-3.14.3-macos-aarch64-none/lib/python3.14/urllib/request.py", line 187, in urlopen
    return opener.open(url, data, timeout)
           ~~~~~~~~~~~^^^^^^^^^^^^^^^^^^^^
  File "/Users/huangwenhua/.local/share/uv/python/cpython-3.14.3-macos-aarch64-none/lib/python3.14/urllib/request.py", line 493, in open
    response = meth(req, response)
  File "/Users/huangwenhua/.local/share/uv/python/cpython-3.14.3-macos-aarch64-none/lib/python3.14/urllib/request.py", line 602, in http_response
    response = self.parent.error(
        'http', request, response, code, msg, hdrs)
  File "/Users/huangwenhua/.local/share/uv/python/cpython-3.14.3-macos-aarch64-none/lib/python3.14/urllib/request.py", line 531, in error
    return self._call_chain(*args)
           ~~~~~~~~~~~~~~~~^^^^^^^
  File "/Users/huangwenhua/.local/share/uv/python/cpython-3.14.3-macos-aarch64-none/lib/python3.14/urllib/request.py", line 464, in _call_chain
    result = func(*args)
  File "/Users/huangwenhua/.local/share/uv/python/cpython-3.14.3-macos-aarch64-none/lib/python3.14/urllib/request.py", line 611, in http_error_default
    raise HTTPError(req.full_url, code, msg, hdrs, fp)
urllib.error.HTTPError: HTTP Error 500: Internal Server Error

The above exception was the direct cause of the following exception:

Traceback (most recent call last):
  File "/Users/huangwenhua/company/安洋/dianshang-scraper-c/src/scraper_client/services/account_orchestrator.py", line 184, in execute_task
    self.result_uploader.upload(
    ~~~~~~~~~~~~~~~~~~~~~~~~~~~^
        round_no=round_no,
        ^^^^^^^^^^^^^^^^^^
    ...<5 lines>...
        price_info=price_info,
        ^^^^^^^^^^^^^^^^^^^^^^
    )
    ^
  File "/Users/huangwenhua/company/安洋/dianshang-scraper-c/src/scraper_client/services/result_uploader.py", line 24, in upload
    return self.api_client.upload_results(
           ~~~~~~~~~~~~~~~~~~~~~~~~~~~~~~^
        round_no=round_no,
        ^^^^^^^^^^^^^^^^^^
    ...<5 lines>...
        price_info=price_info,
        ^^^^^^^^^^^^^^^^^^^^^^
    )
    ^
  File "/Users/huangwenhua/company/安洋/dianshang-scraper-c/src/scraper_client/infra/server/internal_api_client.py", line 43, in upload_results
    data = self._request_json("POST", "/internal/scraper/results/upload", payload)
  File "/Users/huangwenhua/company/安洋/dianshang-scraper-c/src/scraper_client/infra/server/internal_api_client.py", line 103, in _request_json
    raise RuntimeError(f"internal api error {exc.code}: {detail}") from exc
RuntimeError: internal api error 500: {"detail":"Failed to upload results: (pymysql.err.OperationalError) (1292, \"Incorrect datetime value: '2026-04-26T13:41:45Z' for column 'platform_create_time' at row 1\")\n[SQL: INSERT INTO orders (platform, shop_id, outer_order_id, openid, status, total_amount, product_count, receiver_name, receiver_phone, receiver_address, pay_time, platform_create_time, platform_update_time, raw_data, uniform_status, ad_cost, employee_id, department_id, finder_id) VALUES (%(platform)s, %(shop_id)s, %(outer_order_id)s, %(openid)s, %(status)s, %(total_amount)s, %(product_count)s, %(receiver_name)s, %(receiver_phone)s, %(receiver_address)s, %(pay_time)s, %(platform_create_time)s, %(platform_update_time)s, %(raw_data)s, %(uniform_status)s, %(ad_cost)s, %(employee_id)s, %(department_id)s, %(finder_id)s)]\n[parameters: {'platform': 'JINGDONG', 'shop_id': 6, 'outer_order_id': '3480270017179614', 'openid': 'jd_6ed08fba2f0ce', 'status': '8', 'total_amount': 3990, 'product_count': 1, 'receiver_name': '魏**', 'receiver_phone': '1******3270', 'receiver_address': '北京丰台区东铁匠营街道**********', 'pay_time': None, 'platform_create_time': '2026-04-26T13:41:45Z', 'platform_update_time': '2026-04-26T13:41:53Z', 'raw_data': '{\"orderType\": 22, \"orderPromiseInfo\": {\"expChanged\": false, \"promiseShipDate\": 1777402800000}, \"orderId\": \"3480270017179614\", \"orderCreateTime\": 1777 ... (4177 characters truncated) ... 39.9, \"freight\": 0.0, \"paymentTypeName\": \"\\\\u5728\\\\u7ebf\\\\u652f\\\\u4ed8\", \"receivables\": 39.9, \"commission\": 0.0, \"orderSum\": 39.9, \"paymentType\": 4}}', 'uniform_status': 'UNKNOWN', 'ad_cost': 0, 'employee_id': None, 'department_id': None, 'finder_id': None}]\n(Background on this error at: https://sqlalche.me/e/20/e3q8)"}
2026-04-26 21:43:34,518 INFO scraper_client.infra.jd.jd_scraper - jd scrape start account_id=1 account_name=钰谢-老板 max_pages=1
2026-04-26 21:43:43,483 INFO scraper_client.infra.jd.order_list_extractor - order list extracted orders=10 (total_item=18427 pages=1)
2026-04-26 21:43:43,484 INFO scraper_client.infra.jd.detail_extractor - detail extraction enriched_orders=10
2026-04-26 21:43:43,485 INFO scraper_client.infra.jd.jd_scraper - jd scrape done account_id=1 orders=10 items=10 price_info=10
2026-04-26 21:43:43,700 ERROR scraper_client.services.account_orchestrator - task failed account_id=1 round=40
Traceback (most recent call last):
  File "/Users/huangwenhua/company/安洋/dianshang-scraper-c/src/scraper_client/infra/server/internal_api_client.py", line 99, in _request_json
    with request.urlopen(req, timeout=self.timeout) as resp:
         ~~~~~~~~~~~~~~~^^^^^^^^^^^^^^^^^^^^^^^^^^^
  File "/Users/huangwenhua/.local/share/uv/python/cpython-3.14.3-macos-aarch64-none/lib/python3.14/urllib/request.py", line 187, in urlopen
    return opener.open(url, data, timeout)
           ~~~~~~~~~~~^^^^^^^^^^^^^^^^^^^^
  File "/Users/huangwenhua/.local/share/uv/python/cpython-3.14.3-macos-aarch64-none/lib/python3.14/urllib/request.py", line 493, in open
    response = meth(req, response)
  File "/Users/huangwenhua/.local/share/uv/python/cpython-3.14.3-macos-aarch64-none/lib/python3.14/urllib/request.py", line 602, in http_response
    response = self.parent.error(
        'http', request, response, code, msg, hdrs)
  File "/Users/huangwenhua/.local/share/uv/python/cpython-3.14.3-macos-aarch64-none/lib/python3.14/urllib/request.py", line 531, in error
    return self._call_chain(*args)
           ~~~~~~~~~~~~~~~~^^^^^^^
  File "/Users/huangwenhua/.local/share/uv/python/cpython-3.14.3-macos-aarch64-none/lib/python3.14/urllib/request.py", line 464, in _call_chain
    result = func(*args)
  File "/Users/huangwenhua/.local/share/uv/python/cpython-3.14.3-macos-aarch64-none/lib/python3.14/urllib/request.py", line 611, in http_error_default
    raise HTTPError(req.full_url, code, msg, hdrs, fp)
urllib.error.HTTPError: HTTP Error 500: Internal Server Error

The above exception was the direct cause of the following exception:

Traceback (most recent call last):
  File "/Users/huangwenhua/company/安洋/dianshang-scraper-c/src/scraper_client/services/account_orchestrator.py", line 184, in execute_task
    self.result_uploader.upload(
    ~~~~~~~~~~~~~~~~~~~~~~~~~~~^
        round_no=round_no,
        ^^^^^^^^^^^^^^^^^^
    ...<5 lines>...
        price_info=price_info,
        ^^^^^^^^^^^^^^^^^^^^^^
    )
    ^
  File "/Users/huangwenhua/company/安洋/dianshang-scraper-c/src/scraper_client/services/result_uploader.py", line 24, in upload
    return self.api_client.upload_results(
           ~~~~~~~~~~~~~~~~~~~~~~~~~~~~~~^
        round_no=round_no,
        ^^^^^^^^^^^^^^^^^^
    ...<5 lines>...
        price_info=price_info,
        ^^^^^^^^^^^^^^^^^^^^^^
    )
    ^
  File "/Users/huangwenhua/company/安洋/dianshang-scraper-c/src/scraper_client/infra/server/internal_api_client.py", line 43, in upload_results
    data = self._request_json("POST", "/internal/scraper/results/upload", payload)
  File "/Users/huangwenhua/company/安洋/dianshang-scraper-c/src/scraper_client/infra/server/internal_api_client.py", line 103, in _request_json
    raise RuntimeError(f"internal api error {exc.code}: {detail}") from exc
RuntimeError: internal api error 500: {"detail":"Failed to upload results: (pymysql.err.OperationalError) (1292, \"Incorrect datetime value: '2026-04-26T13:41:45Z' for column 'platform_create_time' at row 1\")\n[SQL: INSERT INTO orders (platform, shop_id, outer_order_id, openid, status, total_amount, product_count, receiver_name, receiver_phone, receiver_address, pay_time, platform_create_time, platform_update_time, raw_data, uniform_status, ad_cost, employee_id, department_id, finder_id) VALUES (%(platform)s, %(shop_id)s, %(outer_order_id)s, %(openid)s, %(status)s, %(total_amount)s, %(product_count)s, %(receiver_name)s, %(receiver_phone)s, %(receiver_address)s, %(pay_time)s, %(platform_create_time)s, %(platform_update_time)s, %(raw_data)s, %(uniform_status)s, %(ad_cost)s, %(employee_id)s, %(department_id)s, %(finder_id)s)]\n[parameters: {'platform': 'JINGDONG', 'shop_id': 6, 'outer_order_id': '3480270017179614', 'openid': 'jd_6ed08fba2f0ce', 'status': '8', 'total_amount': 3990, 'product_count': 1, 'receiver_name': '魏**', 'receiver_phone': '1******3270', 'receiver_address': '北京丰台区东铁匠营街道**********', 'pay_time': None, 'platform_create_time': '2026-04-26T13:41:45Z', 'platform_update_time': '2026-04-26T13:41:53Z', 'raw_data': '{\"orderType\": 22, \"orderPromiseInfo\": {\"expChanged\": false, \"promiseShipDate\": 1777402800000}, \"orderId\": \"3480270017179614\", \"orderCreateTime\": 1777 ... (4177 characters truncated) ... 39.9, \"freight\": 0.0, \"paymentTypeName\": \"\\\\u5728\\\\u7ebf\\\\u652f\\\\u4ed8\", \"receivables\": 39.9, \"commission\": 0.0, \"orderSum\": 39.9, \"paymentType\": 4}}', 'uniform_status': 'UNKNOWN', 'ad_cost': 0, 'employee_id': None, 'department_id': None, 'finder_id': None}]\n(Background on this error at: https://sqlalche.me/e/20/e3q8)"}
2026-04-26 21:44:13,742 INFO scraper_client.infra.jd.jd_scraper - jd scrape start account_id=1 account_name=钰谢-老板 max_pages=1
2026-04-26 21:44:22,744 INFO scraper_client.infra.jd.order_list_extractor - order list extracted orders=10 (total_item=18427 pages=1)
2026-04-26 21:44:22,745 INFO scraper_client.infra.jd.detail_extractor - detail extraction enriched_orders=10
2026-04-26 21:44:22,746 INFO scraper_client.infra.jd.jd_scraper - jd scrape done account_id=1 orders=10 items=10 price_info=10
2026-04-26 21:44:22,966 ERROR scraper_client.services.account_orchestrator - task failed account_id=1 round=41
Traceback (most recent call last):
  File "/Users/huangwenhua/company/安洋/dianshang-scraper-c/src/scraper_client/infra/server/internal_api_client.py", line 99, in _request_json
    with request.urlopen(req, timeout=self.timeout) as resp:
         ~~~~~~~~~~~~~~~^^^^^^^^^^^^^^^^^^^^^^^^^^^
  File "/Users/huangwenhua/.local/share/uv/python/cpython-3.14.3-macos-aarch64-none/lib/python3.14/urllib/request.py", line 187, in urlopen
    return opener.open(url, data, timeout)
           ~~~~~~~~~~~^^^^^^^^^^^^^^^^^^^^
  File "/Users/huangwenhua/.local/share/uv/python/cpython-3.14.3-macos-aarch64-none/lib/python3.14/urllib/request.py", line 493, in open
    response = meth(req, response)
  File "/Users/huangwenhua/.local/share/uv/python/cpython-3.14.3-macos-aarch64-none/lib/python3.14/urllib/request.py", line 602, in http_response
    response = self.parent.error(
        'http', request, response, code, msg, hdrs)
  File "/Users/huangwenhua/.local/share/uv/python/cpython-3.14.3-macos-aarch64-none/lib/python3.14/urllib/request.py", line 531, in error
    return self._call_chain(*args)
           ~~~~~~~~~~~~~~~~^^^^^^^
  File "/Users/huangwenhua/.local/share/uv/python/cpython-3.14.3-macos-aarch64-none/lib/python3.14/urllib/request.py", line 464, in _call_chain
    result = func(*args)
  File "/Users/huangwenhua/.local/share/uv/python/cpython-3.14.3-macos-aarch64-none/lib/python3.14/urllib/request.py", line 611, in http_error_default
    raise HTTPError(req.full_url, code, msg, hdrs, fp)
urllib.error.HTTPError: HTTP Error 500: Internal Server Error

The above exception was the direct cause of the following exception:

Traceback (most recent call last):
  File "/Users/huangwenhua/company/安洋/dianshang-scraper-c/src/scraper_client/services/account_orchestrator.py", line 184, in execute_task
    self.result_uploader.upload(
    ~~~~~~~~~~~~~~~~~~~~~~~~~~~^
        round_no=round_no,
        ^^^^^^^^^^^^^^^^^^
    ...<5 lines>...
        price_info=price_info,
        ^^^^^^^^^^^^^^^^^^^^^^
    )
    ^
  File "/Users/huangwenhua/company/安洋/dianshang-scraper-c/src/scraper_client/services/result_uploader.py", line 24, in upload
    return self.api_client.upload_results(
           ~~~~~~~~~~~~~~~~~~~~~~~~~~~~~~^
        round_no=round_no,
        ^^^^^^^^^^^^^^^^^^
    ...<5 lines>...
        price_info=price_info,
        ^^^^^^^^^^^^^^^^^^^^^^
    )
    ^
  File "/Users/huangwenhua/company/安洋/dianshang-scraper-c/src/scraper_client/infra/server/internal_api_client.py", line 43, in upload_results
    data = self._request_json("POST", "/internal/scraper/results/upload", payload)
  File "/Users/huangwenhua/company/安洋/dianshang-scraper-c/src/scraper_client/infra/server/internal_api_client.py", line 103, in _request_json
    raise RuntimeError(f"internal api error {exc.code}: {detail}") from exc
RuntimeError: internal api error 500: {"detail":"Failed to upload results: (pymysql.err.OperationalError) (1292, \"Incorrect datetime value: '2026-04-26T13:41:45Z' for column 'platform_create_time' at row 1\")\n[SQL: INSERT INTO orders (platform, shop_id, outer_order_id, openid, status, total_amount, product_count, receiver_name, receiver_phone, receiver_address, pay_time, platform_create_time, platform_update_time, raw_data, uniform_status, ad_cost, employee_id, department_id, finder_id) VALUES (%(platform)s, %(shop_id)s, %(outer_order_id)s, %(openid)s, %(status)s, %(total_amount)s, %(product_count)s, %(receiver_name)s, %(receiver_phone)s, %(receiver_address)s, %(pay_time)s, %(platform_create_time)s, %(platform_update_time)s, %(raw_data)s, %(uniform_status)s, %(ad_cost)s, %(employee_id)s, %(department_id)s, %(finder_id)s)]\n[parameters: {'platform': 'JINGDONG', 'shop_id': 6, 'outer_order_id': '3480270017179614', 'openid': 'jd_6ed08fba2f0ce', 'status': '8', 'total_amount': 3990, 'product_count': 1, 'receiver_name': '魏**', 'receiver_phone': '1******3270', 'receiver_address': '北京丰台区东铁匠营街道**********', 'pay_time': None, 'platform_create_time': '2026-04-26T13:41:45Z', 'platform_update_time': '2026-04-26T13:41:53Z', 'raw_data': '{\"orderType\": 22, \"orderPromiseInfo\": {\"expChanged\": false, \"promiseShipDate\": 1777402800000}, \"orderId\": \"3480270017179614\", \"orderCreateTime\": 1777 ... (4177 characters truncated) ... 39.9, \"freight\": 0.0, \"paymentTypeName\": \"\\\\u5728\\\\u7ebf\\\\u652f\\\\u4ed8\", \"receivables\": 39.9, \"commission\": 0.0, \"orderSum\": 39.9, \"paymentType\": 4}}', 'uniform_status': 'UNKNOWN', 'ad_cost': 0, 'employee_id': None, 'department_id': None, 'finder_id': None}]\n(Background on this error at: https://sqlalche.me/e/20/e3q8)"}
2026-04-26 21:44:53,000 INFO scraper_client.infra.jd.jd_scraper - jd scrape start account_id=1 account_name=钰谢-老板 max_pages=1
2026-04-26 21:45:01,865 INFO scraper_client.infra.jd.order_list_extractor - order list extracted orders=10 (total_item=18428 pages=1)
2026-04-26 21:45:01,867 INFO scraper_client.infra.jd.detail_extractor - detail extraction enriched_orders=10
2026-04-26 21:45:01,867 INFO scraper_client.infra.jd.jd_scraper - jd scrape done account_id=1 orders=10 items=10 price_info=10
2026-04-26 21:45:02,072 ERROR scraper_client.services.account_orchestrator - task failed account_id=1 round=42
Traceback (most recent call last):
  File "/Users/huangwenhua/company/安洋/dianshang-scraper-c/src/scraper_client/infra/server/internal_api_client.py", line 99, in _request_json
    with request.urlopen(req, timeout=self.timeout) as resp:
         ~~~~~~~~~~~~~~~^^^^^^^^^^^^^^^^^^^^^^^^^^^
  File "/Users/huangwenhua/.local/share/uv/python/cpython-3.14.3-macos-aarch64-none/lib/python3.14/urllib/request.py", line 187, in urlopen
    return opener.open(url, data, timeout)
           ~~~~~~~~~~~^^^^^^^^^^^^^^^^^^^^
  File "/Users/huangwenhua/.local/share/uv/python/cpython-3.14.3-macos-aarch64-none/lib/python3.14/urllib/request.py", line 493, in open
    response = meth(req, response)
  File "/Users/huangwenhua/.local/share/uv/python/cpython-3.14.3-macos-aarch64-none/lib/python3.14/urllib/request.py", line 602, in http_response
    response = self.parent.error(
        'http', request, response, code, msg, hdrs)
  File "/Users/huangwenhua/.local/share/uv/python/cpython-3.14.3-macos-aarch64-none/lib/python3.14/urllib/request.py", line 531, in error
    return self._call_chain(*args)
           ~~~~~~~~~~~~~~~~^^^^^^^
  File "/Users/huangwenhua/.local/share/uv/python/cpython-3.14.3-macos-aarch64-none/lib/python3.14/urllib/request.py", line 464, in _call_chain
    result = func(*args)
  File "/Users/huangwenhua/.local/share/uv/python/cpython-3.14.3-macos-aarch64-none/lib/python3.14/urllib/request.py", line 611, in http_error_default
    raise HTTPError(req.full_url, code, msg, hdrs, fp)
urllib.error.HTTPError: HTTP Error 500: Internal Server Error

The above exception was the direct cause of the following exception:

Traceback (most recent call last):
  File "/Users/huangwenhua/company/安洋/dianshang-scraper-c/src/scraper_client/services/account_orchestrator.py", line 184, in execute_task
    self.result_uploader.upload(
    ~~~~~~~~~~~~~~~~~~~~~~~~~~~^
        round_no=round_no,
        ^^^^^^^^^^^^^^^^^^
    ...<5 lines>...
        price_info=price_info,
        ^^^^^^^^^^^^^^^^^^^^^^
    )
    ^
  File "/Users/huangwenhua/company/安洋/dianshang-scraper-c/src/scraper_client/services/result_uploader.py", line 24, in upload
    return self.api_client.upload_results(
           ~~~~~~~~~~~~~~~~~~~~~~~~~~~~~~^
        round_no=round_no,
        ^^^^^^^^^^^^^^^^^^
    ...<5 lines>...
        price_info=price_info,
        ^^^^^^^^^^^^^^^^^^^^^^
    )
    ^
  File "/Users/huangwenhua/company/安洋/dianshang-scraper-c/src/scraper_client/infra/server/internal_api_client.py", line 43, in upload_results
    data = self._request_json("POST", "/internal/scraper/results/upload", payload)
  File "/Users/huangwenhua/company/安洋/dianshang-scraper-c/src/scraper_client/infra/server/internal_api_client.py", line 103, in _request_json
    raise RuntimeError(f"internal api error {exc.code}: {detail}") from exc
RuntimeError: internal api error 500: {"detail":"Failed to upload results: (pymysql.err.OperationalError) (1292, \"Incorrect datetime value: '2026-04-26T13:44:48Z' for column 'platform_create_time' at row 1\")\n[SQL: INSERT INTO orders (platform, shop_id, outer_order_id, openid, status, total_amount, product_count, receiver_name, receiver_phone, receiver_address, pay_time, platform_create_time, platform_update_time, raw_data, uniform_status, ad_cost, employee_id, department_id, finder_id) VALUES (%(platform)s, %(shop_id)s, %(outer_order_id)s, %(openid)s, %(status)s, %(total_amount)s, %(product_count)s, %(receiver_name)s, %(receiver_phone)s, %(receiver_address)s, %(pay_time)s, %(platform_create_time)s, %(platform_update_time)s, %(raw_data)s, %(uniform_status)s, %(ad_cost)s, %(employee_id)s, %(department_id)s, %(finder_id)s)]\n[parameters: {'platform': 'JINGDONG', 'shop_id': 6, 'outer_order_id': '3480200016435884', 'openid': 'jd_6e89290048f54', 'status': '2', 'total_amount': 5990, 'product_count': 1, 'receiver_name': '穆**', 'receiver_phone': '1******8890', 'receiver_address': '江苏徐州市沛县**********', 'pay_time': None, 'platform_create_time': '2026-04-26T13:44:48Z', 'platform_update_time': None, 'raw_data': '{\"userPin\": \"jd_6e89290048f54\", \"orderType\": 22, \"orderPromiseInfo\": {\"expChanged\": false, \"orderWarningDesc\": \"\\\\u4e70\\\\u5bb6\\\\u672a\\\\u4ed8\\\\u6b3e\\\\ ... (3399 characters truncated) ...  59.9, \"freight\": 0.0, \"paymentTypeName\": \"\\\\u5728\\\\u7ebf\\\\u652f\\\\u4ed8\", \"receivables\": 59.9, \"commission\": 0.0, \"orderSum\": 0.0, \"paymentType\": 4}}', 'uniform_status': 'SHIPPED', 'ad_cost': 0, 'employee_id': None, 'department_id': None, 'finder_id': None}]\n(Background on this error at: https://sqlalche.me/e/20/e3q8)"}
2026-04-26 21:45:32,114 INFO scraper_client.infra.jd.jd_scraper - jd scrape start account_id=1 account_name=钰谢-老板 max_pages=1
2026-04-26 21:45:41,018 INFO scraper_client.infra.jd.order_list_extractor - order list extracted orders=10 (total_item=18431 pages=1)
2026-04-26 21:45:41,019 INFO scraper_client.infra.jd.detail_extractor - detail extraction enriched_orders=10
2026-04-26 21:45:41,019 INFO scraper_client.infra.jd.jd_scraper - jd scrape done account_id=1 orders=10 items=10 price_info=10
2026-04-26 21:45:41,237 ERROR scraper_client.services.account_orchestrator - task failed account_id=1 round=43
Traceback (most recent call last):
  File "/Users/huangwenhua/company/安洋/dianshang-scraper-c/src/scraper_client/infra/server/internal_api_client.py", line 99, in _request_json
    with request.urlopen(req, timeout=self.timeout) as resp:
         ~~~~~~~~~~~~~~~^^^^^^^^^^^^^^^^^^^^^^^^^^^
  File "/Users/huangwenhua/.local/share/uv/python/cpython-3.14.3-macos-aarch64-none/lib/python3.14/urllib/request.py", line 187, in urlopen
    return opener.open(url, data, timeout)
           ~~~~~~~~~~~^^^^^^^^^^^^^^^^^^^^
  File "/Users/huangwenhua/.local/share/uv/python/cpython-3.14.3-macos-aarch64-none/lib/python3.14/urllib/request.py", line 493, in open
    response = meth(req, response)
  File "/Users/huangwenhua/.local/share/uv/python/cpython-3.14.3-macos-aarch64-none/lib/python3.14/urllib/request.py", line 602, in http_response
    response = self.parent.error(
        'http', request, response, code, msg, hdrs)
  File "/Users/huangwenhua/.local/share/uv/python/cpython-3.14.3-macos-aarch64-none/lib/python3.14/urllib/request.py", line 531, in error
    return self._call_chain(*args)
           ~~~~~~~~~~~~~~~~^^^^^^^
  File "/Users/huangwenhua/.local/share/uv/python/cpython-3.14.3-macos-aarch64-none/lib/python3.14/urllib/request.py", line 464, in _call_chain
    result = func(*args)
  File "/Users/huangwenhua/.local/share/uv/python/cpython-3.14.3-macos-aarch64-none/lib/python3.14/urllib/request.py", line 611, in http_error_default
    raise HTTPError(req.full_url, code, msg, hdrs, fp)
urllib.error.HTTPError: HTTP Error 500: Internal Server Error

The above exception was the direct cause of the following exception:

Traceback (most recent call last):
  File "/Users/huangwenhua/company/安洋/dianshang-scraper-c/src/scraper_client/services/account_orchestrator.py", line 184, in execute_task
    self.result_uploader.upload(
    ~~~~~~~~~~~~~~~~~~~~~~~~~~~^
        round_no=round_no,
        ^^^^^^^^^^^^^^^^^^
    ...<5 lines>...
        price_info=price_info,
        ^^^^^^^^^^^^^^^^^^^^^^
    )
    ^
  File "/Users/huangwenhua/company/安洋/dianshang-scraper-c/src/scraper_client/services/result_uploader.py", line 24, in upload
    return self.api_client.upload_results(
           ~~~~~~~~~~~~~~~~~~~~~~~~~~~~~~^
        round_no=round_no,
        ^^^^^^^^^^^^^^^^^^
    ...<5 lines>...
        price_info=price_info,
        ^^^^^^^^^^^^^^^^^^^^^^
    )
    ^
  File "/Users/huangwenhua/company/安洋/dianshang-scraper-c/src/scraper_client/infra/server/internal_api_client.py", line 43, in upload_results
    data = self._request_json("POST", "/internal/scraper/results/upload", payload)
  File "/Users/huangwenhua/company/安洋/dianshang-scraper-c/src/scraper_client/infra/server/internal_api_client.py", line 103, in _request_json
    raise RuntimeError(f"internal api error {exc.code}: {detail}") from exc
RuntimeError: internal api error 500: {"detail":"Failed to upload results: (pymysql.err.OperationalError) (1292, \"Incorrect datetime value: '2026-04-26T13:45:32Z' for column 'platform_create_time' at row 1\")\n[SQL: INSERT INTO orders (platform, shop_id, outer_order_id, openid, status, total_amount, product_count, receiver_name, receiver_phone, receiver_address, pay_time, platform_create_time, platform_update_time, raw_data, uniform_status, ad_cost, employee_id, department_id, finder_id) VALUES (%(platform)s, %(shop_id)s, %(outer_order_id)s, %(openid)s, %(status)s, %(total_amount)s, %(product_count)s, %(receiver_name)s, %(receiver_phone)s, %(receiver_address)s, %(pay_time)s, %(platform_create_time)s, %(platform_update_time)s, %(raw_data)s, %(uniform_status)s, %(ad_cost)s, %(employee_id)s, %(department_id)s, %(finder_id)s)]\n[parameters: {'platform': 'JINGDONG', 'shop_id': 6, 'outer_order_id': '3480214008078198', 'openid': 'jd_46bcedc96ac44', 'status': '2', 'total_amount': 7990, 'product_count': 1, 'receiver_name': '姚**', 'receiver_phone': '1******3188', 'receiver_address': '河北邢台市平乡县**********', 'pay_time': None, 'platform_create_time': '2026-04-26T13:45:32Z', 'platform_update_time': None, 'raw_data': '{\"userPin\": \"jd_46bcedc96ac44\", \"orderType\": 22, \"orderPromiseInfo\": {\"expChanged\": false, \"orderWarningDesc\": \"\\\\u4e70\\\\u5bb6\\\\u672a\\\\u4ed8\\\\u6b3e\\\\ ... (3406 characters truncated) ...  79.9, \"freight\": 0.0, \"paymentTypeName\": \"\\\\u5728\\\\u7ebf\\\\u652f\\\\u4ed8\", \"receivables\": 79.9, \"commission\": 0.0, \"orderSum\": 0.0, \"paymentType\": 4}}', 'uniform_status': 'SHIPPED', 'ad_cost': 0, 'employee_id': None, 'department_id': None, 'finder_id': None}]\n(Background on this error at: https://sqlalche.me/e/20/e3q8)"}
2026-04-26 21:46:11,288 INFO scraper_client.infra.jd.jd_scraper - jd scrape start account_id=1 account_name=钰谢-老板 max_pages=1
2026-04-26 21:46:20,093 INFO scraper_client.infra.jd.order_list_extractor - order list extracted orders=10 (total_item=18431 pages=1)
2026-04-26 21:46:20,094 INFO scraper_client.infra.jd.detail_extractor - detail extraction enriched_orders=10
2026-04-26 21:46:20,095 INFO scraper_client.infra.jd.jd_scraper - jd scrape done account_id=1 orders=10 items=10 price_info=10
2026-04-26 21:46:20,318 ERROR scraper_client.services.account_orchestrator - task failed account_id=1 round=44
Traceback (most recent call last):
  File "/Users/huangwenhua/company/安洋/dianshang-scraper-c/src/scraper_client/infra/server/internal_api_client.py", line 99, in _request_json
    with request.urlopen(req, timeout=self.timeout) as resp:
         ~~~~~~~~~~~~~~~^^^^^^^^^^^^^^^^^^^^^^^^^^^
  File "/Users/huangwenhua/.local/share/uv/python/cpython-3.14.3-macos-aarch64-none/lib/python3.14/urllib/request.py", line 187, in urlopen
    return opener.open(url, data, timeout)
           ~~~~~~~~~~~^^^^^^^^^^^^^^^^^^^^
  File "/Users/huangwenhua/.local/share/uv/python/cpython-3.14.3-macos-aarch64-none/lib/python3.14/urllib/request.py", line 493, in open
    response = meth(req, response)
  File "/Users/huangwenhua/.local/share/uv/python/cpython-3.14.3-macos-aarch64-none/lib/python3.14/urllib/request.py", line 602, in http_response
    response = self.parent.error(
        'http', request, response, code, msg, hdrs)
  File "/Users/huangwenhua/.local/share/uv/python/cpython-3.14.3-macos-aarch64-none/lib/python3.14/urllib/request.py", line 531, in error
    return self._call_chain(*args)
           ~~~~~~~~~~~~~~~~^^^^^^^
  File "/Users/huangwenhua/.local/share/uv/python/cpython-3.14.3-macos-aarch64-none/lib/python3.14/urllib/request.py", line 464, in _call_chain
    result = func(*args)
  File "/Users/huangwenhua/.local/share/uv/python/cpython-3.14.3-macos-aarch64-none/lib/python3.14/urllib/request.py", line 611, in http_error_default
    raise HTTPError(req.full_url, code, msg, hdrs, fp)
urllib.error.HTTPError: HTTP Error 500: Internal Server Error

The above exception was the direct cause of the following exception:

Traceback (most recent call last):
  File "/Users/huangwenhua/company/安洋/dianshang-scraper-c/src/scraper_client/services/account_orchestrator.py", line 184, in execute_task
    self.result_uploader.upload(
    ~~~~~~~~~~~~~~~~~~~~~~~~~~~^
        round_no=round_no,
        ^^^^^^^^^^^^^^^^^^
    ...<5 lines>...
        price_info=price_info,
        ^^^^^^^^^^^^^^^^^^^^^^
    )
    ^
  File "/Users/huangwenhua/company/安洋/dianshang-scraper-c/src/scraper_client/services/result_uploader.py", line 24, in upload
    return self.api_client.upload_results(
           ~~~~~~~~~~~~~~~~~~~~~~~~~~~~~~^
        round_no=round_no,
        ^^^^^^^^^^^^^^^^^^
    ...<5 lines>...
        price_info=price_info,
        ^^^^^^^^^^^^^^^^^^^^^^
    )
    ^
  File "/Users/huangwenhua/company/安洋/dianshang-scraper-c/src/scraper_client/infra/server/internal_api_client.py", line 43, in upload_results
    data = self._request_json("POST", "/internal/scraper/results/upload", payload)
  File "/Users/huangwenhua/company/安洋/dianshang-scraper-c/src/scraper_client/infra/server/internal_api_client.py", line 103, in _request_json
    raise RuntimeError(f"internal api error {exc.code}: {detail}") from exc
RuntimeError: internal api error 500: {"detail":"Failed to upload results: (pymysql.err.OperationalError) (1292, \"Incorrect datetime value: '2026-04-26T13:45:32Z' for column 'platform_create_time' at row 1\")\n[SQL: INSERT INTO orders (platform, shop_id, outer_order_id, openid, status, total_amount, product_count, receiver_name, receiver_phone, receiver_address, pay_time, platform_create_time, platform_update_time, raw_data, uniform_status, ad_cost, employee_id, department_id, finder_id) VALUES (%(platform)s, %(shop_id)s, %(outer_order_id)s, %(openid)s, %(status)s, %(total_amount)s, %(product_count)s, %(receiver_name)s, %(receiver_phone)s, %(receiver_address)s, %(pay_time)s, %(platform_create_time)s, %(platform_update_time)s, %(raw_data)s, %(uniform_status)s, %(ad_cost)s, %(employee_id)s, %(department_id)s, %(finder_id)s)]\n[parameters: {'platform': 'JINGDONG', 'shop_id': 6, 'outer_order_id': '3480214008078198', 'openid': 'jd_46bcedc96ac44', 'status': '2', 'total_amount': 7990, 'product_count': 1, 'receiver_name': '姚**', 'receiver_phone': '1******3188', 'receiver_address': '河北邢台市平乡县**********', 'pay_time': None, 'platform_create_time': '2026-04-26T13:45:32Z', 'platform_update_time': None, 'raw_data': '{\"userPin\": \"jd_46bcedc96ac44\", \"orderType\": 22, \"orderPromiseInfo\": {\"expChanged\": false, \"orderWarningDesc\": \"\\\\u4e70\\\\u5bb6\\\\u672a\\\\u4ed8\\\\u6b3e\\\\ ... (3406 characters truncated) ...  79.9, \"freight\": 0.0, \"paymentTypeName\": \"\\\\u5728\\\\u7ebf\\\\u652f\\\\u4ed8\", \"receivables\": 79.9, \"commission\": 0.0, \"orderSum\": 0.0, \"paymentType\": 4}}', 'uniform_status': 'SHIPPED', 'ad_cost': 0, 'employee_id': None, 'department_id': None, 'finder_id': None}]\n(Background on this error at: https://sqlalche.me/e/20/e3q8)"}
2026-04-26 21:46:50,364 INFO scraper_client.infra.jd.jd_scraper - jd scrape start account_id=1 account_name=钰谢-老板 max_pages=1
2026-04-26 21:46:59,336 INFO scraper_client.infra.jd.order_list_extractor - order list extracted orders=10 (total_item=18433 pages=1)
2026-04-26 21:46:59,338 INFO scraper_client.infra.jd.detail_extractor - detail extraction enriched_orders=10
2026-04-26 21:46:59,339 INFO scraper_client.infra.jd.jd_scraper - jd scrape done account_id=1 orders=10 items=10 price_info=10
2026-04-26 21:46:59,546 ERROR scraper_client.services.account_orchestrator - task failed account_id=1 round=45
Traceback (most recent call last):
  File "/Users/huangwenhua/company/安洋/dianshang-scraper-c/src/scraper_client/infra/server/internal_api_client.py", line 99, in _request_json
    with request.urlopen(req, timeout=self.timeout) as resp:
         ~~~~~~~~~~~~~~~^^^^^^^^^^^^^^^^^^^^^^^^^^^
  File "/Users/huangwenhua/.local/share/uv/python/cpython-3.14.3-macos-aarch64-none/lib/python3.14/urllib/request.py", line 187, in urlopen
    return opener.open(url, data, timeout)
           ~~~~~~~~~~~^^^^^^^^^^^^^^^^^^^^
  File "/Users/huangwenhua/.local/share/uv/python/cpython-3.14.3-macos-aarch64-none/lib/python3.14/urllib/request.py", line 493, in open
    response = meth(req, response)
  File "/Users/huangwenhua/.local/share/uv/python/cpython-3.14.3-macos-aarch64-none/lib/python3.14/urllib/request.py", line 602, in http_response
    response = self.parent.error(
        'http', request, response, code, msg, hdrs)
  File "/Users/huangwenhua/.local/share/uv/python/cpython-3.14.3-macos-aarch64-none/lib/python3.14/urllib/request.py", line 531, in error
    return self._call_chain(*args)
           ~~~~~~~~~~~~~~~~^^^^^^^
  File "/Users/huangwenhua/.local/share/uv/python/cpython-3.14.3-macos-aarch64-none/lib/python3.14/urllib/request.py", line 464, in _call_chain
    result = func(*args)
  File "/Users/huangwenhua/.local/share/uv/python/cpython-3.14.3-macos-aarch64-none/lib/python3.14/urllib/request.py", line 611, in http_error_default
    raise HTTPError(req.full_url, code, msg, hdrs, fp)
urllib.error.HTTPError: HTTP Error 500: Internal Server Error

The above exception was the direct cause of the following exception:

Traceback (most recent call last):
  File "/Users/huangwenhua/company/安洋/dianshang-scraper-c/src/scraper_client/services/account_orchestrator.py", line 184, in execute_task
    self.result_uploader.upload(
    ~~~~~~~~~~~~~~~~~~~~~~~~~~~^
        round_no=round_no,
        ^^^^^^^^^^^^^^^^^^
    ...<5 lines>...
        price_info=price_info,
        ^^^^^^^^^^^^^^^^^^^^^^
    )
    ^
  File "/Users/huangwenhua/company/安洋/dianshang-scraper-c/src/scraper_client/services/result_uploader.py", line 24, in upload
    return self.api_client.upload_results(
           ~~~~~~~~~~~~~~~~~~~~~~~~~~~~~~^
        round_no=round_no,
        ^^^^^^^^^^^^^^^^^^
    ...<5 lines>...
        price_info=price_info,
        ^^^^^^^^^^^^^^^^^^^^^^
    )
    ^
  File "/Users/huangwenhua/company/安洋/dianshang-scraper-c/src/scraper_client/infra/server/internal_api_client.py", line 43, in upload_results
    data = self._request_json("POST", "/internal/scraper/results/upload", payload)
  File "/Users/huangwenhua/company/安洋/dianshang-scraper-c/src/scraper_client/infra/server/internal_api_client.py", line 103, in _request_json
    raise RuntimeError(f"internal api error {exc.code}: {detail}") from exc
RuntimeError: internal api error 500: {"detail":"Failed to upload results: (pymysql.err.OperationalError) (1292, \"Incorrect datetime value: '2026-04-26T13:46:45Z' for column 'platform_create_time' at row 1\")\n[SQL: INSERT INTO orders (platform, shop_id, outer_order_id, openid, status, total_amount, product_count, receiver_name, receiver_phone, receiver_address, pay_time, platform_create_time, platform_update_time, raw_data, uniform_status, ad_cost, employee_id, department_id, finder_id) VALUES (%(platform)s, %(shop_id)s, %(outer_order_id)s, %(openid)s, %(status)s, %(total_amount)s, %(product_count)s, %(receiver_name)s, %(receiver_phone)s, %(receiver_address)s, %(pay_time)s, %(platform_create_time)s, %(platform_update_time)s, %(raw_data)s, %(uniform_status)s, %(ad_cost)s, %(employee_id)s, %(department_id)s, %(finder_id)s)]\n[parameters: {'platform': 'JINGDONG', 'shop_id': 6, 'outer_order_id': '3480288014916350', 'openid': 'wdmuaeINppkfrr', 'status': '2', 'total_amount': 5990, 'product_count': 1, 'receiver_name': '柳**', 'receiver_phone': '1******6123', 'receiver_address': '上海杨浦区新江湾城街道**********', 'pay_time': None, 'platform_create_time': '2026-04-26T13:46:45Z', 'platform_update_time': None, 'raw_data': '{\"userPin\": \"wdmuaeINppkfrr\", \"orderType\": 22, \"orderPromiseInfo\": {\"expChanged\": false, \"orderWarningDesc\": \"\\\\u4e70\\\\u5bb6\\\\u672a\\\\u4ed8\\\\u6b3e\\\\uf ... (3397 characters truncated) ...  59.9, \"freight\": 0.0, \"paymentTypeName\": \"\\\\u5728\\\\u7ebf\\\\u652f\\\\u4ed8\", \"receivables\": 59.9, \"commission\": 0.0, \"orderSum\": 0.0, \"paymentType\": 4}}', 'uniform_status': 'SHIPPED', 'ad_cost': 0, 'employee_id': None, 'department_id': None, 'finder_id': None}]\n(Background on this error at: https://sqlalche.me/e/20/e3q8)"}
2026-04-26 21:47:29,593 INFO scraper_client.infra.jd.jd_scraper - jd scrape start account_id=1 account_name=钰谢-老板 max_pages=1
2026-04-26 21:47:38,494 INFO scraper_client.infra.jd.order_list_extractor - order list extracted orders=10 (total_item=18433 pages=1)
2026-04-26 21:47:38,495 INFO scraper_client.infra.jd.detail_extractor - detail extraction enriched_orders=10
2026-04-26 21:47:38,496 INFO scraper_client.infra.jd.jd_scraper - jd scrape done account_id=1 orders=10 items=10 price_info=10
2026-04-26 21:47:38,657 ERROR scraper_client.services.account_orchestrator - task failed account_id=1 round=46
Traceback (most recent call last):
  File "/Users/huangwenhua/company/安洋/dianshang-scraper-c/src/scraper_client/infra/server/internal_api_client.py", line 99, in _request_json
    with request.urlopen(req, timeout=self.timeout) as resp:
         ~~~~~~~~~~~~~~~^^^^^^^^^^^^^^^^^^^^^^^^^^^
  File "/Users/huangwenhua/.local/share/uv/python/cpython-3.14.3-macos-aarch64-none/lib/python3.14/urllib/request.py", line 187, in urlopen
    return opener.open(url, data, timeout)
           ~~~~~~~~~~~^^^^^^^^^^^^^^^^^^^^
  File "/Users/huangwenhua/.local/share/uv/python/cpython-3.14.3-macos-aarch64-none/lib/python3.14/urllib/request.py", line 493, in open
    response = meth(req, response)
  File "/Users/huangwenhua/.local/share/uv/python/cpython-3.14.3-macos-aarch64-none/lib/python3.14/urllib/request.py", line 602, in http_response
    response = self.parent.error(
        'http', request, response, code, msg, hdrs)
  File "/Users/huangwenhua/.local/share/uv/python/cpython-3.14.3-macos-aarch64-none/lib/python3.14/urllib/request.py", line 531, in error
    return self._call_chain(*args)
           ~~~~~~~~~~~~~~~~^^^^^^^
  File "/Users/huangwenhua/.local/share/uv/python/cpython-3.14.3-macos-aarch64-none/lib/python3.14/urllib/request.py", line 464, in _call_chain
    result = func(*args)
  File "/Users/huangwenhua/.local/share/uv/python/cpython-3.14.3-macos-aarch64-none/lib/python3.14/urllib/request.py", line 611, in http_error_default
    raise HTTPError(req.full_url, code, msg, hdrs, fp)
urllib.error.HTTPError: HTTP Error 500: Internal Server Error

The above exception was the direct cause of the following exception:

Traceback (most recent call last):
  File "/Users/huangwenhua/company/安洋/dianshang-scraper-c/src/scraper_client/services/account_orchestrator.py", line 184, in execute_task
    self.result_uploader.upload(
    ~~~~~~~~~~~~~~~~~~~~~~~~~~~^
        round_no=round_no,
        ^^^^^^^^^^^^^^^^^^
    ...<5 lines>...
        price_info=price_info,
        ^^^^^^^^^^^^^^^^^^^^^^
    )
    ^
  File "/Users/huangwenhua/company/安洋/dianshang-scraper-c/src/scraper_client/services/result_uploader.py", line 24, in upload
    return self.api_client.upload_results(
           ~~~~~~~~~~~~~~~~~~~~~~~~~~~~~~^
        round_no=round_no,
        ^^^^^^^^^^^^^^^^^^
    ...<5 lines>...
        price_info=price_info,
        ^^^^^^^^^^^^^^^^^^^^^^
    )
    ^
  File "/Users/huangwenhua/company/安洋/dianshang-scraper-c/src/scraper_client/infra/server/internal_api_client.py", line 43, in upload_results
    data = self._request_json("POST", "/internal/scraper/results/upload", payload)
  File "/Users/huangwenhua/company/安洋/dianshang-scraper-c/src/scraper_client/infra/server/internal_api_client.py", line 103, in _request_json
    raise RuntimeError(f"internal api error {exc.code}: {detail}") from exc
RuntimeError: internal api error 500: {"detail":"Failed to upload results: (pymysql.err.OperationalError) (1292, \"Incorrect datetime value: '2026-04-26T13:46:45Z' for column 'platform_create_time' at row 1\")\n[SQL: INSERT INTO orders (platform, shop_id, outer_order_id, openid, status, total_amount, product_count, receiver_name, receiver_phone, receiver_address, pay_time, platform_create_time, platform_update_time, raw_data, uniform_status, ad_cost, employee_id, department_id, finder_id) VALUES (%(platform)s, %(shop_id)s, %(outer_order_id)s, %(openid)s, %(status)s, %(total_amount)s, %(product_count)s, %(receiver_name)s, %(receiver_phone)s, %(receiver_address)s, %(pay_time)s, %(platform_create_time)s, %(platform_update_time)s, %(raw_data)s, %(uniform_status)s, %(ad_cost)s, %(employee_id)s, %(department_id)s, %(finder_id)s)]\n[parameters: {'platform': 'JINGDONG', 'shop_id': 6, 'outer_order_id': '3480288014916350', 'openid': 'wdmuaeINppkfrr', 'status': '8', 'total_amount': 5990, 'product_count': 1, 'receiver_name': '柳**', 'receiver_phone': '1******6123', 'receiver_address': '上海杨浦区新江湾城街道**********', 'pay_time': None, 'platform_create_time': '2026-04-26T13:46:45Z', 'platform_update_time': '2026-04-26T13:46:53Z', 'raw_data': '{\"orderType\": 22, \"orderPromiseInfo\": {\"expChanged\": false, \"promiseShipDate\": 1777402800000}, \"orderId\": \"3480288014916350\", \"orderCreateTime\": 1777 ... (4169 characters truncated) ... 59.9, \"freight\": 0.0, \"paymentTypeName\": \"\\\\u5728\\\\u7ebf\\\\u652f\\\\u4ed8\", \"receivables\": 59.9, \"commission\": 0.0, \"orderSum\": 59.9, \"paymentType\": 4}}', 'uniform_status': 'UNKNOWN', 'ad_cost': 0, 'employee_id': None, 'department_id': None, 'finder_id': None}]\n(Background on this error at: https://sqlalche.me/e/20/e3q8)"}
2026-04-26 21:48:08,701 INFO scraper_client.infra.jd.jd_scraper - jd scrape start account_id=1 account_name=钰谢-老板 max_pages=1
2026-04-26 21:48:17,560 INFO scraper_client.infra.jd.order_list_extractor - order list extracted orders=10 (total_item=18433 pages=1)
2026-04-26 21:48:17,561 INFO scraper_client.infra.jd.detail_extractor - detail extraction enriched_orders=10
2026-04-26 21:48:17,561 INFO scraper_client.infra.jd.jd_scraper - jd scrape done account_id=1 orders=10 items=10 price_info=10
2026-04-26 21:48:17,753 ERROR scraper_client.services.account_orchestrator - task failed account_id=1 round=47
Traceback (most recent call last):
  File "/Users/huangwenhua/company/安洋/dianshang-scraper-c/src/scraper_client/infra/server/internal_api_client.py", line 99, in _request_json
    with request.urlopen(req, timeout=self.timeout) as resp:
         ~~~~~~~~~~~~~~~^^^^^^^^^^^^^^^^^^^^^^^^^^^
  File "/Users/huangwenhua/.local/share/uv/python/cpython-3.14.3-macos-aarch64-none/lib/python3.14/urllib/request.py", line 187, in urlopen
    return opener.open(url, data, timeout)
           ~~~~~~~~~~~^^^^^^^^^^^^^^^^^^^^
  File "/Users/huangwenhua/.local/share/uv/python/cpython-3.14.3-macos-aarch64-none/lib/python3.14/urllib/request.py", line 493, in open
    response = meth(req, response)
  File "/Users/huangwenhua/.local/share/uv/python/cpython-3.14.3-macos-aarch64-none/lib/python3.14/urllib/request.py", line 602, in http_response
    response = self.parent.error(
        'http', request, response, code, msg, hdrs)
  File "/Users/huangwenhua/.local/share/uv/python/cpython-3.14.3-macos-aarch64-none/lib/python3.14/urllib/request.py", line 531, in error
    return self._call_chain(*args)
           ~~~~~~~~~~~~~~~~^^^^^^^
  File "/Users/huangwenhua/.local/share/uv/python/cpython-3.14.3-macos-aarch64-none/lib/python3.14/urllib/request.py", line 464, in _call_chain
    result = func(*args)
  File "/Users/huangwenhua/.local/share/uv/python/cpython-3.14.3-macos-aarch64-none/lib/python3.14/urllib/request.py", line 611, in http_error_default
    raise HTTPError(req.full_url, code, msg, hdrs, fp)
urllib.error.HTTPError: HTTP Error 500: Internal Server Error

The above exception was the direct cause of the following exception:

Traceback (most recent call last):
  File "/Users/huangwenhua/company/安洋/dianshang-scraper-c/src/scraper_client/services/account_orchestrator.py", line 184, in execute_task
    self.result_uploader.upload(
    ~~~~~~~~~~~~~~~~~~~~~~~~~~~^
        round_no=round_no,
        ^^^^^^^^^^^^^^^^^^
    ...<5 lines>...
        price_info=price_info,
        ^^^^^^^^^^^^^^^^^^^^^^
    )
    ^
  File "/Users/huangwenhua/company/安洋/dianshang-scraper-c/src/scraper_client/services/result_uploader.py", line 24, in upload
    return self.api_client.upload_results(
           ~~~~~~~~~~~~~~~~~~~~~~~~~~~~~~^
        round_no=round_no,
        ^^^^^^^^^^^^^^^^^^
    ...<5 lines>...
        price_info=price_info,
        ^^^^^^^^^^^^^^^^^^^^^^
    )
    ^
  File "/Users/huangwenhua/company/安洋/dianshang-scraper-c/src/scraper_client/infra/server/internal_api_client.py", line 43, in upload_results
    data = self._request_json("POST", "/internal/scraper/results/upload", payload)
  File "/Users/huangwenhua/company/安洋/dianshang-scraper-c/src/scraper_client/infra/server/internal_api_client.py", line 103, in _request_json
    raise RuntimeError(f"internal api error {exc.code}: {detail}") from exc
RuntimeError: internal api error 500: {"detail":"Failed to upload results: (pymysql.err.OperationalError) (1292, \"Incorrect datetime value: '2026-04-26T13:46:45Z' for column 'platform_create_time' at row 1\")\n[SQL: INSERT INTO orders (platform, shop_id, outer_order_id, openid, status, total_amount, product_count, receiver_name, receiver_phone, receiver_address, pay_time, platform_create_time, platform_update_time, raw_data, uniform_status, ad_cost, employee_id, department_id, finder_id) VALUES (%(platform)s, %(shop_id)s, %(outer_order_id)s, %(openid)s, %(status)s, %(total_amount)s, %(product_count)s, %(receiver_name)s, %(receiver_phone)s, %(receiver_address)s, %(pay_time)s, %(platform_create_time)s, %(platform_update_time)s, %(raw_data)s, %(uniform_status)s, %(ad_cost)s, %(employee_id)s, %(department_id)s, %(finder_id)s)]\n[parameters: {'platform': 'JINGDONG', 'shop_id': 6, 'outer_order_id': '3480288014916350', 'openid': 'wdmuaeINppkfrr', 'status': '8', 'total_amount': 5990, 'product_count': 1, 'receiver_name': '柳**', 'receiver_phone': '1******6123', 'receiver_address': '上海杨浦区新江湾城街道**********', 'pay_time': None, 'platform_create_time': '2026-04-26T13:46:45Z', 'platform_update_time': '2026-04-26T13:46:53Z', 'raw_data': '{\"orderType\": 22, \"orderPromiseInfo\": {\"expChanged\": false, \"promiseShipDate\": 1777402800000}, \"orderId\": \"3480288014916350\", \"orderCreateTime\": 1777 ... (4169 characters truncated) ... 59.9, \"freight\": 0.0, \"paymentTypeName\": \"\\\\u5728\\\\u7ebf\\\\u652f\\\\u4ed8\", \"receivables\": 59.9, \"commission\": 0.0, \"orderSum\": 59.9, \"paymentType\": 4}}', 'uniform_status': 'UNKNOWN', 'ad_cost': 0, 'employee_id': None, 'department_id': None, 'finder_id': None}]\n(Background on this error at: https://sqlalche.me/e/20/e3q8)"}
2026-04-26 21:48:47,789 INFO scraper_client.infra.jd.jd_scraper - jd scrape start account_id=1 account_name=钰谢-老板 max_pages=1
2026-04-26 21:48:56,598 INFO scraper_client.infra.jd.order_list_extractor - order list extracted orders=10 (total_item=18433 pages=1)
2026-04-26 21:48:56,598 INFO scraper_client.infra.jd.detail_extractor - detail extraction enriched_orders=10
2026-04-26 21:48:56,599 INFO scraper_client.infra.jd.jd_scraper - jd scrape done account_id=1 orders=10 items=10 price_info=10
2026-04-26 21:48:56,799 ERROR scraper_client.services.account_orchestrator - task failed account_id=1 round=48
Traceback (most recent call last):
  File "/Users/huangwenhua/company/安洋/dianshang-scraper-c/src/scraper_client/infra/server/internal_api_client.py", line 99, in _request_json
    with request.urlopen(req, timeout=self.timeout) as resp:
         ~~~~~~~~~~~~~~~^^^^^^^^^^^^^^^^^^^^^^^^^^^
  File "/Users/huangwenhua/.local/share/uv/python/cpython-3.14.3-macos-aarch64-none/lib/python3.14/urllib/request.py", line 187, in urlopen
    return opener.open(url, data, timeout)
           ~~~~~~~~~~~^^^^^^^^^^^^^^^^^^^^
  File "/Users/huangwenhua/.local/share/uv/python/cpython-3.14.3-macos-aarch64-none/lib/python3.14/urllib/request.py", line 493, in open
    response = meth(req, response)
  File "/Users/huangwenhua/.local/share/uv/python/cpython-3.14.3-macos-aarch64-none/lib/python3.14/urllib/request.py", line 602, in http_response
    response = self.parent.error(
        'http', request, response, code, msg, hdrs)
  File "/Users/huangwenhua/.local/share/uv/python/cpython-3.14.3-macos-aarch64-none/lib/python3.14/urllib/request.py", line 531, in error
    return self._call_chain(*args)
           ~~~~~~~~~~~~~~~~^^^^^^^
  File "/Users/huangwenhua/.local/share/uv/python/cpython-3.14.3-macos-aarch64-none/lib/python3.14/urllib/request.py", line 464, in _call_chain
    result = func(*args)
  File "/Users/huangwenhua/.local/share/uv/python/cpython-3.14.3-macos-aarch64-none/lib/python3.14/urllib/request.py", line 611, in http_error_default
    raise HTTPError(req.full_url, code, msg, hdrs, fp)
urllib.error.HTTPError: HTTP Error 500: Internal Server Error

The above exception was the direct cause of the following exception:

Traceback (most recent call last):
  File "/Users/huangwenhua/company/安洋/dianshang-scraper-c/src/scraper_client/services/account_orchestrator.py", line 184, in execute_task
    self.result_uploader.upload(
    ~~~~~~~~~~~~~~~~~~~~~~~~~~~^
        round_no=round_no,
        ^^^^^^^^^^^^^^^^^^
    ...<5 lines>...
        price_info=price_info,
        ^^^^^^^^^^^^^^^^^^^^^^
    )
    ^
  File "/Users/huangwenhua/company/安洋/dianshang-scraper-c/src/scraper_client/services/result_uploader.py", line 24, in upload
    return self.api_client.upload_results(
           ~~~~~~~~~~~~~~~~~~~~~~~~~~~~~~^
        round_no=round_no,
        ^^^^^^^^^^^^^^^^^^
    ...<5 lines>...
        price_info=price_info,
        ^^^^^^^^^^^^^^^^^^^^^^
    )
    ^
  File "/Users/huangwenhua/company/安洋/dianshang-scraper-c/src/scraper_client/infra/server/internal_api_client.py", line 43, in upload_results
    data = self._request_json("POST", "/internal/scraper/results/upload", payload)
  File "/Users/huangwenhua/company/安洋/dianshang-scraper-c/src/scraper_client/infra/server/internal_api_client.py", line 103, in _request_json
    raise RuntimeError(f"internal api error {exc.code}: {detail}") from exc
RuntimeError: internal api error 500: {"detail":"Failed to upload results: (pymysql.err.OperationalError) (1292, \"Incorrect datetime value: '2026-04-26T13:46:45Z' for column 'platform_create_time' at row 1\")\n[SQL: INSERT INTO orders (platform, shop_id, outer_order_id, openid, status, total_amount, product_count, receiver_name, receiver_phone, receiver_address, pay_time, platform_create_time, platform_update_time, raw_data, uniform_status, ad_cost, employee_id, department_id, finder_id) VALUES (%(platform)s, %(shop_id)s, %(outer_order_id)s, %(openid)s, %(status)s, %(total_amount)s, %(product_count)s, %(receiver_name)s, %(receiver_phone)s, %(receiver_address)s, %(pay_time)s, %(platform_create_time)s, %(platform_update_time)s, %(raw_data)s, %(uniform_status)s, %(ad_cost)s, %(employee_id)s, %(department_id)s, %(finder_id)s)]\n[parameters: {'platform': 'JINGDONG', 'shop_id': 6, 'outer_order_id': '3480288014916350', 'openid': 'wdmuaeINppkfrr', 'status': '8', 'total_amount': 5990, 'product_count': 1, 'receiver_name': '柳**', 'receiver_phone': '1******6123', 'receiver_address': '上海杨浦区新江湾城街道**********', 'pay_time': None, 'platform_create_time': '2026-04-26T13:46:45Z', 'platform_update_time': '2026-04-26T13:46:53Z', 'raw_data': '{\"orderType\": 22, \"orderPromiseInfo\": {\"expChanged\": false, \"promiseShipDate\": 1777402800000}, \"orderId\": \"3480288014916350\", \"orderCreateTime\": 1777 ... (4169 characters truncated) ... 59.9, \"freight\": 0.0, \"paymentTypeName\": \"\\\\u5728\\\\u7ebf\\\\u652f\\\\u4ed8\", \"receivables\": 59.9, \"commission\": 0.0, \"orderSum\": 59.9, \"paymentType\": 4}}', 'uniform_status': 'UNKNOWN', 'ad_cost': 0, 'employee_id': None, 'department_id': None, 'finder_id': None}]\n(Background on this error at: https://sqlalche.me/e/20/e3q8)"}
2026-04-26 21:49:26,847 INFO scraper_client.infra.jd.jd_scraper - jd scrape start account_id=1 account_name=钰谢-老板 max_pages=1
2026-04-26 21:49:35,934 INFO scraper_client.infra.jd.order_list_extractor - order list extracted orders=10 (total_item=18433 pages=1)
2026-04-26 21:49:35,935 INFO scraper_client.infra.jd.detail_extractor - detail extraction enriched_orders=10
2026-04-26 21:49:35,936 INFO scraper_client.infra.jd.jd_scraper - jd scrape done account_id=1 orders=10 items=10 price_info=10
2026-04-26 21:49:36,108 ERROR scraper_client.services.account_orchestrator - task failed account_id=1 round=49
Traceback (most recent call last):
  File "/Users/huangwenhua/company/安洋/dianshang-scraper-c/src/scraper_client/infra/server/internal_api_client.py", line 99, in _request_json
    with request.urlopen(req, timeout=self.timeout) as resp:
         ~~~~~~~~~~~~~~~^^^^^^^^^^^^^^^^^^^^^^^^^^^
  File "/Users/huangwenhua/.local/share/uv/python/cpython-3.14.3-macos-aarch64-none/lib/python3.14/urllib/request.py", line 187, in urlopen
    return opener.open(url, data, timeout)
           ~~~~~~~~~~~^^^^^^^^^^^^^^^^^^^^
  File "/Users/huangwenhua/.local/share/uv/python/cpython-3.14.3-macos-aarch64-none/lib/python3.14/urllib/request.py", line 493, in open
    response = meth(req, response)
  File "/Users/huangwenhua/.local/share/uv/python/cpython-3.14.3-macos-aarch64-none/lib/python3.14/urllib/request.py", line 602, in http_response
    response = self.parent.error(
        'http', request, response, code, msg, hdrs)
  File "/Users/huangwenhua/.local/share/uv/python/cpython-3.14.3-macos-aarch64-none/lib/python3.14/urllib/request.py", line 531, in error
    return self._call_chain(*args)
           ~~~~~~~~~~~~~~~~^^^^^^^
  File "/Users/huangwenhua/.local/share/uv/python/cpython-3.14.3-macos-aarch64-none/lib/python3.14/urllib/request.py", line 464, in _call_chain
    result = func(*args)
  File "/Users/huangwenhua/.local/share/uv/python/cpython-3.14.3-macos-aarch64-none/lib/python3.14/urllib/request.py", line 611, in http_error_default
    raise HTTPError(req.full_url, code, msg, hdrs, fp)
urllib.error.HTTPError: HTTP Error 500: Internal Server Error

The above exception was the direct cause of the following exception:

Traceback (most recent call last):
  File "/Users/huangwenhua/company/安洋/dianshang-scraper-c/src/scraper_client/services/account_orchestrator.py", line 184, in execute_task
    self.result_uploader.upload(
    ~~~~~~~~~~~~~~~~~~~~~~~~~~~^
        round_no=round_no,
        ^^^^^^^^^^^^^^^^^^
    ...<5 lines>...
        price_info=price_info,
        ^^^^^^^^^^^^^^^^^^^^^^
    )
    ^
  File "/Users/huangwenhua/company/安洋/dianshang-scraper-c/src/scraper_client/services/result_uploader.py", line 24, in upload
    return self.api_client.upload_results(
           ~~~~~~~~~~~~~~~~~~~~~~~~~~~~~~^
        round_no=round_no,
        ^^^^^^^^^^^^^^^^^^
    ...<5 lines>...
        price_info=price_info,
        ^^^^^^^^^^^^^^^^^^^^^^
    )
    ^
  File "/Users/huangwenhua/company/安洋/dianshang-scraper-c/src/scraper_client/infra/server/internal_api_client.py", line 43, in upload_results
    data = self._request_json("POST", "/internal/scraper/results/upload", payload)
  File "/Users/huangwenhua/company/安洋/dianshang-scraper-c/src/scraper_client/infra/server/internal_api_client.py", line 103, in _request_json
    raise RuntimeError(f"internal api error {exc.code}: {detail}") from exc
RuntimeError: internal api error 500: {"detail":"Failed to upload results: (pymysql.err.OperationalError) (1292, \"Incorrect datetime value: '2026-04-26T13:46:45Z' for column 'platform_create_time' at row 1\")\n[SQL: INSERT INTO orders (platform, shop_id, outer_order_id, openid, status, total_amount, product_count, receiver_name, receiver_phone, receiver_address, pay_time, platform_create_time, platform_update_time, raw_data, uniform_status, ad_cost, employee_id, department_id, finder_id) VALUES (%(platform)s, %(shop_id)s, %(outer_order_id)s, %(openid)s, %(status)s, %(total_amount)s, %(product_count)s, %(receiver_name)s, %(receiver_phone)s, %(receiver_address)s, %(pay_time)s, %(platform_create_time)s, %(platform_update_time)s, %(raw_data)s, %(uniform_status)s, %(ad_cost)s, %(employee_id)s, %(department_id)s, %(finder_id)s)]\n[parameters: {'platform': 'JINGDONG', 'shop_id': 6, 'outer_order_id': '3480288014916350', 'openid': 'wdmuaeINppkfrr', 'status': '8', 'total_amount': 5990, 'product_count': 1, 'receiver_name': '柳**', 'receiver_phone': '1******6123', 'receiver_address': '上海杨浦区新江湾城街道**********', 'pay_time': None, 'platform_create_time': '2026-04-26T13:46:45Z', 'platform_update_time': '2026-04-26T13:46:53Z', 'raw_data': '{\"orderType\": 22, \"orderPromiseInfo\": {\"expChanged\": false, \"promiseShipDate\": 1777402800000}, \"orderId\": \"3480288014916350\", \"orderCreateTime\": 1777 ... (4169 characters truncated) ... 59.9, \"freight\": 0.0, \"paymentTypeName\": \"\\\\u5728\\\\u7ebf\\\\u652f\\\\u4ed8\", \"receivables\": 59.9, \"commission\": 0.0, \"orderSum\": 59.9, \"paymentType\": 4}}', 'uniform_status': 'UNKNOWN', 'ad_cost': 0, 'employee_id': None, 'department_id': None, 'finder_id': None}]\n(Background on this error at: https://sqlalche.me/e/20/e3q8)"}
2026-04-26 21:50:06,154 INFO scraper_client.infra.jd.jd_scraper - jd scrape start account_id=1 account_name=钰谢-老板 max_pages=1
2026-04-26 21:50:15,311 INFO scraper_client.infra.jd.order_list_extractor - order list extracted orders=10 (total_item=18433 pages=1)
2026-04-26 21:50:15,311 INFO scraper_client.infra.jd.detail_extractor - detail extraction enriched_orders=10
2026-04-26 21:50:15,312 INFO scraper_client.infra.jd.jd_scraper - jd scrape done account_id=1 orders=10 items=10 price_info=10
2026-04-26 21:50:15,532 ERROR scraper_client.services.account_orchestrator - task failed account_id=1 round=50
Traceback (most recent call last):
  File "/Users/huangwenhua/company/安洋/dianshang-scraper-c/src/scraper_client/infra/server/internal_api_client.py", line 99, in _request_json
    with request.urlopen(req, timeout=self.timeout) as resp:
         ~~~~~~~~~~~~~~~^^^^^^^^^^^^^^^^^^^^^^^^^^^
  File "/Users/huangwenhua/.local/share/uv/python/cpython-3.14.3-macos-aarch64-none/lib/python3.14/urllib/request.py", line 187, in urlopen
    return opener.open(url, data, timeout)
           ~~~~~~~~~~~^^^^^^^^^^^^^^^^^^^^
  File "/Users/huangwenhua/.local/share/uv/python/cpython-3.14.3-macos-aarch64-none/lib/python3.14/urllib/request.py", line 493, in open
    response = meth(req, response)
  File "/Users/huangwenhua/.local/share/uv/python/cpython-3.14.3-macos-aarch64-none/lib/python3.14/urllib/request.py", line 602, in http_response
    response = self.parent.error(
        'http', request, response, code, msg, hdrs)
  File "/Users/huangwenhua/.local/share/uv/python/cpython-3.14.3-macos-aarch64-none/lib/python3.14/urllib/request.py", line 531, in error
    return self._call_chain(*args)
           ~~~~~~~~~~~~~~~~^^^^^^^
  File "/Users/huangwenhua/.local/share/uv/python/cpython-3.14.3-macos-aarch64-none/lib/python3.14/urllib/request.py", line 464, in _call_chain
    result = func(*args)
  File "/Users/huangwenhua/.local/share/uv/python/cpython-3.14.3-macos-aarch64-none/lib/python3.14/urllib/request.py", line 611, in http_error_default
    raise HTTPError(req.full_url, code, msg, hdrs, fp)
urllib.error.HTTPError: HTTP Error 500: Internal Server Error

The above exception was the direct cause of the following exception:

Traceback (most recent call last):
  File "/Users/huangwenhua/company/安洋/dianshang-scraper-c/src/scraper_client/services/account_orchestrator.py", line 184, in execute_task
    self.result_uploader.upload(
    ~~~~~~~~~~~~~~~~~~~~~~~~~~~^
        round_no=round_no,
        ^^^^^^^^^^^^^^^^^^
    ...<5 lines>...
        price_info=price_info,
        ^^^^^^^^^^^^^^^^^^^^^^
    )
    ^
  File "/Users/huangwenhua/company/安洋/dianshang-scraper-c/src/scraper_client/services/result_uploader.py", line 24, in upload
    return self.api_client.upload_results(
           ~~~~~~~~~~~~~~~~~~~~~~~~~~~~~~^
        round_no=round_no,
        ^^^^^^^^^^^^^^^^^^
    ...<5 lines>...
        price_info=price_info,
        ^^^^^^^^^^^^^^^^^^^^^^
    )
    ^
  File "/Users/huangwenhua/company/安洋/dianshang-scraper-c/src/scraper_client/infra/server/internal_api_client.py", line 43, in upload_results
    data = self._request_json("POST", "/internal/scraper/results/upload", payload)
  File "/Users/huangwenhua/company/安洋/dianshang-scraper-c/src/scraper_client/infra/server/internal_api_client.py", line 103, in _request_json
    raise RuntimeError(f"internal api error {exc.code}: {detail}") from exc
RuntimeError: internal api error 500: {"detail":"Failed to upload results: (pymysql.err.OperationalError) (1292, \"Incorrect datetime value: '2026-04-26T13:46:45Z' for column 'platform_create_time' at row 1\")\n[SQL: INSERT INTO orders (platform, shop_id, outer_order_id, openid, status, total_amount, product_count, receiver_name, receiver_phone, receiver_address, pay_time, platform_create_time, platform_update_time, raw_data, uniform_status, ad_cost, employee_id, department_id, finder_id) VALUES (%(platform)s, %(shop_id)s, %(outer_order_id)s, %(openid)s, %(status)s, %(total_amount)s, %(product_count)s, %(receiver_name)s, %(receiver_phone)s, %(receiver_address)s, %(pay_time)s, %(platform_create_time)s, %(platform_update_time)s, %(raw_data)s, %(uniform_status)s, %(ad_cost)s, %(employee_id)s, %(department_id)s, %(finder_id)s)]\n[parameters: {'platform': 'JINGDONG', 'shop_id': 6, 'outer_order_id': '3480288014916350', 'openid': 'wdmuaeINppkfrr', 'status': '8', 'total_amount': 5990, 'product_count': 1, 'receiver_name': '柳**', 'receiver_phone': '1******6123', 'receiver_address': '上海杨浦区新江湾城街道**********', 'pay_time': None, 'platform_create_time': '2026-04-26T13:46:45Z', 'platform_update_time': '2026-04-26T13:46:53Z', 'raw_data': '{\"orderType\": 22, \"orderPromiseInfo\": {\"expChanged\": false, \"promiseShipDate\": 1777402800000}, \"orderId\": \"3480288014916350\", \"orderCreateTime\": 1777 ... (4169 characters truncated) ... 59.9, \"freight\": 0.0, \"paymentTypeName\": \"\\\\u5728\\\\u7ebf\\\\u652f\\\\u4ed8\", \"receivables\": 59.9, \"commission\": 0.0, \"orderSum\": 59.9, \"paymentType\": 4}}', 'uniform_status': 'UNKNOWN', 'ad_cost': 0, 'employee_id': None, 'department_id': None, 'finder_id': None}]\n(Background on this error at: https://sqlalche.me/e/20/e3q8)"}
2026-04-26 21:50:45,566 INFO scraper_client.services.account_orchestrator - no task available, sleep=10s
2026-04-26 21:50:55,596 INFO scraper_client.infra.jd.jd_scraper - jd scrape start account_id=1 account_name=钰谢-老板 max_pages=1
2026-04-26 21:51:04,497 INFO scraper_client.infra.jd.order_list_extractor - order list extracted orders=10 (total_item=18433 pages=1)
2026-04-26 21:51:04,499 INFO scraper_client.infra.jd.detail_extractor - detail extraction enriched_orders=10
2026-04-26 21:51:04,499 INFO scraper_client.infra.jd.jd_scraper - jd scrape done account_id=1 orders=10 items=10 price_info=10
2026-04-26 21:51:04,720 ERROR scraper_client.services.account_orchestrator - task failed account_id=1 round=51
Traceback (most recent call last):
  File "/Users/huangwenhua/company/安洋/dianshang-scraper-c/src/scraper_client/infra/server/internal_api_client.py", line 99, in _request_json
    with request.urlopen(req, timeout=self.timeout) as resp:
         ~~~~~~~~~~~~~~~^^^^^^^^^^^^^^^^^^^^^^^^^^^
  File "/Users/huangwenhua/.local/share/uv/python/cpython-3.14.3-macos-aarch64-none/lib/python3.14/urllib/request.py", line 187, in urlopen
    return opener.open(url, data, timeout)
           ~~~~~~~~~~~^^^^^^^^^^^^^^^^^^^^
  File "/Users/huangwenhua/.local/share/uv/python/cpython-3.14.3-macos-aarch64-none/lib/python3.14/urllib/request.py", line 493, in open
    response = meth(req, response)
  File "/Users/huangwenhua/.local/share/uv/python/cpython-3.14.3-macos-aarch64-none/lib/python3.14/urllib/request.py", line 602, in http_response
    response = self.parent.error(
        'http', request, response, code, msg, hdrs)
  File "/Users/huangwenhua/.local/share/uv/python/cpython-3.14.3-macos-aarch64-none/lib/python3.14/urllib/request.py", line 531, in error
    return self._call_chain(*args)
           ~~~~~~~~~~~~~~~~^^^^^^^
  File "/Users/huangwenhua/.local/share/uv/python/cpython-3.14.3-macos-aarch64-none/lib/python3.14/urllib/request.py", line 464, in _call_chain
    result = func(*args)
  File "/Users/huangwenhua/.local/share/uv/python/cpython-3.14.3-macos-aarch64-none/lib/python3.14/urllib/request.py", line 611, in http_error_default
    raise HTTPError(req.full_url, code, msg, hdrs, fp)
urllib.error.HTTPError: HTTP Error 500: Internal Server Error

The above exception was the direct cause of the following exception:

Traceback (most recent call last):
  File "/Users/huangwenhua/company/安洋/dianshang-scraper-c/src/scraper_client/services/account_orchestrator.py", line 184, in execute_task
    self.result_uploader.upload(
    ~~~~~~~~~~~~~~~~~~~~~~~~~~~^
        round_no=round_no,
        ^^^^^^^^^^^^^^^^^^
    ...<5 lines>...
        price_info=price_info,
        ^^^^^^^^^^^^^^^^^^^^^^
    )
    ^
  File "/Users/huangwenhua/company/安洋/dianshang-scraper-c/src/scraper_client/services/result_uploader.py", line 24, in upload
    return self.api_client.upload_results(
           ~~~~~~~~~~~~~~~~~~~~~~~~~~~~~~^
        round_no=round_no,
        ^^^^^^^^^^^^^^^^^^
    ...<5 lines>...
        price_info=price_info,
        ^^^^^^^^^^^^^^^^^^^^^^
    )
    ^
  File "/Users/huangwenhua/company/安洋/dianshang-scraper-c/src/scraper_client/infra/server/internal_api_client.py", line 43, in upload_results
    data = self._request_json("POST", "/internal/scraper/results/upload", payload)
  File "/Users/huangwenhua/company/安洋/dianshang-scraper-c/src/scraper_client/infra/server/internal_api_client.py", line 103, in _request_json
    raise RuntimeError(f"internal api error {exc.code}: {detail}") from exc
RuntimeError: internal api error 500: {"detail":"Failed to upload results: (pymysql.err.OperationalError) (1292, \"Incorrect datetime value: '2026-04-26T13:46:45Z' for column 'platform_create_time' at row 1\")\n[SQL: INSERT INTO orders (platform, shop_id, outer_order_id, openid, status, total_amount, product_count, receiver_name, receiver_phone, receiver_address, pay_time, platform_create_time, platform_update_time, raw_data, uniform_status, ad_cost, employee_id, department_id, finder_id) VALUES (%(platform)s, %(shop_id)s, %(outer_order_id)s, %(openid)s, %(status)s, %(total_amount)s, %(product_count)s, %(receiver_name)s, %(receiver_phone)s, %(receiver_address)s, %(pay_time)s, %(platform_create_time)s, %(platform_update_time)s, %(raw_data)s, %(uniform_status)s, %(ad_cost)s, %(employee_id)s, %(department_id)s, %(finder_id)s)]\n[parameters: {'platform': 'JINGDONG', 'shop_id': 6, 'outer_order_id': '3480288014916350', 'openid': 'wdmuaeINppkfrr', 'status': '8', 'total_amount': 5990, 'product_count': 1, 'receiver_name': '柳**', 'receiver_phone': '1******6123', 'receiver_address': '上海杨浦区新江湾城街道**********', 'pay_time': None, 'platform_create_time': '2026-04-26T13:46:45Z', 'platform_update_time': '2026-04-26T13:46:53Z', 'raw_data': '{\"orderType\": 22, \"orderPromiseInfo\": {\"expChanged\": false, \"promiseShipDate\": 1777402800000}, \"orderId\": \"3480288014916350\", \"orderCreateTime\": 1777 ... (4169 characters truncated) ... 59.9, \"freight\": 0.0, \"paymentTypeName\": \"\\\\u5728\\\\u7ebf\\\\u652f\\\\u4ed8\", \"receivables\": 59.9, \"commission\": 0.0, \"orderSum\": 59.9, \"paymentType\": 4}}', 'uniform_status': 'UNKNOWN', 'ad_cost': 0, 'employee_id': None, 'department_id': None, 'finder_id': None}]\n(Background on this error at: https://sqlalche.me/e/20/e3q8)"}
2026-04-26 21:51:34,761 INFO scraper_client.infra.jd.jd_scraper - jd scrape start account_id=1 account_name=钰谢-老板 max_pages=1
2026-04-26 21:51:43,649 INFO scraper_client.infra.jd.order_list_extractor - order list extracted orders=10 (total_item=18433 pages=1)
2026-04-26 21:51:43,650 INFO scraper_client.infra.jd.detail_extractor - detail extraction enriched_orders=10
2026-04-26 21:51:43,651 INFO scraper_client.infra.jd.jd_scraper - jd scrape done account_id=1 orders=10 items=10 price_info=10
2026-04-26 21:51:43,820 ERROR scraper_client.services.account_orchestrator - task failed account_id=1 round=52
Traceback (most recent call last):
  File "/Users/huangwenhua/company/安洋/dianshang-scraper-c/src/scraper_client/infra/server/internal_api_client.py", line 99, in _request_json
    with request.urlopen(req, timeout=self.timeout) as resp:
         ~~~~~~~~~~~~~~~^^^^^^^^^^^^^^^^^^^^^^^^^^^
  File "/Users/huangwenhua/.local/share/uv/python/cpython-3.14.3-macos-aarch64-none/lib/python3.14/urllib/request.py", line 187, in urlopen
    return opener.open(url, data, timeout)
           ~~~~~~~~~~~^^^^^^^^^^^^^^^^^^^^
  File "/Users/huangwenhua/.local/share/uv/python/cpython-3.14.3-macos-aarch64-none/lib/python3.14/urllib/request.py", line 493, in open
    response = meth(req, response)
  File "/Users/huangwenhua/.local/share/uv/python/cpython-3.14.3-macos-aarch64-none/lib/python3.14/urllib/request.py", line 602, in http_response
    response = self.parent.error(
        'http', request, response, code, msg, hdrs)
  File "/Users/huangwenhua/.local/share/uv/python/cpython-3.14.3-macos-aarch64-none/lib/python3.14/urllib/request.py", line 531, in error
    return self._call_chain(*args)
           ~~~~~~~~~~~~~~~~^^^^^^^
  File "/Users/huangwenhua/.local/share/uv/python/cpython-3.14.3-macos-aarch64-none/lib/python3.14/urllib/request.py", line 464, in _call_chain
    result = func(*args)
  File "/Users/huangwenhua/.local/share/uv/python/cpython-3.14.3-macos-aarch64-none/lib/python3.14/urllib/request.py", line 611, in http_error_default
    raise HTTPError(req.full_url, code, msg, hdrs, fp)
urllib.error.HTTPError: HTTP Error 500: Internal Server Error

The above exception was the direct cause of the following exception:

Traceback (most recent call last):
  File "/Users/huangwenhua/company/安洋/dianshang-scraper-c/src/scraper_client/services/account_orchestrator.py", line 184, in execute_task
    self.result_uploader.upload(
    ~~~~~~~~~~~~~~~~~~~~~~~~~~~^
        round_no=round_no,
        ^^^^^^^^^^^^^^^^^^
    ...<5 lines>...
        price_info=price_info,
        ^^^^^^^^^^^^^^^^^^^^^^
    )
    ^
  File "/Users/huangwenhua/company/安洋/dianshang-scraper-c/src/scraper_client/services/result_uploader.py", line 24, in upload
    return self.api_client.upload_results(
           ~~~~~~~~~~~~~~~~~~~~~~~~~~~~~~^
        round_no=round_no,
        ^^^^^^^^^^^^^^^^^^
    ...<5 lines>...
        price_info=price_info,
        ^^^^^^^^^^^^^^^^^^^^^^
    )
    ^
  File "/Users/huangwenhua/company/安洋/dianshang-scraper-c/src/scraper_client/infra/server/internal_api_client.py", line 43, in upload_results
    data = self._request_json("POST", "/internal/scraper/results/upload", payload)
  File "/Users/huangwenhua/company/安洋/dianshang-scraper-c/src/scraper_client/infra/server/internal_api_client.py", line 103, in _request_json
    raise RuntimeError(f"internal api error {exc.code}: {detail}") from exc
RuntimeError: internal api error 500: {"detail":"Failed to upload results: (pymysql.err.OperationalError) (1292, \"Incorrect datetime value: '2026-04-26T13:46:45Z' for column 'platform_create_time' at row 1\")\n[SQL: INSERT INTO orders (platform, shop_id, outer_order_id, openid, status, total_amount, product_count, receiver_name, receiver_phone, receiver_address, pay_time, platform_create_time, platform_update_time, raw_data, uniform_status, ad_cost, employee_id, department_id, finder_id) VALUES (%(platform)s, %(shop_id)s, %(outer_order_id)s, %(openid)s, %(status)s, %(total_amount)s, %(product_count)s, %(receiver_name)s, %(receiver_phone)s, %(receiver_address)s, %(pay_time)s, %(platform_create_time)s, %(platform_update_time)s, %(raw_data)s, %(uniform_status)s, %(ad_cost)s, %(employee_id)s, %(department_id)s, %(finder_id)s)]\n[parameters: {'platform': 'JINGDONG', 'shop_id': 6, 'outer_order_id': '3480288014916350', 'openid': 'wdmuaeINppkfrr', 'status': '8', 'total_amount': 5990, 'product_count': 1, 'receiver_name': '柳**', 'receiver_phone': '1******6123', 'receiver_address': '上海杨浦区新江湾城街道**********', 'pay_time': None, 'platform_create_time': '2026-04-26T13:46:45Z', 'platform_update_time': '2026-04-26T13:46:53Z', 'raw_data': '{\"orderType\": 22, \"orderPromiseInfo\": {\"expChanged\": false, \"promiseShipDate\": 1777402800000}, \"orderId\": \"3480288014916350\", \"orderCreateTime\": 1777 ... (4169 characters truncated) ... 59.9, \"freight\": 0.0, \"paymentTypeName\": \"\\\\u5728\\\\u7ebf\\\\u652f\\\\u4ed8\", \"receivables\": 59.9, \"commission\": 0.0, \"orderSum\": 59.9, \"paymentType\": 4}}', 'uniform_status': 'UNKNOWN', 'ad_cost': 0, 'employee_id': None, 'department_id': None, 'finder_id': None}]\n(Background on this error at: https://sqlalche.me/e/20/e3q8)"}
2026-04-26 21:52:13,862 INFO scraper_client.infra.jd.jd_scraper - jd scrape start account_id=1 account_name=钰谢-老板 max_pages=1
2026-04-26 21:52:23,093 INFO scraper_client.infra.jd.order_list_extractor - order list extracted orders=10 (total_item=18433 pages=1)
2026-04-26 21:52:23,093 INFO scraper_client.infra.jd.detail_extractor - detail extraction enriched_orders=10
2026-04-26 21:52:23,096 INFO scraper_client.infra.jd.jd_scraper - jd scrape done account_id=1 orders=10 items=10 price_info=10
2026-04-26 21:52:23,319 ERROR scraper_client.services.account_orchestrator - task failed account_id=1 round=53
Traceback (most recent call last):
  File "/Users/huangwenhua/company/安洋/dianshang-scraper-c/src/scraper_client/infra/server/internal_api_client.py", line 99, in _request_json
    with request.urlopen(req, timeout=self.timeout) as resp:
         ~~~~~~~~~~~~~~~^^^^^^^^^^^^^^^^^^^^^^^^^^^
  File "/Users/huangwenhua/.local/share/uv/python/cpython-3.14.3-macos-aarch64-none/lib/python3.14/urllib/request.py", line 187, in urlopen
    return opener.open(url, data, timeout)
           ~~~~~~~~~~~^^^^^^^^^^^^^^^^^^^^
  File "/Users/huangwenhua/.local/share/uv/python/cpython-3.14.3-macos-aarch64-none/lib/python3.14/urllib/request.py", line 493, in open
    response = meth(req, response)
  File "/Users/huangwenhua/.local/share/uv/python/cpython-3.14.3-macos-aarch64-none/lib/python3.14/urllib/request.py", line 602, in http_response
    response = self.parent.error(
        'http', request, response, code, msg, hdrs)
  File "/Users/huangwenhua/.local/share/uv/python/cpython-3.14.3-macos-aarch64-none/lib/python3.14/urllib/request.py", line 531, in error
    return self._call_chain(*args)
           ~~~~~~~~~~~~~~~~^^^^^^^
  File "/Users/huangwenhua/.local/share/uv/python/cpython-3.14.3-macos-aarch64-none/lib/python3.14/urllib/request.py", line 464, in _call_chain
    result = func(*args)
  File "/Users/huangwenhua/.local/share/uv/python/cpython-3.14.3-macos-aarch64-none/lib/python3.14/urllib/request.py", line 611, in http_error_default
    raise HTTPError(req.full_url, code, msg, hdrs, fp)
urllib.error.HTTPError: HTTP Error 500: Internal Server Error

The above exception was the direct cause of the following exception:

Traceback (most recent call last):
  File "/Users/huangwenhua/company/安洋/dianshang-scraper-c/src/scraper_client/services/account_orchestrator.py", line 184, in execute_task
    self.result_uploader.upload(
    ~~~~~~~~~~~~~~~~~~~~~~~~~~~^
        round_no=round_no,
        ^^^^^^^^^^^^^^^^^^
    ...<5 lines>...
        price_info=price_info,
        ^^^^^^^^^^^^^^^^^^^^^^
    )
    ^
  File "/Users/huangwenhua/company/安洋/dianshang-scraper-c/src/scraper_client/services/result_uploader.py", line 24, in upload
    return self.api_client.upload_results(
           ~~~~~~~~~~~~~~~~~~~~~~~~~~~~~~^
        round_no=round_no,
        ^^^^^^^^^^^^^^^^^^
    ...<5 lines>...
        price_info=price_info,
        ^^^^^^^^^^^^^^^^^^^^^^
    )
    ^
  File "/Users/huangwenhua/company/安洋/dianshang-scraper-c/src/scraper_client/infra/server/internal_api_client.py", line 43, in upload_results
    data = self._request_json("POST", "/internal/scraper/results/upload", payload)
  File "/Users/huangwenhua/company/安洋/dianshang-scraper-c/src/scraper_client/infra/server/internal_api_client.py", line 103, in _request_json
    raise RuntimeError(f"internal api error {exc.code}: {detail}") from exc
RuntimeError: internal api error 500: {"detail":"Failed to upload results: (pymysql.err.OperationalError) (1292, \"Incorrect datetime value: '2026-04-26T13:46:45Z' for column 'platform_create_time' at row 1\")\n[SQL: INSERT INTO orders (platform, shop_id, outer_order_id, openid, status, total_amount, product_count, receiver_name, receiver_phone, receiver_address, pay_time, platform_create_time, platform_update_time, raw_data, uniform_status, ad_cost, employee_id, department_id, finder_id) VALUES (%(platform)s, %(shop_id)s, %(outer_order_id)s, %(openid)s, %(status)s, %(total_amount)s, %(product_count)s, %(receiver_name)s, %(receiver_phone)s, %(receiver_address)s, %(pay_time)s, %(platform_create_time)s, %(platform_update_time)s, %(raw_data)s, %(uniform_status)s, %(ad_cost)s, %(employee_id)s, %(department_id)s, %(finder_id)s)]\n[parameters: {'platform': 'JINGDONG', 'shop_id': 6, 'outer_order_id': '3480288014916350', 'openid': 'wdmuaeINppkfrr', 'status': '8', 'total_amount': 5990, 'product_count': 1, 'receiver_name': '柳**', 'receiver_phone': '1******6123', 'receiver_address': '上海杨浦区新江湾城街道**********', 'pay_time': None, 'platform_create_time': '2026-04-26T13:46:45Z', 'platform_update_time': '2026-04-26T13:46:53Z', 'raw_data': '{\"orderType\": 22, \"orderPromiseInfo\": {\"expChanged\": false, \"promiseShipDate\": 1777402800000}, \"orderId\": \"3480288014916350\", \"orderCreateTime\": 1777 ... (4169 characters truncated) ... 59.9, \"freight\": 0.0, \"paymentTypeName\": \"\\\\u5728\\\\u7ebf\\\\u652f\\\\u4ed8\", \"receivables\": 59.9, \"commission\": 0.0, \"orderSum\": 59.9, \"paymentType\": 4}}', 'uniform_status': 'UNKNOWN', 'ad_cost': 0, 'employee_id': None, 'department_id': None, 'finder_id': None}]\n(Background on this error at: https://sqlalche.me/e/20/e3q8)"}
2026-04-26 21:52:53,361 INFO scraper_client.infra.jd.jd_scraper - jd scrape start account_id=1 account_name=钰谢-老板 max_pages=1
2026-04-26 21:53:02,538 INFO scraper_client.infra.jd.order_list_extractor - order list extracted orders=10 (total_item=18435 pages=1)
2026-04-26 21:53:02,540 INFO scraper_client.infra.jd.detail_extractor - detail extraction enriched_orders=10
2026-04-26 21:53:02,540 INFO scraper_client.infra.jd.jd_scraper - jd scrape done account_id=1 orders=10 items=10 price_info=10
2026-04-26 21:53:02,744 ERROR scraper_client.services.account_orchestrator - task failed account_id=1 round=54
Traceback (most recent call last):
  File "/Users/huangwenhua/company/安洋/dianshang-scraper-c/src/scraper_client/infra/server/internal_api_client.py", line 99, in _request_json
    with request.urlopen(req, timeout=self.timeout) as resp:
         ~~~~~~~~~~~~~~~^^^^^^^^^^^^^^^^^^^^^^^^^^^
  File "/Users/huangwenhua/.local/share/uv/python/cpython-3.14.3-macos-aarch64-none/lib/python3.14/urllib/request.py", line 187, in urlopen
    return opener.open(url, data, timeout)
           ~~~~~~~~~~~^^^^^^^^^^^^^^^^^^^^
  File "/Users/huangwenhua/.local/share/uv/python/cpython-3.14.3-macos-aarch64-none/lib/python3.14/urllib/request.py", line 493, in open
    response = meth(req, response)
  File "/Users/huangwenhua/.local/share/uv/python/cpython-3.14.3-macos-aarch64-none/lib/python3.14/urllib/request.py", line 602, in http_response
    response = self.parent.error(
        'http', request, response, code, msg, hdrs)
  File "/Users/huangwenhua/.local/share/uv/python/cpython-3.14.3-macos-aarch64-none/lib/python3.14/urllib/request.py", line 531, in error
    return self._call_chain(*args)
           ~~~~~~~~~~~~~~~~^^^^^^^
  File "/Users/huangwenhua/.local/share/uv/python/cpython-3.14.3-macos-aarch64-none/lib/python3.14/urllib/request.py", line 464, in _call_chain
    result = func(*args)
  File "/Users/huangwenhua/.local/share/uv/python/cpython-3.14.3-macos-aarch64-none/lib/python3.14/urllib/request.py", line 611, in http_error_default
    raise HTTPError(req.full_url, code, msg, hdrs, fp)
urllib.error.HTTPError: HTTP Error 500: Internal Server Error

The above exception was the direct cause of the following exception:

Traceback (most recent call last):
  File "/Users/huangwenhua/company/安洋/dianshang-scraper-c/src/scraper_client/services/account_orchestrator.py", line 184, in execute_task
    self.result_uploader.upload(
    ~~~~~~~~~~~~~~~~~~~~~~~~~~~^
        round_no=round_no,
        ^^^^^^^^^^^^^^^^^^
    ...<5 lines>...
        price_info=price_info,
        ^^^^^^^^^^^^^^^^^^^^^^
    )
    ^
  File "/Users/huangwenhua/company/安洋/dianshang-scraper-c/src/scraper_client/services/result_uploader.py", line 24, in upload
    return self.api_client.upload_results(
           ~~~~~~~~~~~~~~~~~~~~~~~~~~~~~~^
        round_no=round_no,
        ^^^^^^^^^^^^^^^^^^
    ...<5 lines>...
        price_info=price_info,
        ^^^^^^^^^^^^^^^^^^^^^^
    )
    ^
  File "/Users/huangwenhua/company/安洋/dianshang-scraper-c/src/scraper_client/infra/server/internal_api_client.py", line 43, in upload_results
    data = self._request_json("POST", "/internal/scraper/results/upload", payload)
  File "/Users/huangwenhua/company/安洋/dianshang-scraper-c/src/scraper_client/infra/server/internal_api_client.py", line 103, in _request_json
    raise RuntimeError(f"internal api error {exc.code}: {detail}") from exc
RuntimeError: internal api error 500: {"detail":"Failed to upload results: (pymysql.err.OperationalError) (1292, \"Incorrect datetime value: '2026-04-26T13:52:31Z' for column 'platform_create_time' at row 1\")\n[SQL: INSERT INTO orders (platform, shop_id, outer_order_id, openid, status, total_amount, product_count, receiver_name, receiver_phone, receiver_address, pay_time, platform_create_time, platform_update_time, raw_data, uniform_status, ad_cost, employee_id, department_id, finder_id) VALUES (%(platform)s, %(shop_id)s, %(outer_order_id)s, %(openid)s, %(status)s, %(total_amount)s, %(product_count)s, %(receiver_name)s, %(receiver_phone)s, %(receiver_address)s, %(pay_time)s, %(platform_create_time)s, %(platform_update_time)s, %(raw_data)s, %(uniform_status)s, %(ad_cost)s, %(employee_id)s, %(department_id)s, %(finder_id)s)]\n[parameters: {'platform': 'JINGDONG', 'shop_id': 6, 'outer_order_id': '3480200005859074', 'openid': 'jd_CSCCTXtnNuoL', 'status': '2', 'total_amount': 7990, 'product_count': 1, 'receiver_name': '王**', 'receiver_phone': '1******2781', 'receiver_address': '河南新乡市获嘉县**********', 'pay_time': None, 'platform_create_time': '2026-04-26T13:52:31Z', 'platform_update_time': None, 'raw_data': '{\"userPin\": \"jd_CSCCTXtnNuoL\", \"orderType\": 22, \"orderPromiseInfo\": {\"expChanged\": false, \"orderWarningDesc\": \"\\\\u4e70\\\\u5bb6\\\\u672a\\\\u4ed8\\\\u6b3e\\\\u ... (3351 characters truncated) ...  79.9, \"freight\": 0.0, \"paymentTypeName\": \"\\\\u5728\\\\u7ebf\\\\u652f\\\\u4ed8\", \"receivables\": 79.9, \"commission\": 0.0, \"orderSum\": 0.0, \"paymentType\": 4}}', 'uniform_status': 'SHIPPED', 'ad_cost': 0, 'employee_id': None, 'department_id': None, 'finder_id': None}]\n(Background on this error at: https://sqlalche.me/e/20/e3q8)"}
2026-04-26 21:53:32,794 INFO scraper_client.infra.jd.jd_scraper - jd scrape start account_id=1 account_name=钰谢-老板 max_pages=1
2026-04-26 21:53:41,668 INFO scraper_client.infra.jd.order_list_extractor - order list extracted orders=10 (total_item=18436 pages=1)
2026-04-26 21:53:41,669 INFO scraper_client.infra.jd.detail_extractor - detail extraction enriched_orders=10
2026-04-26 21:53:41,669 INFO scraper_client.infra.jd.jd_scraper - jd scrape done account_id=1 orders=10 items=10 price_info=10
2026-04-26 21:53:41,869 ERROR scraper_client.services.account_orchestrator - task failed account_id=1 round=55
Traceback (most recent call last):
  File "/Users/huangwenhua/company/安洋/dianshang-scraper-c/src/scraper_client/infra/server/internal_api_client.py", line 99, in _request_json
    with request.urlopen(req, timeout=self.timeout) as resp:
         ~~~~~~~~~~~~~~~^^^^^^^^^^^^^^^^^^^^^^^^^^^
  File "/Users/huangwenhua/.local/share/uv/python/cpython-3.14.3-macos-aarch64-none/lib/python3.14/urllib/request.py", line 187, in urlopen
    return opener.open(url, data, timeout)
           ~~~~~~~~~~~^^^^^^^^^^^^^^^^^^^^
  File "/Users/huangwenhua/.local/share/uv/python/cpython-3.14.3-macos-aarch64-none/lib/python3.14/urllib/request.py", line 493, in open
    response = meth(req, response)
  File "/Users/huangwenhua/.local/share/uv/python/cpython-3.14.3-macos-aarch64-none/lib/python3.14/urllib/request.py", line 602, in http_response
    response = self.parent.error(
        'http', request, response, code, msg, hdrs)
  File "/Users/huangwenhua/.local/share/uv/python/cpython-3.14.3-macos-aarch64-none/lib/python3.14/urllib/request.py", line 531, in error
    return self._call_chain(*args)
           ~~~~~~~~~~~~~~~~^^^^^^^
  File "/Users/huangwenhua/.local/share/uv/python/cpython-3.14.3-macos-aarch64-none/lib/python3.14/urllib/request.py", line 464, in _call_chain
    result = func(*args)
  File "/Users/huangwenhua/.local/share/uv/python/cpython-3.14.3-macos-aarch64-none/lib/python3.14/urllib/request.py", line 611, in http_error_default
    raise HTTPError(req.full_url, code, msg, hdrs, fp)
urllib.error.HTTPError: HTTP Error 500: Internal Server Error

The above exception was the direct cause of the following exception:

Traceback (most recent call last):
  File "/Users/huangwenhua/company/安洋/dianshang-scraper-c/src/scraper_client/services/account_orchestrator.py", line 184, in execute_task
    self.result_uploader.upload(
    ~~~~~~~~~~~~~~~~~~~~~~~~~~~^
        round_no=round_no,
        ^^^^^^^^^^^^^^^^^^
    ...<5 lines>...
        price_info=price_info,
        ^^^^^^^^^^^^^^^^^^^^^^
    )
    ^
  File "/Users/huangwenhua/company/安洋/dianshang-scraper-c/src/scraper_client/services/result_uploader.py", line 24, in upload
    return self.api_client.upload_results(
           ~~~~~~~~~~~~~~~~~~~~~~~~~~~~~~^
        round_no=round_no,
        ^^^^^^^^^^^^^^^^^^
    ...<5 lines>...
        price_info=price_info,
        ^^^^^^^^^^^^^^^^^^^^^^
    )
    ^
  File "/Users/huangwenhua/company/安洋/dianshang-scraper-c/src/scraper_client/infra/server/internal_api_client.py", line 43, in upload_results
    data = self._request_json("POST", "/internal/scraper/results/upload", payload)
  File "/Users/huangwenhua/company/安洋/dianshang-scraper-c/src/scraper_client/infra/server/internal_api_client.py", line 103, in _request_json
    raise RuntimeError(f"internal api error {exc.code}: {detail}") from exc
RuntimeError: internal api error 500: {"detail":"Failed to upload results: (pymysql.err.OperationalError) (1292, \"Incorrect datetime value: '2026-04-26T13:53:22Z' for column 'platform_create_time' at row 1\")\n[SQL: INSERT INTO orders (platform, shop_id, outer_order_id, openid, status, total_amount, product_count, receiver_name, receiver_phone, receiver_address, pay_time, platform_create_time, platform_update_time, raw_data, uniform_status, ad_cost, employee_id, department_id, finder_id) VALUES (%(platform)s, %(shop_id)s, %(outer_order_id)s, %(openid)s, %(status)s, %(total_amount)s, %(product_count)s, %(receiver_name)s, %(receiver_phone)s, %(receiver_address)s, %(pay_time)s, %(platform_create_time)s, %(platform_update_time)s, %(raw_data)s, %(uniform_status)s, %(ad_cost)s, %(employee_id)s, %(department_id)s, %(finder_id)s)]\n[parameters: {'platform': 'JINGDONG', 'shop_id': 6, 'outer_order_id': '3480223006484178', 'openid': 'jd_MdObsFjnhqUr', 'status': '2', 'total_amount': 7990, 'product_count': 1, 'receiver_name': '洪**', 'receiver_phone': '1******0118', 'receiver_address': '山东威海市文登区**********', 'pay_time': None, 'platform_create_time': '2026-04-26T13:53:22Z', 'platform_update_time': None, 'raw_data': '{\"userPin\": \"jd_MdObsFjnhqUr\", \"orderType\": 22, \"orderPromiseInfo\": {\"expChanged\": false, \"orderWarningDesc\": \"\\\\u4e70\\\\u5bb6\\\\u672a\\\\u4ed8\\\\u6b3e\\\\u ... (3410 characters truncated) ...  79.9, \"freight\": 0.0, \"paymentTypeName\": \"\\\\u5728\\\\u7ebf\\\\u652f\\\\u4ed8\", \"receivables\": 79.9, \"commission\": 0.0, \"orderSum\": 0.0, \"paymentType\": 4}}', 'uniform_status': 'SHIPPED', 'ad_cost': 0, 'employee_id': None, 'department_id': None, 'finder_id': None}]\n(Background on this error at: https://sqlalche.me/e/20/e3q8)"}
2026-04-26 21:54:11,916 INFO scraper_client.infra.jd.jd_scraper - jd scrape start account_id=1 account_name=钰谢-老板 max_pages=1
2026-04-26 21:54:21,151 INFO scraper_client.infra.jd.order_list_extractor - order list extracted orders=10 (total_item=18436 pages=1)
2026-04-26 21:54:21,152 INFO scraper_client.infra.jd.detail_extractor - detail extraction enriched_orders=10
2026-04-26 21:54:21,153 INFO scraper_client.infra.jd.jd_scraper - jd scrape done account_id=1 orders=10 items=10 price_info=10
2026-04-26 21:54:21,344 ERROR scraper_client.services.account_orchestrator - task failed account_id=1 round=56
Traceback (most recent call last):
  File "/Users/huangwenhua/company/安洋/dianshang-scraper-c/src/scraper_client/infra/server/internal_api_client.py", line 99, in _request_json
    with request.urlopen(req, timeout=self.timeout) as resp:
         ~~~~~~~~~~~~~~~^^^^^^^^^^^^^^^^^^^^^^^^^^^
  File "/Users/huangwenhua/.local/share/uv/python/cpython-3.14.3-macos-aarch64-none/lib/python3.14/urllib/request.py", line 187, in urlopen
    return opener.open(url, data, timeout)
           ~~~~~~~~~~~^^^^^^^^^^^^^^^^^^^^
  File "/Users/huangwenhua/.local/share/uv/python/cpython-3.14.3-macos-aarch64-none/lib/python3.14/urllib/request.py", line 493, in open
    response = meth(req, response)
  File "/Users/huangwenhua/.local/share/uv/python/cpython-3.14.3-macos-aarch64-none/lib/python3.14/urllib/request.py", line 602, in http_response
    response = self.parent.error(
        'http', request, response, code, msg, hdrs)
  File "/Users/huangwenhua/.local/share/uv/python/cpython-3.14.3-macos-aarch64-none/lib/python3.14/urllib/request.py", line 531, in error
    return self._call_chain(*args)
           ~~~~~~~~~~~~~~~~^^^^^^^
  File "/Users/huangwenhua/.local/share/uv/python/cpython-3.14.3-macos-aarch64-none/lib/python3.14/urllib/request.py", line 464, in _call_chain
    result = func(*args)
  File "/Users/huangwenhua/.local/share/uv/python/cpython-3.14.3-macos-aarch64-none/lib/python3.14/urllib/request.py", line 611, in http_error_default
    raise HTTPError(req.full_url, code, msg, hdrs, fp)
urllib.error.HTTPError: HTTP Error 500: Internal Server Error

The above exception was the direct cause of the following exception:

Traceback (most recent call last):
  File "/Users/huangwenhua/company/安洋/dianshang-scraper-c/src/scraper_client/services/account_orchestrator.py", line 184, in execute_task
    self.result_uploader.upload(
    ~~~~~~~~~~~~~~~~~~~~~~~~~~~^
        round_no=round_no,
        ^^^^^^^^^^^^^^^^^^
    ...<5 lines>...
        price_info=price_info,
        ^^^^^^^^^^^^^^^^^^^^^^
    )
    ^
  File "/Users/huangwenhua/company/安洋/dianshang-scraper-c/src/scraper_client/services/result_uploader.py", line 24, in upload
    return self.api_client.upload_results(
           ~~~~~~~~~~~~~~~~~~~~~~~~~~~~~~^
        round_no=round_no,
        ^^^^^^^^^^^^^^^^^^
    ...<5 lines>...
        price_info=price_info,
        ^^^^^^^^^^^^^^^^^^^^^^
    )
    ^
  File "/Users/huangwenhua/company/安洋/dianshang-scraper-c/src/scraper_client/infra/server/internal_api_client.py", line 43, in upload_results
    data = self._request_json("POST", "/internal/scraper/results/upload", payload)
  File "/Users/huangwenhua/company/安洋/dianshang-scraper-c/src/scraper_client/infra/server/internal_api_client.py", line 103, in _request_json
    raise RuntimeError(f"internal api error {exc.code}: {detail}") from exc
RuntimeError: internal api error 500: {"detail":"Failed to upload results: (pymysql.err.OperationalError) (1292, \"Incorrect datetime value: '2026-04-26T13:53:22Z' for column 'platform_create_time' at row 1\")\n[SQL: INSERT INTO orders (platform, shop_id, outer_order_id, openid, status, total_amount, product_count, receiver_name, receiver_phone, receiver_address, pay_time, platform_create_time, platform_update_time, raw_data, uniform_status, ad_cost, employee_id, department_id, finder_id) VALUES (%(platform)s, %(shop_id)s, %(outer_order_id)s, %(openid)s, %(status)s, %(total_amount)s, %(product_count)s, %(receiver_name)s, %(receiver_phone)s, %(receiver_address)s, %(pay_time)s, %(platform_create_time)s, %(platform_update_time)s, %(raw_data)s, %(uniform_status)s, %(ad_cost)s, %(employee_id)s, %(department_id)s, %(finder_id)s)]\n[parameters: {'platform': 'JINGDONG', 'shop_id': 6, 'outer_order_id': '3480223006484178', 'openid': 'jd_MdObsFjnhqUr', 'status': '8', 'total_amount': 7990, 'product_count': 1, 'receiver_name': '洪**', 'receiver_phone': '1******0118', 'receiver_address': '山东威海市文登区**********', 'pay_time': None, 'platform_create_time': '2026-04-26T13:53:22Z', 'platform_update_time': '2026-04-26T13:53:36Z', 'raw_data': '{\"orderType\": 22, \"orderPromiseInfo\": {\"expChanged\": false, \"promiseShipDate\": 1777402800000}, \"orderId\": \"3480223006484178\", \"orderCreateTime\": 1777 ... (4182 characters truncated) ... 79.9, \"freight\": 0.0, \"paymentTypeName\": \"\\\\u5728\\\\u7ebf\\\\u652f\\\\u4ed8\", \"receivables\": 79.9, \"commission\": 0.0, \"orderSum\": 79.9, \"paymentType\": 4}}', 'uniform_status': 'UNKNOWN', 'ad_cost': 0, 'employee_id': None, 'department_id': None, 'finder_id': None}]\n(Background on this error at: https://sqlalche.me/e/20/e3q8)"}
2026-04-26 21:54:51,384 INFO scraper_client.infra.jd.jd_scraper - jd scrape start account_id=1 account_name=钰谢-老板 max_pages=1
2026-04-26 21:55:00,610 INFO scraper_client.infra.jd.order_list_extractor - order list extracted orders=10 (total_item=18437 pages=1)
2026-04-26 21:55:00,611 INFO scraper_client.infra.jd.detail_extractor - detail extraction enriched_orders=10
2026-04-26 21:55:00,612 INFO scraper_client.infra.jd.jd_scraper - jd scrape done account_id=1 orders=10 items=10 price_info=10
2026-04-26 21:55:00,824 ERROR scraper_client.services.account_orchestrator - task failed account_id=1 round=57
Traceback (most recent call last):
  File "/Users/huangwenhua/company/安洋/dianshang-scraper-c/src/scraper_client/infra/server/internal_api_client.py", line 99, in _request_json
    with request.urlopen(req, timeout=self.timeout) as resp:
         ~~~~~~~~~~~~~~~^^^^^^^^^^^^^^^^^^^^^^^^^^^
  File "/Users/huangwenhua/.local/share/uv/python/cpython-3.14.3-macos-aarch64-none/lib/python3.14/urllib/request.py", line 187, in urlopen
    return opener.open(url, data, timeout)
           ~~~~~~~~~~~^^^^^^^^^^^^^^^^^^^^
  File "/Users/huangwenhua/.local/share/uv/python/cpython-3.14.3-macos-aarch64-none/lib/python3.14/urllib/request.py", line 493, in open
    response = meth(req, response)
  File "/Users/huangwenhua/.local/share/uv/python/cpython-3.14.3-macos-aarch64-none/lib/python3.14/urllib/request.py", line 602, in http_response
    response = self.parent.error(
        'http', request, response, code, msg, hdrs)
  File "/Users/huangwenhua/.local/share/uv/python/cpython-3.14.3-macos-aarch64-none/lib/python3.14/urllib/request.py", line 531, in error
    return self._call_chain(*args)
           ~~~~~~~~~~~~~~~~^^^^^^^
  File "/Users/huangwenhua/.local/share/uv/python/cpython-3.14.3-macos-aarch64-none/lib/python3.14/urllib/request.py", line 464, in _call_chain
    result = func(*args)
  File "/Users/huangwenhua/.local/share/uv/python/cpython-3.14.3-macos-aarch64-none/lib/python3.14/urllib/request.py", line 611, in http_error_default
    raise HTTPError(req.full_url, code, msg, hdrs, fp)
urllib.error.HTTPError: HTTP Error 500: Internal Server Error

The above exception was the direct cause of the following exception:

Traceback (most recent call last):
  File "/Users/huangwenhua/company/安洋/dianshang-scraper-c/src/scraper_client/services/account_orchestrator.py", line 184, in execute_task
    self.result_uploader.upload(
    ~~~~~~~~~~~~~~~~~~~~~~~~~~~^
        round_no=round_no,
        ^^^^^^^^^^^^^^^^^^
    ...<5 lines>...
        price_info=price_info,
        ^^^^^^^^^^^^^^^^^^^^^^
    )
    ^
  File "/Users/huangwenhua/company/安洋/dianshang-scraper-c/src/scraper_client/services/result_uploader.py", line 24, in upload
    return self.api_client.upload_results(
           ~~~~~~~~~~~~~~~~~~~~~~~~~~~~~~^
        round_no=round_no,
        ^^^^^^^^^^^^^^^^^^
    ...<5 lines>...
        price_info=price_info,
        ^^^^^^^^^^^^^^^^^^^^^^
    )
    ^
  File "/Users/huangwenhua/company/安洋/dianshang-scraper-c/src/scraper_client/infra/server/internal_api_client.py", line 43, in upload_results
    data = self._request_json("POST", "/internal/scraper/results/upload", payload)
  File "/Users/huangwenhua/company/安洋/dianshang-scraper-c/src/scraper_client/infra/server/internal_api_client.py", line 103, in _request_json
    raise RuntimeError(f"internal api error {exc.code}: {detail}") from exc
RuntimeError: internal api error 500: {"detail":"Failed to upload results: (pymysql.err.OperationalError) (1292, \"Incorrect datetime value: '2026-04-26T13:54:18Z' for column 'platform_create_time' at row 1\")\n[SQL: INSERT INTO orders (platform, shop_id, outer_order_id, openid, status, total_amount, product_count, receiver_name, receiver_phone, receiver_address, pay_time, platform_create_time, platform_update_time, raw_data, uniform_status, ad_cost, employee_id, department_id, finder_id) VALUES (%(platform)s, %(shop_id)s, %(outer_order_id)s, %(openid)s, %(status)s, %(total_amount)s, %(product_count)s, %(receiver_name)s, %(receiver_phone)s, %(receiver_address)s, %(pay_time)s, %(platform_create_time)s, %(platform_update_time)s, %(raw_data)s, %(uniform_status)s, %(ad_cost)s, %(employee_id)s, %(department_id)s, %(finder_id)s)]\n[parameters: {'platform': 'JINGDONG', 'shop_id': 6, 'outer_order_id': '3480294001737831', 'openid': 'jd_SXMrKtiAknrY', 'status': '2', 'total_amount': 3990, 'product_count': 1, 'receiver_name': '王**', 'receiver_phone': '1******3891', 'receiver_address': '浙江杭州市萧山区**********', 'pay_time': None, 'platform_create_time': '2026-04-26T13:54:18Z', 'platform_update_time': None, 'raw_data': '{\"userPin\": \"jd_SXMrKtiAknrY\", \"orderType\": 22, \"orderPromiseInfo\": {\"expChanged\": false, \"orderWarningDesc\": \"\\\\u4e70\\\\u5bb6\\\\u672a\\\\u4ed8\\\\u6b3e\\\\u ... (3409 characters truncated) ...  39.9, \"freight\": 0.0, \"paymentTypeName\": \"\\\\u5728\\\\u7ebf\\\\u652f\\\\u4ed8\", \"receivables\": 39.9, \"commission\": 0.0, \"orderSum\": 0.0, \"paymentType\": 4}}', 'uniform_status': 'SHIPPED', 'ad_cost': 0, 'employee_id': None, 'department_id': None, 'finder_id': None}]\n(Background on this error at: https://sqlalche.me/e/20/e3q8)"}
2026-04-26 21:55:30,874 INFO scraper_client.infra.jd.jd_scraper - jd scrape start account_id=1 account_name=钰谢-老板 max_pages=1
2026-04-26 21:55:39,994 INFO scraper_client.infra.jd.order_list_extractor - order list extracted orders=10 (total_item=18437 pages=1)
2026-04-26 21:55:39,995 INFO scraper_client.infra.jd.detail_extractor - detail extraction enriched_orders=10
2026-04-26 21:55:39,995 INFO scraper_client.infra.jd.jd_scraper - jd scrape done account_id=1 orders=10 items=10 price_info=10
2026-04-26 21:55:40,206 ERROR scraper_client.services.account_orchestrator - task failed account_id=1 round=58
Traceback (most recent call last):
  File "/Users/huangwenhua/company/安洋/dianshang-scraper-c/src/scraper_client/infra/server/internal_api_client.py", line 99, in _request_json
    with request.urlopen(req, timeout=self.timeout) as resp:
         ~~~~~~~~~~~~~~~^^^^^^^^^^^^^^^^^^^^^^^^^^^
  File "/Users/huangwenhua/.local/share/uv/python/cpython-3.14.3-macos-aarch64-none/lib/python3.14/urllib/request.py", line 187, in urlopen
    return opener.open(url, data, timeout)
           ~~~~~~~~~~~^^^^^^^^^^^^^^^^^^^^
  File "/Users/huangwenhua/.local/share/uv/python/cpython-3.14.3-macos-aarch64-none/lib/python3.14/urllib/request.py", line 493, in open
    response = meth(req, response)
  File "/Users/huangwenhua/.local/share/uv/python/cpython-3.14.3-macos-aarch64-none/lib/python3.14/urllib/request.py", line 602, in http_response
    response = self.parent.error(
        'http', request, response, code, msg, hdrs)
  File "/Users/huangwenhua/.local/share/uv/python/cpython-3.14.3-macos-aarch64-none/lib/python3.14/urllib/request.py", line 531, in error
    return self._call_chain(*args)
           ~~~~~~~~~~~~~~~~^^^^^^^
  File "/Users/huangwenhua/.local/share/uv/python/cpython-3.14.3-macos-aarch64-none/lib/python3.14/urllib/request.py", line 464, in _call_chain
    result = func(*args)
  File "/Users/huangwenhua/.local/share/uv/python/cpython-3.14.3-macos-aarch64-none/lib/python3.14/urllib/request.py", line 611, in http_error_default
    raise HTTPError(req.full_url, code, msg, hdrs, fp)
urllib.error.HTTPError: HTTP Error 500: Internal Server Error

The above exception was the direct cause of the following exception:

Traceback (most recent call last):
  File "/Users/huangwenhua/company/安洋/dianshang-scraper-c/src/scraper_client/services/account_orchestrator.py", line 184, in execute_task
    self.result_uploader.upload(
    ~~~~~~~~~~~~~~~~~~~~~~~~~~~^
        round_no=round_no,
        ^^^^^^^^^^^^^^^^^^
    ...<5 lines>...
        price_info=price_info,
        ^^^^^^^^^^^^^^^^^^^^^^
    )
    ^
  File "/Users/huangwenhua/company/安洋/dianshang-scraper-c/src/scraper_client/services/result_uploader.py", line 24, in upload
    return self.api_client.upload_results(
           ~~~~~~~~~~~~~~~~~~~~~~~~~~~~~~^
        round_no=round_no,
        ^^^^^^^^^^^^^^^^^^
    ...<5 lines>...
        price_info=price_info,
        ^^^^^^^^^^^^^^^^^^^^^^
    )
    ^
  File "/Users/huangwenhua/company/安洋/dianshang-scraper-c/src/scraper_client/infra/server/internal_api_client.py", line 43, in upload_results
    data = self._request_json("POST", "/internal/scraper/results/upload", payload)
  File "/Users/huangwenhua/company/安洋/dianshang-scraper-c/src/scraper_client/infra/server/internal_api_client.py", line 103, in _request_json
    raise RuntimeError(f"internal api error {exc.code}: {detail}") from exc
RuntimeError: internal api error 500: {"detail":"Failed to upload results: (pymysql.err.OperationalError) (1292, \"Incorrect datetime value: '2026-04-26T13:54:18Z' for column 'platform_create_time' at row 1\")\n[SQL: INSERT INTO orders (platform, shop_id, outer_order_id, openid, status, total_amount, product_count, receiver_name, receiver_phone, receiver_address, pay_time, platform_create_time, platform_update_time, raw_data, uniform_status, ad_cost, employee_id, department_id, finder_id) VALUES (%(platform)s, %(shop_id)s, %(outer_order_id)s, %(openid)s, %(status)s, %(total_amount)s, %(product_count)s, %(receiver_name)s, %(receiver_phone)s, %(receiver_address)s, %(pay_time)s, %(platform_create_time)s, %(platform_update_time)s, %(raw_data)s, %(uniform_status)s, %(ad_cost)s, %(employee_id)s, %(department_id)s, %(finder_id)s)]\n[parameters: {'platform': 'JINGDONG', 'shop_id': 6, 'outer_order_id': '3480294001737831', 'openid': 'jd_SXMrKtiAknrY', 'status': '2', 'total_amount': 3990, 'product_count': 1, 'receiver_name': '王**', 'receiver_phone': '1******3891', 'receiver_address': '浙江杭州市萧山区**********', 'pay_time': None, 'platform_create_time': '2026-04-26T13:54:18Z', 'platform_update_time': None, 'raw_data': '{\"userPin\": \"jd_SXMrKtiAknrY\", \"orderType\": 22, \"orderPromiseInfo\": {\"expChanged\": false, \"orderWarningDesc\": \"\\\\u4e70\\\\u5bb6\\\\u672a\\\\u4ed8\\\\u6b3e\\\\u ... (3409 characters truncated) ...  39.9, \"freight\": 0.0, \"paymentTypeName\": \"\\\\u5728\\\\u7ebf\\\\u652f\\\\u4ed8\", \"receivables\": 39.9, \"commission\": 0.0, \"orderSum\": 0.0, \"paymentType\": 4}}', 'uniform_status': 'SHIPPED', 'ad_cost': 0, 'employee_id': None, 'department_id': None, 'finder_id': None}]\n(Background on this error at: https://sqlalche.me/e/20/e3q8)"}
2026-04-26 21:56:10,239 INFO scraper_client.infra.jd.jd_scraper - jd scrape start account_id=1 account_name=钰谢-老板 max_pages=1
2026-04-26 21:56:19,478 INFO scraper_client.infra.jd.order_list_extractor - order list extracted orders=0 (total_item=None pages=1)
2026-04-26 21:56:19,479 INFO scraper_client.infra.jd.detail_extractor - detail extraction enriched_orders=0
2026-04-26 21:56:19,479 INFO scraper_client.infra.jd.jd_scraper - jd scrape done account_id=1 orders=0 items=0 price_info=0
2026-04-26 21:56:19,701 INFO scraper_client.services.account_orchestrator - task success account_id=1 orders=0 round=59
2026-04-26 21:56:49,723 INFO scraper_client.infra.jd.jd_scraper - jd scrape start account_id=1 account_name=钰谢-老板 max_pages=1
2026-04-26 21:57:05,936 INFO scraper_client.infra.jd.order_list_extractor - order list extracted orders=0 (total_item=None pages=1)
2026-04-26 21:57:05,936 INFO scraper_client.infra.jd.detail_extractor - detail extraction enriched_orders=0
2026-04-26 21:57:05,936 INFO scraper_client.infra.jd.jd_scraper - jd scrape done account_id=1 orders=0 items=0 price_info=0
2026-04-26 21:57:06,131 INFO scraper_client.services.account_orchestrator - task success account_id=1 orders=0 round=60
2026-04-26 21:57:36,159 INFO scraper_client.infra.jd.jd_scraper - jd scrape start account_id=1 account_name=钰谢-老板 max_pages=1
2026-04-26 21:57:46,867 INFO scraper_client.infra.jd.order_list_extractor - order list extracted orders=0 (total_item=None pages=1)
2026-04-26 21:57:46,867 INFO scraper_client.infra.jd.detail_extractor - detail extraction enriched_orders=0
2026-04-26 21:57:46,867 INFO scraper_client.infra.jd.jd_scraper - jd scrape done account_id=1 orders=0 items=0 price_info=0
2026-04-26 21:57:47,053 INFO scraper_client.services.account_orchestrator - task success account_id=1 orders=0 round=61
2026-04-26 21:58:17,088 INFO scraper_client.infra.jd.jd_scraper - jd scrape start account_id=1 account_name=钰谢-老板 max_pages=1
2026-04-26 21:58:30,889 INFO scraper_client.infra.jd.order_list_extractor - order list extracted orders=10 (total_item=18442 pages=1)
2026-04-26 21:58:30,891 INFO scraper_client.infra.jd.detail_extractor - detail extraction enriched_orders=10
2026-04-26 21:58:30,892 INFO scraper_client.infra.jd.jd_scraper - jd scrape done account_id=1 orders=10 items=10 price_info=10
2026-04-26 21:58:31,105 ERROR scraper_client.services.account_orchestrator - task failed account_id=1 round=62
Traceback (most recent call last):
  File "/Users/huangwenhua/company/安洋/dianshang-scraper-c/src/scraper_client/infra/server/internal_api_client.py", line 99, in _request_json
    with request.urlopen(req, timeout=self.timeout) as resp:
         ~~~~~~~~~~~~~~~^^^^^^^^^^^^^^^^^^^^^^^^^^^
  File "/Users/huangwenhua/.local/share/uv/python/cpython-3.14.3-macos-aarch64-none/lib/python3.14/urllib/request.py", line 187, in urlopen
    return opener.open(url, data, timeout)
           ~~~~~~~~~~~^^^^^^^^^^^^^^^^^^^^
  File "/Users/huangwenhua/.local/share/uv/python/cpython-3.14.3-macos-aarch64-none/lib/python3.14/urllib/request.py", line 493, in open
    response = meth(req, response)
  File "/Users/huangwenhua/.local/share/uv/python/cpython-3.14.3-macos-aarch64-none/lib/python3.14/urllib/request.py", line 602, in http_response
    response = self.parent.error(
        'http', request, response, code, msg, hdrs)
  File "/Users/huangwenhua/.local/share/uv/python/cpython-3.14.3-macos-aarch64-none/lib/python3.14/urllib/request.py", line 531, in error
    return self._call_chain(*args)
           ~~~~~~~~~~~~~~~~^^^^^^^
  File "/Users/huangwenhua/.local/share/uv/python/cpython-3.14.3-macos-aarch64-none/lib/python3.14/urllib/request.py", line 464, in _call_chain
    result = func(*args)
  File "/Users/huangwenhua/.local/share/uv/python/cpython-3.14.3-macos-aarch64-none/lib/python3.14/urllib/request.py", line 611, in http_error_default
    raise HTTPError(req.full_url, code, msg, hdrs, fp)
urllib.error.HTTPError: HTTP Error 500: Internal Server Error

The above exception was the direct cause of the following exception:

Traceback (most recent call last):
  File "/Users/huangwenhua/company/安洋/dianshang-scraper-c/src/scraper_client/services/account_orchestrator.py", line 184, in execute_task
    self.result_uploader.upload(
    ~~~~~~~~~~~~~~~~~~~~~~~~~~~^
        round_no=round_no,
        ^^^^^^^^^^^^^^^^^^
    ...<5 lines>...
        price_info=price_info,
        ^^^^^^^^^^^^^^^^^^^^^^
    )
    ^
  File "/Users/huangwenhua/company/安洋/dianshang-scraper-c/src/scraper_client/services/result_uploader.py", line 24, in upload
    return self.api_client.upload_results(
           ~~~~~~~~~~~~~~~~~~~~~~~~~~~~~~^
        round_no=round_no,
        ^^^^^^^^^^^^^^^^^^
    ...<5 lines>...
        price_info=price_info,
        ^^^^^^^^^^^^^^^^^^^^^^
    )
    ^
  File "/Users/huangwenhua/company/安洋/dianshang-scraper-c/src/scraper_client/infra/server/internal_api_client.py", line 43, in upload_results
    data = self._request_json("POST", "/internal/scraper/results/upload", payload)
  File "/Users/huangwenhua/company/安洋/dianshang-scraper-c/src/scraper_client/infra/server/internal_api_client.py", line 103, in _request_json
    raise RuntimeError(f"internal api error {exc.code}: {detail}") from exc
RuntimeError: internal api error 500: {"detail":"Failed to upload results: (pymysql.err.OperationalError) (1292, \"Incorrect datetime value: '2026-04-26T13:58:23Z' for column 'platform_create_time' at row 1\")\n[SQL: INSERT INTO orders (platform, shop_id, outer_order_id, openid, status, total_amount, product_count, receiver_name, receiver_phone, receiver_address, pay_time, platform_create_time, platform_update_time, raw_data, uniform_status, ad_cost, employee_id, department_id, finder_id) VALUES (%(platform)s, %(shop_id)s, %(outer_order_id)s, %(openid)s, %(status)s, %(total_amount)s, %(product_count)s, %(receiver_name)s, %(receiver_phone)s, %(receiver_address)s, %(pay_time)s, %(platform_create_time)s, %(platform_update_time)s, %(raw_data)s, %(uniform_status)s, %(ad_cost)s, %(employee_id)s, %(department_id)s, %(finder_id)s)]\n[parameters: {'platform': 'JINGDONG', 'shop_id': 6, 'outer_order_id': '3480287014897496', 'openid': 'jd_RFpHSuZItIBE', 'status': '2', 'total_amount': 7990, 'product_count': 1, 'receiver_name': '竺**', 'receiver_phone': '1******7099', 'receiver_address': '广东珠海市金湾区**********', 'pay_time': None, 'platform_create_time': '2026-04-26T13:58:23Z', 'platform_update_time': None, 'raw_data': '{\"userPin\": \"jd_RFpHSuZItIBE\", \"orderType\": 22, \"orderPromiseInfo\": {\"expChanged\": false, \"orderWarningDesc\": \"\\\\u4e70\\\\u5bb6\\\\u672a\\\\u4ed8\\\\u6b3e\\\\u ... (3410 characters truncated) ...  79.9, \"freight\": 0.0, \"paymentTypeName\": \"\\\\u5728\\\\u7ebf\\\\u652f\\\\u4ed8\", \"receivables\": 79.9, \"commission\": 0.0, \"orderSum\": 0.0, \"paymentType\": 4}}', 'uniform_status': 'SHIPPED', 'ad_cost': 0, 'employee_id': None, 'department_id': None, 'finder_id': None}]\n(Background on this error at: https://sqlalche.me/e/20/e3q8)"}
2026-04-26 21:59:01,144 INFO scraper_client.services.account_orchestrator - no task available, sleep=10s
2026-04-26 21:59:11,155 INFO scraper_client.services.account_orchestrator - no task available, sleep=10s
2026-04-26 21:59:21,161 INFO scraper_client.services.account_orchestrator - no task available, sleep=10s
2026-04-26 21:59:31,173 INFO scraper_client.services.account_orchestrator - no task available, sleep=10s
2026-04-26 21:59:41,187 INFO scraper_client.services.account_orchestrator - no task available, sleep=10s
2026-04-26 21:59:51,200 INFO scraper_client.services.account_orchestrator - no task available, sleep=10s
2026-04-26 22:00:01,213 INFO scraper_client.services.account_orchestrator - no task available, sleep=10s
2026-04-26 22:00:11,230 INFO scraper_client.services.account_orchestrator - no task available, sleep=10s
2026-04-26 22:00:21,238 INFO scraper_client.services.account_orchestrator - no task available, sleep=10s
2026-04-26 22:00:31,257 INFO scraper_client.services.account_orchestrator - no task available, sleep=10s
2026-04-26 22:00:41,274 INFO scraper_client.services.account_orchestrator - no task available, sleep=10s
2026-04-26 22:00:51,280 INFO scraper_client.services.account_orchestrator - no task available, sleep=10s
2026-04-26 22:01:01,299 INFO scraper_client.services.account_orchestrator - no task available, sleep=10s
2026-04-26 22:01:11,313 INFO scraper_client.services.account_orchestrator - no task available, sleep=10s
2026-04-26 22:01:21,322 INFO scraper_client.services.account_orchestrator - no task available, sleep=10s
2026-04-26 22:01:31,343 INFO scraper_client.services.account_orchestrator - no task available, sleep=10s
2026-04-26 22:01:41,361 INFO scraper_client.services.account_orchestrator - no task available, sleep=10s
2026-04-26 22:01:51,378 INFO scraper_client.services.account_orchestrator - no task available, sleep=10s
2026-04-26 22:02:01,391 INFO scraper_client.services.account_orchestrator - no task available, sleep=10s
2026-04-26 22:02:11,402 INFO scraper_client.services.account_orchestrator - no task available, sleep=10s
2026-04-26 22:02:21,416 INFO scraper_client.services.account_orchestrator - no task available, sleep=10s
2026-04-26 22:02:31,431 INFO scraper_client.services.account_orchestrator - no task available, sleep=10s
2026-04-26 22:02:41,448 INFO scraper_client.services.account_orchestrator - no task available, sleep=10s
2026-04-26 22:02:51,464 INFO scraper_client.services.account_orchestrator - no task available, sleep=10s
2026-04-26 22:03:01,477 INFO scraper_client.services.account_orchestrator - no task available, sleep=10s
2026-04-26 22:03:11,490 INFO scraper_client.services.account_orchestrator - no task available, sleep=10s
2026-04-26 22:03:21,508 INFO scraper_client.services.account_orchestrator - no task available, sleep=10s
2026-04-26 22:03:31,524 INFO scraper_client.services.account_orchestrator - no task available, sleep=10s
2026-04-26 22:03:41,536 INFO scraper_client.services.account_orchestrator - no task available, sleep=10s
2026-04-26 22:03:51,554 INFO scraper_client.services.account_orchestrator - no task available, sleep=10s
2026-04-26 22:04:01,565 INFO scraper_client.services.account_orchestrator - no task available, sleep=10s
2026-04-26 22:04:11,582 INFO scraper_client.services.account_orchestrator - no task available, sleep=10s
2026-04-26 22:04:21,599 INFO scraper_client.services.account_orchestrator - no task available, sleep=10s
2026-04-26 22:04:31,613 INFO scraper_client.services.account_orchestrator - no task available, sleep=10s
2026-04-26 22:04:41,630 INFO scraper_client.services.account_orchestrator - no task available, sleep=10s
2026-04-26 22:04:51,646 INFO scraper_client.services.account_orchestrator - no task available, sleep=10s
2026-04-26 22:05:01,657 INFO scraper_client.services.account_orchestrator - no task available, sleep=10s
2026-04-26 22:05:11,679 INFO scraper_client.services.account_orchestrator - no task available, sleep=10s
2026-04-26 22:05:21,699 INFO scraper_client.services.account_orchestrator - no task available, sleep=10s
2026-04-26 22:05:31,709 INFO scraper_client.services.account_orchestrator - no task available, sleep=10s
2026-04-26 22:05:41,724 INFO scraper_client.services.account_orchestrator - no task available, sleep=10s
2026-04-26 22:05:51,743 INFO scraper_client.services.account_orchestrator - no task available, sleep=10s
2026-04-26 22:06:01,758 INFO scraper_client.services.account_orchestrator - no task available, sleep=10s
2026-04-26 22:06:11,776 INFO scraper_client.services.account_orchestrator - no task available, sleep=10s
2026-04-26 22:06:21,788 INFO scraper_client.services.account_orchestrator - no task available, sleep=10s
2026-04-26 22:06:31,800 INFO scraper_client.services.account_orchestrator - no task available, sleep=10s
2026-04-26 22:06:41,841 INFO scraper_client.services.account_orchestrator - no task available, sleep=10s
2026-04-26 22:06:51,859 INFO scraper_client.services.account_orchestrator - no task available, sleep=10s
2026-04-26 22:07:01,872 INFO scraper_client.services.account_orchestrator - no task available, sleep=10s
2026-04-26 22:07:11,887 INFO scraper_client.services.account_orchestrator - no task available, sleep=10s
2026-04-26 22:07:21,904 INFO scraper_client.services.account_orchestrator - no task available, sleep=10s
2026-04-26 22:07:31,920 INFO scraper_client.services.account_orchestrator - no task available, sleep=10s
2026-04-26 22:31:14,945 INFO __main__ - scraper-client starting command=start client_id=scraper-client-local
2026-04-26 22:31:14,945 INFO __main__ - log file: /Users/huangwenhua/company/安洋/dianshang-scraper-c/logs/scraper-client-local.log
2026-04-26 22:31:14,962 INFO scraper_client.services.account_orchestrator - no task available, sleep=10s
2026-04-26 22:31:24,977 INFO scraper_client.services.account_orchestrator - no task available, sleep=10s
2026-04-26 22:31:34,993 INFO scraper_client.services.account_orchestrator - no task available, sleep=10s
2026-04-26 22:31:45,011 INFO scraper_client.services.account_orchestrator - no task available, sleep=10s
2026-04-26 22:31:55,028 INFO scraper_client.services.account_orchestrator - no task available, sleep=10s
2026-04-26 22:32:05,048 INFO scraper_client.services.account_orchestrator - no task available, sleep=10s
2026-04-26 22:32:15,064 INFO scraper_client.services.account_orchestrator - no task available, sleep=10s
2026-04-26 22:32:25,081 INFO scraper_client.services.account_orchestrator - no task available, sleep=10s
2026-04-26 22:32:35,093 INFO scraper_client.services.account_orchestrator - no task available, sleep=10s
2026-04-26 22:32:45,113 INFO scraper_client.services.account_orchestrator - no task available, sleep=10s
2026-04-26 22:32:55,131 INFO scraper_client.services.account_orchestrator - no task available, sleep=10s
2026-04-26 22:33:05,148 INFO scraper_client.services.account_orchestrator - no task available, sleep=10s
2026-04-26 22:33:15,157 INFO scraper_client.services.account_orchestrator - no task available, sleep=10s
2026-04-26 22:33:25,172 INFO scraper_client.services.account_orchestrator - no task available, sleep=10s
2026-04-26 22:33:35,182 INFO scraper_client.services.account_orchestrator - no task available, sleep=10s
2026-04-26 22:33:45,193 INFO scraper_client.services.account_orchestrator - no task available, sleep=10s
2026-04-26 22:36:57,123 INFO scraper_client.app.main - scraper-client starting command=start client_id=scraper-client-local
2026-04-26 22:36:57,124 INFO scraper_client.app.main - log file: /Users/huangwenhua/company/安洋/dianshang-scraper-c/logs/scraper-client-local.log
2026-04-26 22:36:57,140 INFO scraper_client.services.account_orchestrator - no task available, sleep=10s
2026-04-26 22:37:07,170 INFO scraper_client.services.account_orchestrator - no task available, sleep=10s
2026-04-26 22:37:17,181 INFO scraper_client.services.account_orchestrator - no task available, sleep=10s
2026-04-26 22:37:27,192 INFO scraper_client.services.account_orchestrator - no task available, sleep=10s
2026-04-26 22:37:37,200 INFO scraper_client.services.account_orchestrator - no task available, sleep=10s
2026-04-26 22:37:47,211 INFO scraper_client.services.account_orchestrator - no task available, sleep=10s
2026-04-26 22:37:57,228 INFO scraper_client.services.account_orchestrator - no task available, sleep=10s
2026-04-26 22:38:07,241 INFO scraper_client.services.account_orchestrator - no task available, sleep=10s
2026-04-26 22:38:17,250 INFO scraper_client.services.account_orchestrator - no task available, sleep=10s
2026-04-26 22:38:27,257 INFO scraper_client.services.account_orchestrator - no task available, sleep=10s
2026-04-26 22:38:37,264 INFO scraper_client.services.account_orchestrator - no task available, sleep=10s
2026-04-26 22:38:47,272 INFO scraper_client.services.account_orchestrator - no task available, sleep=10s
2026-04-26 22:38:57,282 INFO scraper_client.services.account_orchestrator - no task available, sleep=10s
2026-04-26 22:39:07,294 INFO scraper_client.services.account_orchestrator - no task available, sleep=10s
2026-04-26 22:39:17,303 INFO scraper_client.services.account_orchestrator - no task available, sleep=10s
2026-04-26 22:39:27,312 INFO scraper_client.services.account_orchestrator - no task available, sleep=10s
2026-04-26 22:39:37,316 INFO scraper_client.services.account_orchestrator - no task available, sleep=10s
2026-04-26 22:39:47,329 INFO scraper_client.services.account_orchestrator - no task available, sleep=10s
2026-04-26 22:39:57,344 INFO scraper_client.services.account_orchestrator - no task available, sleep=10s
2026-04-26 22:40:07,354 INFO scraper_client.services.account_orchestrator - no task available, sleep=10s
2026-04-26 22:40:17,365 INFO scraper_client.services.account_orchestrator - no task available, sleep=10s
2026-04-26 22:40:27,377 INFO scraper_client.services.account_orchestrator - no task available, sleep=10s
2026-04-26 22:40:37,383 INFO scraper_client.services.account_orchestrator - no task available, sleep=10s
2026-04-26 22:40:47,396 INFO scraper_client.services.account_orchestrator - no task available, sleep=10s
2026-04-26 22:40:57,406 INFO scraper_client.services.account_orchestrator - no task available, sleep=10s
2026-04-26 22:41:07,419 INFO scraper_client.services.account_orchestrator - no task available, sleep=10s
2026-04-26 22:41:17,437 INFO scraper_client.services.account_orchestrator - no task available, sleep=10s
2026-04-26 22:41:27,449 INFO scraper_client.services.account_orchestrator - no task available, sleep=10s
2026-04-26 22:41:37,463 INFO scraper_client.services.account_orchestrator - no task available, sleep=10s
2026-04-26 22:41:47,472 INFO scraper_client.services.account_orchestrator - no task available, sleep=10s
2026-04-26 22:41:57,484 INFO scraper_client.services.account_orchestrator - no task available, sleep=10s
2026-04-26 22:42:07,496 INFO scraper_client.services.account_orchestrator - no task available, sleep=10s
2026-04-26 22:42:17,505 INFO scraper_client.services.account_orchestrator - no task available, sleep=10s
2026-04-26 22:42:27,520 INFO scraper_client.services.account_orchestrator - no task available, sleep=10s
2026-04-26 22:42:37,538 INFO scraper_client.services.account_orchestrator - no task available, sleep=10s
2026-04-26 22:42:47,552 INFO scraper_client.services.account_orchestrator - no task available, sleep=10s
2026-04-26 22:42:57,566 INFO scraper_client.services.account_orchestrator - no task available, sleep=10s
2026-04-26 22:43:07,584 INFO scraper_client.services.account_orchestrator - no task available, sleep=10s
2026-04-26 22:43:17,600 INFO scraper_client.services.account_orchestrator - no task available, sleep=10s
2026-04-26 22:43:27,618 INFO scraper_client.services.account_orchestrator - no task available, sleep=10s
2026-04-26 22:43:37,636 INFO scraper_client.services.account_orchestrator - no task available, sleep=10s
2026-04-26 22:43:47,654 INFO scraper_client.services.account_orchestrator - no task available, sleep=10s
2026-04-26 22:43:57,675 INFO scraper_client.services.account_orchestrator - no task available, sleep=10s
2026-04-26 22:44:07,684 ERROR scraper_client.services.account_orchestrator - failed to fetch task: internal api error 500: {"detail":"Failed to get task: 'RoundManager' object has no attribute 'is_any_account_running'"}
Traceback (most recent call last):
  File "/Users/huangwenhua/company/安洋/dianshang-scraper-c/src/scraper_client/infra/server/internal_api_client.py", line 99, in _request_json
    with request.urlopen(req, timeout=self.timeout) as resp:
         ~~~~~~~~~~~~~~~^^^^^^^^^^^^^^^^^^^^^^^^^^^
  File "/Users/huangwenhua/.local/share/uv/python/cpython-3.14.3-macos-aarch64-none/lib/python3.14/urllib/request.py", line 187, in urlopen
    return opener.open(url, data, timeout)
           ~~~~~~~~~~~^^^^^^^^^^^^^^^^^^^^
  File "/Users/huangwenhua/.local/share/uv/python/cpython-3.14.3-macos-aarch64-none/lib/python3.14/urllib/request.py", line 493, in open
    response = meth(req, response)
  File "/Users/huangwenhua/.local/share/uv/python/cpython-3.14.3-macos-aarch64-none/lib/python3.14/urllib/request.py", line 602, in http_response
    response = self.parent.error(
        'http', request, response, code, msg, hdrs)
  File "/Users/huangwenhua/.local/share/uv/python/cpython-3.14.3-macos-aarch64-none/lib/python3.14/urllib/request.py", line 531, in error
    return self._call_chain(*args)
           ~~~~~~~~~~~~~~~~^^^^^^^
  File "/Users/huangwenhua/.local/share/uv/python/cpython-3.14.3-macos-aarch64-none/lib/python3.14/urllib/request.py", line 464, in _call_chain
    result = func(*args)
  File "/Users/huangwenhua/.local/share/uv/python/cpython-3.14.3-macos-aarch64-none/lib/python3.14/urllib/request.py", line 611, in http_error_default
    raise HTTPError(req.full_url, code, msg, hdrs, fp)
urllib.error.HTTPError: HTTP Error 500: Internal Server Error

The above exception was the direct cause of the following exception:

Traceback (most recent call last):
  File "/Users/huangwenhua/company/安洋/dianshang-scraper-c/src/scraper_client/services/account_orchestrator.py", line 83, in _fetch_task
    task = self.api_client.get_task()
  File "/Users/huangwenhua/company/安洋/dianshang-scraper-c/src/scraper_client/infra/server/internal_api_client.py", line 76, in get_task
    return self._request_json("GET", "/internal/scraper/task")
           ~~~~~~~~~~~~~~~~~~^^^^^^^^^^^^^^^^^^^^^^^^^^^^^^^^^
  File "/Users/huangwenhua/company/安洋/dianshang-scraper-c/src/scraper_client/infra/server/internal_api_client.py", line 103, in _request_json
    raise RuntimeError(f"internal api error {exc.code}: {detail}") from exc
RuntimeError: internal api error 500: {"detail":"Failed to get task: 'RoundManager' object has no attribute 'is_any_account_running'"}
2026-04-26 22:44:07,691 ERROR scraper_client.services.account_orchestrator - daemon cycle failed retries=1/20 backoff=10s err=internal api error 500: {"detail":"Failed to get task: 'RoundManager' object has no attribute 'is_any_account_running'"}
Traceback (most recent call last):
  File "/Users/huangwenhua/company/安洋/dianshang-scraper-c/src/scraper_client/infra/server/internal_api_client.py", line 99, in _request_json
    with request.urlopen(req, timeout=self.timeout) as resp:
         ~~~~~~~~~~~~~~~^^^^^^^^^^^^^^^^^^^^^^^^^^^
  File "/Users/huangwenhua/.local/share/uv/python/cpython-3.14.3-macos-aarch64-none/lib/python3.14/urllib/request.py", line 187, in urlopen
    return opener.open(url, data, timeout)
           ~~~~~~~~~~~^^^^^^^^^^^^^^^^^^^^
  File "/Users/huangwenhua/.local/share/uv/python/cpython-3.14.3-macos-aarch64-none/lib/python3.14/urllib/request.py", line 493, in open
    response = meth(req, response)
  File "/Users/huangwenhua/.local/share/uv/python/cpython-3.14.3-macos-aarch64-none/lib/python3.14/urllib/request.py", line 602, in http_response
    response = self.parent.error(
        'http', request, response, code, msg, hdrs)
  File "/Users/huangwenhua/.local/share/uv/python/cpython-3.14.3-macos-aarch64-none/lib/python3.14/urllib/request.py", line 531, in error
    return self._call_chain(*args)
           ~~~~~~~~~~~~~~~~^^^^^^^
  File "/Users/huangwenhua/.local/share/uv/python/cpython-3.14.3-macos-aarch64-none/lib/python3.14/urllib/request.py", line 464, in _call_chain
    result = func(*args)
  File "/Users/huangwenhua/.local/share/uv/python/cpython-3.14.3-macos-aarch64-none/lib/python3.14/urllib/request.py", line 611, in http_error_default
    raise HTTPError(req.full_url, code, msg, hdrs, fp)
urllib.error.HTTPError: HTTP Error 500: Internal Server Error

The above exception was the direct cause of the following exception:

Traceback (most recent call last):
  File "/Users/huangwenhua/company/安洋/dianshang-scraper-c/src/scraper_client/services/account_orchestrator.py", line 51, in run_forever
    task = self._fetch_task()
  File "/Users/huangwenhua/company/安洋/dianshang-scraper-c/src/scraper_client/services/account_orchestrator.py", line 83, in _fetch_task
    task = self.api_client.get_task()
  File "/Users/huangwenhua/company/安洋/dianshang-scraper-c/src/scraper_client/infra/server/internal_api_client.py", line 76, in get_task
    return self._request_json("GET", "/internal/scraper/task")
           ~~~~~~~~~~~~~~~~~~^^^^^^^^^^^^^^^^^^^^^^^^^^^^^^^^^
  File "/Users/huangwenhua/company/安洋/dianshang-scraper-c/src/scraper_client/infra/server/internal_api_client.py", line 103, in _request_json
    raise RuntimeError(f"internal api error {exc.code}: {detail}") from exc
RuntimeError: internal api error 500: {"detail":"Failed to get task: 'RoundManager' object has no attribute 'is_any_account_running'"}
2026-04-26 22:44:17,702 ERROR scraper_client.services.account_orchestrator - failed to fetch task: internal api error 500: {"detail":"Failed to get task: 'RoundManager' object has no attribute 'is_any_account_running'"}
Traceback (most recent call last):
  File "/Users/huangwenhua/company/安洋/dianshang-scraper-c/src/scraper_client/infra/server/internal_api_client.py", line 99, in _request_json
    with request.urlopen(req, timeout=self.timeout) as resp:
         ~~~~~~~~~~~~~~~^^^^^^^^^^^^^^^^^^^^^^^^^^^
  File "/Users/huangwenhua/.local/share/uv/python/cpython-3.14.3-macos-aarch64-none/lib/python3.14/urllib/request.py", line 187, in urlopen
    return opener.open(url, data, timeout)
           ~~~~~~~~~~~^^^^^^^^^^^^^^^^^^^^
  File "/Users/huangwenhua/.local/share/uv/python/cpython-3.14.3-macos-aarch64-none/lib/python3.14/urllib/request.py", line 493, in open
    response = meth(req, response)
  File "/Users/huangwenhua/.local/share/uv/python/cpython-3.14.3-macos-aarch64-none/lib/python3.14/urllib/request.py", line 602, in http_response
    response = self.parent.error(
        'http', request, response, code, msg, hdrs)
  File "/Users/huangwenhua/.local/share/uv/python/cpython-3.14.3-macos-aarch64-none/lib/python3.14/urllib/request.py", line 531, in error
    return self._call_chain(*args)
           ~~~~~~~~~~~~~~~~^^^^^^^
  File "/Users/huangwenhua/.local/share/uv/python/cpython-3.14.3-macos-aarch64-none/lib/python3.14/urllib/request.py", line 464, in _call_chain
    result = func(*args)
  File "/Users/huangwenhua/.local/share/uv/python/cpython-3.14.3-macos-aarch64-none/lib/python3.14/urllib/request.py", line 611, in http_error_default
    raise HTTPError(req.full_url, code, msg, hdrs, fp)
urllib.error.HTTPError: HTTP Error 500: Internal Server Error

The above exception was the direct cause of the following exception:

Traceback (most recent call last):
  File "/Users/huangwenhua/company/安洋/dianshang-scraper-c/src/scraper_client/services/account_orchestrator.py", line 83, in _fetch_task
    task = self.api_client.get_task()
  File "/Users/huangwenhua/company/安洋/dianshang-scraper-c/src/scraper_client/infra/server/internal_api_client.py", line 76, in get_task
    return self._request_json("GET", "/internal/scraper/task")
           ~~~~~~~~~~~~~~~~~~^^^^^^^^^^^^^^^^^^^^^^^^^^^^^^^^^
  File "/Users/huangwenhua/company/安洋/dianshang-scraper-c/src/scraper_client/infra/server/internal_api_client.py", line 103, in _request_json
    raise RuntimeError(f"internal api error {exc.code}: {detail}") from exc
RuntimeError: internal api error 500: {"detail":"Failed to get task: 'RoundManager' object has no attribute 'is_any_account_running'"}
2026-04-26 22:44:17,704 ERROR scraper_client.services.account_orchestrator - daemon cycle failed retries=2/20 backoff=20s err=internal api error 500: {"detail":"Failed to get task: 'RoundManager' object has no attribute 'is_any_account_running'"}
Traceback (most recent call last):
  File "/Users/huangwenhua/company/安洋/dianshang-scraper-c/src/scraper_client/infra/server/internal_api_client.py", line 99, in _request_json
    with request.urlopen(req, timeout=self.timeout) as resp:
         ~~~~~~~~~~~~~~~^^^^^^^^^^^^^^^^^^^^^^^^^^^
  File "/Users/huangwenhua/.local/share/uv/python/cpython-3.14.3-macos-aarch64-none/lib/python3.14/urllib/request.py", line 187, in urlopen
    return opener.open(url, data, timeout)
           ~~~~~~~~~~~^^^^^^^^^^^^^^^^^^^^
  File "/Users/huangwenhua/.local/share/uv/python/cpython-3.14.3-macos-aarch64-none/lib/python3.14/urllib/request.py", line 493, in open
    response = meth(req, response)
  File "/Users/huangwenhua/.local/share/uv/python/cpython-3.14.3-macos-aarch64-none/lib/python3.14/urllib/request.py", line 602, in http_response
    response = self.parent.error(
        'http', request, response, code, msg, hdrs)
  File "/Users/huangwenhua/.local/share/uv/python/cpython-3.14.3-macos-aarch64-none/lib/python3.14/urllib/request.py", line 531, in error
    return self._call_chain(*args)
           ~~~~~~~~~~~~~~~~^^^^^^^
  File "/Users/huangwenhua/.local/share/uv/python/cpython-3.14.3-macos-aarch64-none/lib/python3.14/urllib/request.py", line 464, in _call_chain
    result = func(*args)
  File "/Users/huangwenhua/.local/share/uv/python/cpython-3.14.3-macos-aarch64-none/lib/python3.14/urllib/request.py", line 611, in http_error_default
    raise HTTPError(req.full_url, code, msg, hdrs, fp)
urllib.error.HTTPError: HTTP Error 500: Internal Server Error

The above exception was the direct cause of the following exception:

Traceback (most recent call last):
  File "/Users/huangwenhua/company/安洋/dianshang-scraper-c/src/scraper_client/services/account_orchestrator.py", line 51, in run_forever
    task = self._fetch_task()
  File "/Users/huangwenhua/company/安洋/dianshang-scraper-c/src/scraper_client/services/account_orchestrator.py", line 83, in _fetch_task
    task = self.api_client.get_task()
  File "/Users/huangwenhua/company/安洋/dianshang-scraper-c/src/scraper_client/infra/server/internal_api_client.py", line 76, in get_task
    return self._request_json("GET", "/internal/scraper/task")
           ~~~~~~~~~~~~~~~~~~^^^^^^^^^^^^^^^^^^^^^^^^^^^^^^^^^
  File "/Users/huangwenhua/company/安洋/dianshang-scraper-c/src/scraper_client/infra/server/internal_api_client.py", line 103, in _request_json
    raise RuntimeError(f"internal api error {exc.code}: {detail}") from exc
RuntimeError: internal api error 500: {"detail":"Failed to get task: 'RoundManager' object has no attribute 'is_any_account_running'"}
2026-04-26 22:44:37,721 INFO scraper_client.services.account_orchestrator - no task available, sleep=10s
2026-04-26 22:44:47,776 INFO scraper_client.infra.jd.jd_scraper - jd scrape start account_id=1 account_name=钰谢-老板 max_pages=1
2026-04-26 22:44:47,781 INFO scraper_client.infra.browser.chrome_discovery - CDP endpoint resolved: http://127.0.0.1:9222
2026-04-26 22:44:57,192 INFO scraper_client.infra.jd.order_list_extractor - order list extracted orders=10 (total_item=18496 pages=1)
2026-04-26 22:44:57,193 INFO scraper_client.infra.jd.detail_extractor - detail extraction enriched_orders=10
2026-04-26 22:44:57,194 INFO scraper_client.infra.jd.jd_scraper - jd scrape done account_id=1 orders=10 items=10 price_info=10
2026-04-26 22:44:57,440 INFO scraper_client.services.account_orchestrator - task success account_id=1 orders=10 round=65
2026-04-26 22:45:27,466 INFO scraper_client.infra.jd.jd_scraper - jd scrape start account_id=1 account_name=钰谢-老板 max_pages=1
2026-04-26 22:45:36,368 INFO scraper_client.infra.jd.order_list_extractor - order list extracted orders=10 (total_item=18496 pages=1)
2026-04-26 22:45:36,368 INFO scraper_client.infra.jd.detail_extractor - detail extraction enriched_orders=10
2026-04-26 22:45:36,369 INFO scraper_client.infra.jd.jd_scraper - jd scrape done account_id=1 orders=10 items=10 price_info=10
2026-04-26 22:45:36,615 INFO scraper_client.services.account_orchestrator - task success account_id=1 orders=10 round=66
2026-04-26 22:46:06,637 INFO scraper_client.services.account_orchestrator - no task available, sleep=10s
2026-04-26 22:46:16,681 INFO scraper_client.infra.jd.jd_scraper - jd scrape start account_id=1 account_name=钰谢-老板 max_pages=1
2026-04-26 22:46:25,846 INFO scraper_client.infra.jd.order_list_extractor - order list extracted orders=10 (total_item=18496 pages=1)
2026-04-26 22:46:25,848 INFO scraper_client.infra.jd.detail_extractor - detail extraction enriched_orders=10
2026-04-26 22:46:25,849 INFO scraper_client.infra.jd.jd_scraper - jd scrape done account_id=1 orders=10 items=10 price_info=10
2026-04-26 22:46:26,082 INFO scraper_client.services.account_orchestrator - task success account_id=1 orders=10 round=67
2026-04-26 22:46:56,145 INFO scraper_client.infra.jd.jd_scraper - jd scrape start account_id=1 account_name=钰谢-老板 max_pages=1
2026-04-26 22:47:05,390 INFO scraper_client.infra.jd.order_list_extractor - order list extracted orders=10 (total_item=18496 pages=1)
2026-04-26 22:47:05,391 INFO scraper_client.infra.jd.detail_extractor - detail extraction enriched_orders=10
2026-04-26 22:47:05,392 INFO scraper_client.infra.jd.jd_scraper - jd scrape done account_id=1 orders=10 items=10 price_info=10
2026-04-26 22:47:05,639 INFO scraper_client.services.account_orchestrator - task success account_id=1 orders=10 round=68
2026-04-26 22:47:35,689 INFO scraper_client.infra.jd.jd_scraper - jd scrape start account_id=1 account_name=钰谢-老板 max_pages=1
2026-04-26 22:47:44,722 INFO scraper_client.infra.jd.order_list_extractor - order list extracted orders=10 (total_item=18497 pages=1)
2026-04-26 22:47:44,725 INFO scraper_client.infra.jd.detail_extractor - detail extraction enriched_orders=10
2026-04-26 22:47:44,726 INFO scraper_client.infra.jd.jd_scraper - jd scrape done account_id=1 orders=10 items=10 price_info=10
2026-04-26 22:47:44,979 INFO scraper_client.services.account_orchestrator - task success account_id=1 orders=10 round=69
2026-04-26 22:48:15,028 INFO scraper_client.infra.jd.jd_scraper - jd scrape start account_id=1 account_name=钰谢-老板 max_pages=1
2026-04-26 22:48:24,207 INFO scraper_client.infra.jd.order_list_extractor - order list extracted orders=10 (total_item=18497 pages=1)
2026-04-26 22:48:24,209 INFO scraper_client.infra.jd.detail_extractor - detail extraction enriched_orders=10
2026-04-26 22:48:24,211 INFO scraper_client.infra.jd.jd_scraper - jd scrape done account_id=1 orders=10 items=10 price_info=10
2026-04-26 22:48:24,474 INFO scraper_client.services.account_orchestrator - task success account_id=1 orders=10 round=70
2026-04-26 22:48:54,516 INFO scraper_client.infra.jd.jd_scraper - jd scrape start account_id=1 account_name=钰谢-老板 max_pages=1
2026-04-26 22:49:03,822 INFO scraper_client.infra.jd.order_list_extractor - order list extracted orders=10 (total_item=18498 pages=1)
2026-04-26 22:49:03,822 INFO scraper_client.infra.jd.detail_extractor - detail extraction enriched_orders=10
2026-04-26 22:49:03,822 INFO scraper_client.infra.jd.jd_scraper - jd scrape done account_id=1 orders=10 items=10 price_info=10
2026-04-26 22:49:04,084 INFO scraper_client.services.account_orchestrator - task success account_id=1 orders=10 round=71
2026-04-26 22:49:34,142 INFO scraper_client.infra.jd.jd_scraper - jd scrape start account_id=1 account_name=钰谢-老板 max_pages=1
2026-04-26 22:49:43,557 INFO scraper_client.infra.jd.order_list_extractor - order list extracted orders=10 (total_item=18499 pages=1)
2026-04-26 22:49:43,558 INFO scraper_client.infra.jd.detail_extractor - detail extraction enriched_orders=10
2026-04-26 22:49:43,560 INFO scraper_client.infra.jd.jd_scraper - jd scrape done account_id=1 orders=10 items=10 price_info=10
2026-04-26 22:49:43,859 INFO scraper_client.services.account_orchestrator - task success account_id=1 orders=10 round=72
2026-04-26 22:50:13,913 INFO scraper_client.infra.jd.jd_scraper - jd scrape start account_id=1 account_name=钰谢-老板 max_pages=1
2026-04-26 22:50:23,080 INFO scraper_client.infra.jd.order_list_extractor - order list extracted orders=10 (total_item=18500 pages=1)
2026-04-26 22:50:23,081 INFO scraper_client.infra.jd.detail_extractor - detail extraction enriched_orders=10
2026-04-26 22:50:23,083 INFO scraper_client.infra.jd.jd_scraper - jd scrape done account_id=1 orders=10 items=10 price_info=10
2026-04-26 22:50:23,360 INFO scraper_client.services.account_orchestrator - task success account_id=1 orders=10 round=73
2026-04-26 22:50:53,396 INFO scraper_client.infra.jd.jd_scraper - jd scrape start account_id=1 account_name=钰谢-老板 max_pages=1
2026-04-26 22:51:02,586 INFO scraper_client.infra.jd.order_list_extractor - order list extracted orders=10 (total_item=18501 pages=1)
2026-04-26 22:51:02,587 INFO scraper_client.infra.jd.detail_extractor - detail extraction enriched_orders=10
2026-04-26 22:51:02,588 INFO scraper_client.infra.jd.jd_scraper - jd scrape done account_id=1 orders=10 items=10 price_info=10
2026-04-26 22:51:02,806 INFO scraper_client.services.account_orchestrator - task success account_id=1 orders=10 round=74
2026-04-26 22:51:16,896 INFO scraper_client.services.account_orchestrator - received signal=2, will stop after current account
2026-04-26 22:52:22,627 INFO scraper_client.app.main - scraper-client starting command=start client_id=scraper-client-local
2026-04-26 22:52:22,628 INFO scraper_client.app.main - log file: /Users/huangwenhua/company/安洋/dianshang-scraper-c/logs/scraper-client-local.log
2026-04-26 22:52:22,668 INFO scraper_client.infra.jd.jd_scraper - jd scrape start account_id=2 account_name=顺成-Z max_pages=1
2026-04-26 22:52:22,669 INFO scraper_client.infra.browser.chrome_discovery - CDP endpoint resolved: http://127.0.0.1:9222
2026-04-26 22:52:31,976 INFO scraper_client.infra.jd.order_list_extractor - order list extracted orders=10 (total_item=18502 pages=1)
2026-04-26 22:52:31,978 INFO scraper_client.infra.jd.detail_extractor - detail extraction enriched_orders=10
2026-04-26 22:52:31,979 INFO scraper_client.infra.jd.jd_scraper - jd scrape done account_id=2 orders=10 items=10 price_info=10
2026-04-26 22:52:32,253 INFO scraper_client.services.account_orchestrator - task success account_id=2 orders=10 round=76
2026-04-26 22:53:02,278 INFO scraper_client.infra.jd.jd_scraper - jd scrape start account_id=1 account_name=钰谢-老板 max_pages=1
2026-04-26 22:53:11,334 INFO scraper_client.infra.jd.order_list_extractor - order list extracted orders=10 (total_item=18502 pages=1)
2026-04-26 22:53:11,334 INFO scraper_client.infra.jd.detail_extractor - detail extraction enriched_orders=10
2026-04-26 22:53:11,335 INFO scraper_client.infra.jd.jd_scraper - jd scrape done account_id=1 orders=10 items=10 price_info=10
2026-04-26 22:53:11,596 INFO scraper_client.services.account_orchestrator - task success account_id=1 orders=10 round=76
2026-04-26 22:53:41,643 INFO scraper_client.infra.jd.jd_scraper - jd scrape start account_id=2 account_name=顺成-Z max_pages=1
2026-04-26 22:53:50,507 INFO scraper_client.infra.jd.order_list_extractor - order list extracted orders=10 (total_item=18502 pages=1)
2026-04-26 22:53:50,508 INFO scraper_client.infra.jd.detail_extractor - detail extraction enriched_orders=10
2026-04-26 22:53:50,510 INFO scraper_client.infra.jd.jd_scraper - jd scrape done account_id=2 orders=10 items=10 price_info=10
2026-04-26 22:53:50,776 INFO scraper_client.services.account_orchestrator - task success account_id=2 orders=10 round=77
2026-04-26 22:54:20,825 INFO scraper_client.infra.jd.jd_scraper - jd scrape start account_id=1 account_name=钰谢-老板 max_pages=1
2026-04-26 22:54:29,639 INFO scraper_client.infra.jd.order_list_extractor - order list extracted orders=10 (total_item=18503 pages=1)
2026-04-26 22:54:29,641 INFO scraper_client.infra.jd.detail_extractor - detail extraction enriched_orders=10
2026-04-26 22:54:29,644 INFO scraper_client.infra.jd.jd_scraper - jd scrape done account_id=1 orders=10 items=10 price_info=10
2026-04-26 22:54:29,916 INFO scraper_client.services.account_orchestrator - task success account_id=1 orders=10 round=77
2026-04-26 22:54:59,974 INFO scraper_client.infra.jd.jd_scraper - jd scrape start account_id=2 account_name=顺成-Z max_pages=1
2026-04-26 22:55:08,800 INFO scraper_client.infra.jd.order_list_extractor - order list extracted orders=10 (total_item=18505 pages=1)
2026-04-26 22:55:08,804 INFO scraper_client.infra.jd.detail_extractor - detail extraction enriched_orders=10
2026-04-26 22:55:08,805 INFO scraper_client.infra.jd.jd_scraper - jd scrape done account_id=2 orders=10 items=10 price_info=10
2026-04-26 22:55:09,057 INFO scraper_client.services.account_orchestrator - task success account_id=2 orders=10 round=78
2026-04-26 22:55:39,109 INFO scraper_client.infra.jd.jd_scraper - jd scrape start account_id=1 account_name=钰谢-老板 max_pages=1
2026-04-26 22:55:47,816 INFO scraper_client.infra.jd.order_list_extractor - order list extracted orders=10 (total_item=18505 pages=1)
2026-04-26 22:55:47,817 INFO scraper_client.infra.jd.detail_extractor - detail extraction enriched_orders=10
2026-04-26 22:55:47,817 INFO scraper_client.infra.jd.jd_scraper - jd scrape done account_id=1 orders=10 items=10 price_info=10
2026-04-26 22:55:48,048 INFO scraper_client.services.account_orchestrator - task success account_id=1 orders=10 round=78
2026-04-26 22:56:18,100 INFO scraper_client.infra.jd.jd_scraper - jd scrape start account_id=2 account_name=顺成-Z max_pages=1
2026-04-26 22:56:26,855 INFO scraper_client.infra.jd.order_list_extractor - order list extracted orders=10 (total_item=18506 pages=1)
2026-04-26 22:56:26,856 INFO scraper_client.infra.jd.detail_extractor - detail extraction enriched_orders=10
2026-04-26 22:56:26,856 INFO scraper_client.infra.jd.jd_scraper - jd scrape done account_id=2 orders=10 items=10 price_info=10
2026-04-26 22:56:27,127 INFO scraper_client.services.account_orchestrator - task success account_id=2 orders=10 round=79
2026-04-26 22:56:57,182 INFO scraper_client.infra.jd.jd_scraper - jd scrape start account_id=1 account_name=钰谢-老板 max_pages=1
2026-04-26 22:57:05,992 INFO scraper_client.infra.jd.order_list_extractor - order list extracted orders=10 (total_item=18506 pages=1)
2026-04-26 22:57:05,993 INFO scraper_client.infra.jd.detail_extractor - detail extraction enriched_orders=10
2026-04-26 22:57:05,994 INFO scraper_client.infra.jd.jd_scraper - jd scrape done account_id=1 orders=10 items=10 price_info=10
2026-04-26 22:57:06,224 INFO scraper_client.services.account_orchestrator - task success account_id=1 orders=10 round=79
2026-04-26 22:57:36,284 INFO scraper_client.infra.jd.jd_scraper - jd scrape start account_id=2 account_name=顺成-Z max_pages=1
2026-04-26 22:57:45,112 INFO scraper_client.infra.jd.order_list_extractor - order list extracted orders=10 (total_item=18508 pages=1)
2026-04-26 22:57:45,113 INFO scraper_client.infra.jd.detail_extractor - detail extraction enriched_orders=10
2026-04-26 22:57:45,114 INFO scraper_client.infra.jd.jd_scraper - jd scrape done account_id=2 orders=10 items=10 price_info=10
2026-04-26 22:57:45,350 INFO scraper_client.services.account_orchestrator - task success account_id=2 orders=10 round=80
2026-04-26 22:58:15,396 INFO scraper_client.infra.jd.jd_scraper - jd scrape start account_id=1 account_name=钰谢-老板 max_pages=1
2026-04-26 22:58:24,158 INFO scraper_client.infra.jd.order_list_extractor - order list extracted orders=10 (total_item=18508 pages=1)
2026-04-26 22:58:24,160 INFO scraper_client.infra.jd.detail_extractor - detail extraction enriched_orders=10
2026-04-26 22:58:24,161 INFO scraper_client.infra.jd.jd_scraper - jd scrape done account_id=1 orders=10 items=10 price_info=10
2026-04-26 22:58:24,422 INFO scraper_client.services.account_orchestrator - task success account_id=1 orders=10 round=80
2026-04-26 22:58:54,486 INFO scraper_client.infra.jd.jd_scraper - jd scrape start account_id=2 account_name=顺成-Z max_pages=1
2026-04-26 22:59:03,626 INFO scraper_client.infra.jd.order_list_extractor - order list extracted orders=10 (total_item=18510 pages=1)
2026-04-26 22:59:03,627 INFO scraper_client.infra.jd.detail_extractor - detail extraction enriched_orders=10
2026-04-26 22:59:03,628 INFO scraper_client.infra.jd.jd_scraper - jd scrape done account_id=2 orders=10 items=10 price_info=10
2026-04-26 22:59:03,889 INFO scraper_client.services.account_orchestrator - task success account_id=2 orders=10 round=81
2026-04-26 22:59:33,944 INFO scraper_client.infra.jd.jd_scraper - jd scrape start account_id=1 account_name=钰谢-老板 max_pages=1
2026-04-26 22:59:43,006 INFO scraper_client.infra.jd.order_list_extractor - order list extracted orders=10 (total_item=18511 pages=1)
2026-04-26 22:59:43,007 INFO scraper_client.infra.jd.detail_extractor - detail extraction enriched_orders=10
2026-04-26 22:59:43,007 INFO scraper_client.infra.jd.jd_scraper - jd scrape done account_id=1 orders=10 items=10 price_info=10
2026-04-26 22:59:43,291 INFO scraper_client.services.account_orchestrator - task success account_id=1 orders=10 round=81
2026-04-26 23:00:13,328 INFO scraper_client.infra.jd.jd_scraper - jd scrape start account_id=2 account_name=顺成-Z max_pages=1
2026-04-26 23:00:22,446 INFO scraper_client.infra.jd.order_list_extractor - order list extracted orders=10 (total_item=18512 pages=1)
2026-04-26 23:00:22,447 INFO scraper_client.infra.jd.detail_extractor - detail extraction enriched_orders=10
2026-04-26 23:00:22,448 INFO scraper_client.infra.jd.jd_scraper - jd scrape done account_id=2 orders=10 items=10 price_info=10
2026-04-26 23:00:22,728 INFO scraper_client.services.account_orchestrator - task success account_id=2 orders=10 round=82
2026-04-26 23:00:52,797 INFO scraper_client.infra.jd.jd_scraper - jd scrape start account_id=1 account_name=钰谢-老板 max_pages=1
2026-04-26 23:01:01,754 INFO scraper_client.infra.jd.order_list_extractor - order list extracted orders=10 (total_item=18513 pages=1)
2026-04-26 23:01:01,755 INFO scraper_client.infra.jd.detail_extractor - detail extraction enriched_orders=10
2026-04-26 23:01:01,755 INFO scraper_client.infra.jd.jd_scraper - jd scrape done account_id=1 orders=10 items=10 price_info=10
2026-04-26 23:01:02,046 INFO scraper_client.services.account_orchestrator - task success account_id=1 orders=10 round=82
2026-04-26 23:01:32,114 INFO scraper_client.infra.jd.jd_scraper - jd scrape start account_id=2 account_name=顺成-Z max_pages=1
2026-04-26 23:01:32,420 ERROR scraper_client.services.account_orchestrator - task failed account_id=2 round=83
Traceback (most recent call last):
  File "/Users/huangwenhua/company/安洋/dianshang-scraper-c/src/scraper_client/services/account_orchestrator.py", line 172, in execute_task
    orders, items, price_info = self.executor.execute_account(
                                ~~~~~~~~~~~~~~~~~~~~~~~~~~~~~^
        account_dict,
        ^^^^^^^^^^^^^
    ...<6 lines>...
        },
        ^^
    )
    ^
  File "/Users/huangwenhua/company/安洋/dianshang-scraper-c/src/scraper_client/services/scrape_executor.py", line 28, in execute_account
    return self._jd_scraper.scrape(account, scrape_config)
           ~~~~~~~~~~~~~~~~~~~~~~~^^^^^^^^^^^^^^^^^^^^^^^^
  File "/Users/huangwenhua/company/安洋/dianshang-scraper-c/src/scraper_client/infra/jd/jd_scraper.py", line 71, in scrape
    session = self._session_manager.open_session(int(account_id))
  File "/Users/huangwenhua/company/安洋/dianshang-scraper-c/src/scraper_client/infra/jd/session_manager.py", line 39, in open_session
    browser = playwright.chromium.connect_over_cdp(cdp_url, timeout=self._settings.playwright_timeout_ms)
  File "/Users/huangwenhua/company/安洋/dianshang-scraper-c/.venv/lib/python3.14/site-packages/playwright/sync_api/_generated.py", line 14969, in connect_over_cdp
    self._sync(
    ~~~~~~~~~~^
        self._impl_obj.connect_over_cdp(
        ^^^^^^^^^^^^^^^^^^^^^^^^^^^^^^^^
    ...<5 lines>...
        )
        ^
    )
    ^
  File "/Users/huangwenhua/company/安洋/dianshang-scraper-c/.venv/lib/python3.14/site-packages/playwright/_impl/_sync_base.py", line 115, in _sync
    return task.result()
           ~~~~~~~~~~~^^
  File "/Users/huangwenhua/company/安洋/dianshang-scraper-c/.venv/lib/python3.14/site-packages/playwright/_impl/_browser_type.py", line 206, in connect_over_cdp
    response = await self._channel.send_return_as_dict(
               ^^^^^^^^^^^^^^^^^^^^^^^^^^^^^^^^^^^^^^^^
        "connectOverCDP", TimeoutSettings.launch_timeout, params
        ^^^^^^^^^^^^^^^^^^^^^^^^^^^^^^^^^^^^^^^^^^^^^^^^^^^^^^^^
    )
    ^
  File "/Users/huangwenhua/company/安洋/dianshang-scraper-c/.venv/lib/python3.14/site-packages/playwright/_impl/_connection.py", line 83, in send_return_as_dict
    return await self._connection.wrap_api_call(
           ^^^^^^^^^^^^^^^^^^^^^^^^^^^^^^^^^^^^^
    ...<3 lines>...
    )
    ^
  File "/Users/huangwenhua/company/安洋/dianshang-scraper-c/.venv/lib/python3.14/site-packages/playwright/_impl/_connection.py", line 559, in wrap_api_call
    raise rewrite_error(error, f"{parsed_st['apiName']}: {error}") from None
playwright._impl._errors.Error: BrowserType.connect_over_cdp: Protocol error (Browser.setDownloadBehavior): Browser context management is not supported.
Call log:
  - <ws preparing> retrieving websocket url from http://127.0.0.1:9222
  - <ws connecting> ws://127.0.0.1:9222/devtools/browser/7f6de381-4454-4e9d-9bb0-8926f1a2da5a
  - <ws connected> ws://127.0.0.1:9222/devtools/browser/7f6de381-4454-4e9d-9bb0-8926f1a2da5a
  - <ws disconnecting> ws://127.0.0.1:9222/devtools/browser/7f6de381-4454-4e9d-9bb0-8926f1a2da5a
  - <ws disconnected> ws://127.0.0.1:9222/devtools/browser/7f6de381-4454-4e9d-9bb0-8926f1a2da5a code=1000 reason=

2026-04-26 23:01:42,643 INFO scraper_client.services.account_orchestrator - received signal=2, will stop after current account
2026-04-26 23:01:44,283 INFO scraper_client.services.account_orchestrator - received signal=2, will stop after current account
2026-04-26 23:01:44,955 INFO scraper_client.services.account_orchestrator - received signal=2, will stop after current account
2026-04-26 23:01:45,456 INFO scraper_client.services.account_orchestrator - received signal=2, will stop after current account
2026-04-26 23:01:45,808 INFO scraper_client.services.account_orchestrator - received signal=2, will stop after current account
2026-04-26 23:01:46,008 INFO scraper_client.services.account_orchestrator - received signal=2, will stop after current account
2026-04-26 23:01:46,173 INFO scraper_client.services.account_orchestrator - received signal=2, will stop after current account
2026-04-26 23:01:46,334 INFO scraper_client.services.account_orchestrator - received signal=2, will stop after current account
2026-04-26 23:01:46,496 INFO scraper_client.services.account_orchestrator - received signal=2, will stop after current account
2026-04-26 23:01:46,647 INFO scraper_client.services.account_orchestrator - received signal=2, will stop after current account
2026-04-26 23:01:46,804 INFO scraper_client.services.account_orchestrator - received signal=2, will stop after current account
2026-04-26 23:01:46,951 INFO scraper_client.services.account_orchestrator - received signal=2, will stop after current account
2026-04-26 23:01:47,110 INFO scraper_client.services.account_orchestrator - received signal=2, will stop after current account
2026-04-26 23:01:47,292 INFO scraper_client.services.account_orchestrator - received signal=2, will stop after current account
2026-04-26 23:02:17,922 INFO scraper_client.app.main - scraper-client starting command=start client_id=scraper-client-local
2026-04-26 23:02:17,922 INFO scraper_client.app.main - log file: /Users/huangwenhua/company/安洋/dianshang-scraper-c/logs/scraper-client-local.log
2026-04-26 23:02:17,952 INFO scraper_client.infra.jd.jd_scraper - jd scrape start account_id=1 account_name=钰谢-老板 max_pages=1
2026-04-26 23:02:17,953 INFO scraper_client.infra.browser.chrome_discovery - CDP endpoint resolved: http://127.0.0.1:9222
2026-04-26 23:02:26,174 INFO scraper_client.services.account_orchestrator - received signal=2, will stop after current account
2026-04-26 23:02:26,814 INFO scraper_client.infra.jd.order_list_extractor - order list extracted orders=10 (total_item=18517 pages=1)
2026-04-26 23:02:26,815 INFO scraper_client.infra.jd.detail_extractor - detail extraction enriched_orders=10
2026-04-26 23:02:26,817 INFO scraper_client.infra.jd.jd_scraper - jd scrape done account_id=1 orders=10 items=10 price_info=10
2026-04-26 23:02:27,093 INFO scraper_client.services.account_orchestrator - task success account_id=1 orders=10 round=83
2026-04-26 23:02:28,430 INFO scraper_client.services.account_orchestrator - received signal=2, will stop after current account
2026-04-26 23:02:28,744 INFO scraper_client.services.account_orchestrator - received signal=2, will stop after current account
2026-04-26 23:02:28,961 INFO scraper_client.services.account_orchestrator - received signal=2, will stop after current account
2026-04-26 23:02:29,157 INFO scraper_client.services.account_orchestrator - received signal=2, will stop after current account
2026-04-26 23:02:29,371 INFO scraper_client.services.account_orchestrator - received signal=2, will stop after current account
2026-04-26 23:04:47,616 INFO scraper_client.app.main - scraper-client starting command=start client_id=scraper-client-local
2026-04-26 23:04:47,617 INFO scraper_client.app.main - log file: /Users/huangwenhua/company/安洋/dianshang-scraper-c/logs/scraper-client-local.log
2026-04-26 23:04:47,677 INFO scraper_client.infra.jd.jd_scraper - jd scrape start account_id=2 account_name=顺成-Z max_pages=1
2026-04-26 23:04:47,678 INFO scraper_client.infra.browser.chrome_discovery - CDP endpoint resolved: http://127.0.0.1:9222
2026-04-26 23:04:57,029 INFO scraper_client.infra.jd.order_list_extractor - order list extracted orders=0 (total_item=None pages=1)
2026-04-26 23:04:57,029 INFO scraper_client.infra.jd.detail_extractor - detail extraction enriched_orders=0
2026-04-26 23:04:57,029 INFO scraper_client.infra.jd.jd_scraper - jd scrape done account_id=2 orders=0 items=0 price_info=0
2026-04-26 23:04:57,375 INFO scraper_client.services.account_orchestrator - task success account_id=2 orders=0 round=84
2026-04-26 23:05:27,408 INFO scraper_client.infra.jd.jd_scraper - jd scrape start account_id=1 account_name=钰谢-老板 max_pages=1
2026-04-26 23:05:36,553 INFO scraper_client.infra.jd.order_list_extractor - order list extracted orders=0 (total_item=None pages=1)
2026-04-26 23:05:36,554 INFO scraper_client.infra.jd.detail_extractor - detail extraction enriched_orders=0
2026-04-26 23:05:36,554 INFO scraper_client.infra.jd.jd_scraper - jd scrape done account_id=1 orders=0 items=0 price_info=0
2026-04-26 23:05:36,832 INFO scraper_client.services.account_orchestrator - task success account_id=1 orders=0 round=84
2026-04-26 23:06:06,899 INFO scraper_client.infra.jd.jd_scraper - jd scrape start account_id=2 account_name=顺成-Z max_pages=1
2026-04-26 23:06:15,970 INFO scraper_client.infra.jd.order_list_extractor - order list extracted orders=0 (total_item=None pages=1)
2026-04-26 23:06:15,971 INFO scraper_client.infra.jd.detail_extractor - detail extraction enriched_orders=0
2026-04-26 23:06:15,971 INFO scraper_client.infra.jd.jd_scraper - jd scrape done account_id=2 orders=0 items=0 price_info=0
2026-04-26 23:06:16,274 INFO scraper_client.services.account_orchestrator - task success account_id=2 orders=0 round=85
2026-04-26 23:06:46,354 INFO scraper_client.infra.jd.jd_scraper - jd scrape start account_id=1 account_name=钰谢-老板 max_pages=1
2026-04-26 23:06:55,406 INFO scraper_client.infra.jd.order_list_extractor - order list extracted orders=0 (total_item=None pages=1)
2026-04-26 23:06:55,406 INFO scraper_client.infra.jd.detail_extractor - detail extraction enriched_orders=0
2026-04-26 23:06:55,406 INFO scraper_client.infra.jd.jd_scraper - jd scrape done account_id=1 orders=0 items=0 price_info=0
2026-04-26 23:06:55,864 INFO scraper_client.services.account_orchestrator - task success account_id=1 orders=0 round=85
2026-04-26 23:07:25,893 INFO scraper_client.services.account_orchestrator - no task available, sleep=10s
2026-04-26 23:07:35,923 INFO scraper_client.services.account_orchestrator - no task available, sleep=10s
2026-04-26 23:07:45,946 INFO scraper_client.services.account_orchestrator - no task available, sleep=10s
2026-04-26 23:07:55,990 INFO scraper_client.services.account_orchestrator - no task available, sleep=10s
2026-04-26 23:08:06,026 INFO scraper_client.services.account_orchestrator - no task available, sleep=10s
2026-04-26 23:08:16,057 INFO scraper_client.services.account_orchestrator - no task available, sleep=10s
2026-04-26 23:08:26,109 INFO scraper_client.services.account_orchestrator - no task available, sleep=10s
2026-04-26 23:08:36,154 INFO scraper_client.services.account_orchestrator - no task available, sleep=10s
2026-04-26 23:08:46,189 INFO scraper_client.services.account_orchestrator - no task available, sleep=10s
2026-04-26 23:08:56,228 INFO scraper_client.services.account_orchestrator - no task available, sleep=10s
2026-04-26 23:09:06,252 INFO scraper_client.services.account_orchestrator - no task available, sleep=10s
2026-04-26 23:09:16,280 INFO scraper_client.services.account_orchestrator - no task available, sleep=10s
2026-04-26 23:09:26,304 INFO scraper_client.services.account_orchestrator - no task available, sleep=10s
2026-04-26 23:09:36,325 INFO scraper_client.services.account_orchestrator - no task available, sleep=10s
2026-04-26 23:09:46,348 INFO scraper_client.services.account_orchestrator - no task available, sleep=10s
2026-04-26 23:09:56,419 INFO scraper_client.services.account_orchestrator - no task available, sleep=10s
2026-04-26 23:10:06,448 INFO scraper_client.services.account_orchestrator - no task available, sleep=10s
2026-04-26 23:10:16,469 INFO scraper_client.services.account_orchestrator - no task available, sleep=10s
2026-04-26 23:10:26,494 INFO scraper_client.services.account_orchestrator - no task available, sleep=10s
2026-04-26 23:10:36,529 INFO scraper_client.services.account_orchestrator - no task available, sleep=10s
2026-04-26 23:10:46,557 INFO scraper_client.services.account_orchestrator - no task available, sleep=10s
2026-04-26 23:10:56,598 INFO scraper_client.services.account_orchestrator - no task available, sleep=10s
2026-04-26 23:11:06,631 INFO scraper_client.services.account_orchestrator - no task available, sleep=10s
2026-04-26 23:11:16,671 INFO scraper_client.services.account_orchestrator - no task available, sleep=10s
2026-04-26 23:11:26,699 INFO scraper_client.services.account_orchestrator - no task available, sleep=10s
2026-04-26 23:11:36,728 INFO scraper_client.services.account_orchestrator - no task available, sleep=10s
2026-04-26 23:11:46,763 INFO scraper_client.services.account_orchestrator - no task available, sleep=10s
2026-04-26 23:11:56,798 INFO scraper_client.services.account_orchestrator - no task available, sleep=10s
2026-04-26 23:12:06,817 INFO scraper_client.services.account_orchestrator - no task available, sleep=10s
2026-04-26 23:12:16,847 INFO scraper_client.services.account_orchestrator - no task available, sleep=10s
2026-04-26 23:12:26,881 INFO scraper_client.services.account_orchestrator - no task available, sleep=10s
2026-04-26 23:12:36,899 INFO scraper_client.services.account_orchestrator - no task available, sleep=10s
2026-04-26 23:12:46,930 INFO scraper_client.services.account_orchestrator - no task available, sleep=10s
2026-04-26 23:12:56,950 INFO scraper_client.services.account_orchestrator - no task available, sleep=10s
2026-04-26 23:13:06,971 INFO scraper_client.services.account_orchestrator - no task available, sleep=10s
2026-04-26 23:13:17,000 INFO scraper_client.services.account_orchestrator - no task available, sleep=10s
2026-04-26 23:13:27,028 INFO scraper_client.services.account_orchestrator - no task available, sleep=10s
2026-04-26 23:13:37,055 INFO scraper_client.services.account_orchestrator - no task available, sleep=10s
2026-04-26 23:13:47,093 INFO scraper_client.services.account_orchestrator - no task available, sleep=10s
2026-04-26 23:13:57,132 INFO scraper_client.services.account_orchestrator - no task available, sleep=10s
2026-04-26 23:14:07,170 INFO scraper_client.services.account_orchestrator - no task available, sleep=10s
2026-04-26 23:14:17,201 INFO scraper_client.services.account_orchestrator - no task available, sleep=10s
2026-04-26 23:14:27,215 INFO scraper_client.services.account_orchestrator - no task available, sleep=10s
2026-04-26 23:14:37,240 INFO scraper_client.services.account_orchestrator - no task available, sleep=10s
2026-04-26 23:14:47,251 INFO scraper_client.services.account_orchestrator - no task available, sleep=10s
2026-04-26 23:14:57,271 INFO scraper_client.services.account_orchestrator - no task available, sleep=10s
2026-04-26 23:15:07,309 INFO scraper_client.services.account_orchestrator - no task available, sleep=10s
2026-04-26 23:15:17,333 INFO scraper_client.services.account_orchestrator - no task available, sleep=10s
2026-04-26 23:15:27,360 INFO scraper_client.services.account_orchestrator - no task available, sleep=10s
2026-04-26 23:15:37,373 INFO scraper_client.services.account_orchestrator - no task available, sleep=10s
2026-04-26 23:15:47,395 INFO scraper_client.services.account_orchestrator - no task available, sleep=10s
2026-04-26 23:15:57,409 INFO scraper_client.services.account_orchestrator - no task available, sleep=10s
2026-04-26 23:16:07,442 INFO scraper_client.services.account_orchestrator - no task available, sleep=10s
2026-04-26 23:16:17,467 INFO scraper_client.services.account_orchestrator - no task available, sleep=10s
2026-04-26 23:16:27,503 INFO scraper_client.services.account_orchestrator - no task available, sleep=10s
2026-04-26 23:16:37,533 INFO scraper_client.services.account_orchestrator - no task available, sleep=10s
2026-04-26 23:16:47,567 INFO scraper_client.services.account_orchestrator - no task available, sleep=10s
2026-04-26 23:16:57,590 INFO scraper_client.services.account_orchestrator - no task available, sleep=10s
2026-04-26 23:17:07,613 INFO scraper_client.services.account_orchestrator - no task available, sleep=10s
2026-04-26 23:17:17,665 INFO scraper_client.services.account_orchestrator - no task available, sleep=10s
2026-04-26 23:17:27,702 INFO scraper_client.services.account_orchestrator - no task available, sleep=10s
2026-04-26 23:17:37,733 INFO scraper_client.services.account_orchestrator - no task available, sleep=10s
2026-04-26 23:17:47,755 INFO scraper_client.services.account_orchestrator - no task available, sleep=10s
2026-04-26 23:17:57,782 INFO scraper_client.services.account_orchestrator - no task available, sleep=10s
2026-04-26 23:18:07,802 INFO scraper_client.services.account_orchestrator - no task available, sleep=10s
2026-04-26 23:18:17,832 INFO scraper_client.services.account_orchestrator - no task available, sleep=10s
2026-04-26 23:18:27,866 INFO scraper_client.services.account_orchestrator - no task available, sleep=10s
2026-04-26 23:18:37,889 INFO scraper_client.services.account_orchestrator - no task available, sleep=10s
2026-04-26 23:18:47,914 INFO scraper_client.services.account_orchestrator - no task available, sleep=10s
2026-04-26 23:18:57,955 INFO scraper_client.services.account_orchestrator - no task available, sleep=10s
2026-04-26 23:19:07,984 INFO scraper_client.services.account_orchestrator - no task available, sleep=10s
2026-04-26 23:19:18,022 INFO scraper_client.services.account_orchestrator - no task available, sleep=10s
2026-04-26 23:19:28,054 INFO scraper_client.services.account_orchestrator - no task available, sleep=10s
2026-04-26 23:19:38,075 INFO scraper_client.services.account_orchestrator - no task available, sleep=10s
2026-04-26 23:19:48,101 INFO scraper_client.services.account_orchestrator - no task available, sleep=10s
2026-04-26 23:19:58,134 INFO scraper_client.services.account_orchestrator - no task available, sleep=10s
2026-04-26 23:20:08,182 INFO scraper_client.services.account_orchestrator - no task available, sleep=10s
2026-04-26 23:20:18,209 INFO scraper_client.services.account_orchestrator - no task available, sleep=10s
2026-04-26 23:20:28,245 INFO scraper_client.services.account_orchestrator - no task available, sleep=10s
2026-04-26 23:20:35,153 INFO scraper_client.services.account_orchestrator - received signal=2, will stop after current account
2026-04-26 23:37:08,443 INFO scraper_client.app.main - scraper-client starting command=start client_id=scraper-client-local
2026-04-26 23:37:08,443 INFO scraper_client.app.main - log file: /Users/huangwenhua/company/安洋/dianshang-scraper-c/logs/scraper-client-local.log
2026-04-26 23:37:08,484 INFO scraper_client.services.account_orchestrator - no task available, sleep=10s
2026-04-26 23:37:18,558 INFO scraper_client.infra.jd.jd_scraper - jd scrape start account_id=2 account_name=顺成-Z max_pages=1
2026-04-26 23:37:18,560 INFO scraper_client.infra.browser.chrome_discovery - CDP endpoint resolved: http://127.0.0.1:9222
2026-04-26 23:37:27,715 INFO scraper_client.infra.jd.order_list_extractor - order list extracted orders=0 (total_item=None pages=1)
2026-04-26 23:37:27,716 INFO scraper_client.infra.jd.detail_extractor - detail extraction enriched_orders=0
2026-04-26 23:37:27,716 INFO scraper_client.infra.jd.jd_scraper - jd scrape done account_id=2 orders=0 items=0 price_info=0
2026-04-26 23:37:31,106 INFO scraper_client.services.account_orchestrator - task success account_id=2 orders=0 round=86
2026-04-26 23:38:01,161 INFO scraper_client.infra.jd.jd_scraper - jd scrape start account_id=1 account_name=钰谢-老板 max_pages=1
2026-04-26 23:38:10,309 INFO scraper_client.infra.jd.order_list_extractor - order list extracted orders=0 (total_item=None pages=1)
2026-04-26 23:38:10,310 INFO scraper_client.infra.jd.detail_extractor - detail extraction enriched_orders=0
2026-04-26 23:38:10,310 INFO scraper_client.infra.jd.jd_scraper - jd scrape done account_id=1 orders=0 items=0 price_info=0
2026-04-26 23:38:10,632 INFO scraper_client.services.account_orchestrator - task success account_id=1 orders=0 round=86
2026-04-26 23:38:40,667 INFO scraper_client.services.account_orchestrator - no task available, sleep=10s
2026-04-26 23:38:50,695 INFO scraper_client.services.account_orchestrator - no task available, sleep=10s
2026-04-26 23:39:00,717 INFO scraper_client.services.account_orchestrator - no task available, sleep=10s
2026-04-26 23:39:10,760 INFO scraper_client.services.account_orchestrator - no task available, sleep=10s
2026-04-26 23:39:20,798 INFO scraper_client.services.account_orchestrator - no task available, sleep=10s
2026-04-26 23:39:30,831 INFO scraper_client.services.account_orchestrator - no task available, sleep=10s
2026-04-26 23:39:40,854 INFO scraper_client.services.account_orchestrator - no task available, sleep=10s
2026-04-26 23:39:50,878 INFO scraper_client.services.account_orchestrator - no task available, sleep=10s
2026-04-26 23:40:00,921 INFO scraper_client.services.account_orchestrator - no task available, sleep=10s
2026-04-26 23:40:10,957 INFO scraper_client.services.account_orchestrator - no task available, sleep=10s
2026-04-26 23:40:20,990 INFO scraper_client.services.account_orchestrator - no task available, sleep=10s
2026-04-26 23:40:31,026 INFO scraper_client.services.account_orchestrator - no task available, sleep=10s
2026-04-26 23:40:41,057 INFO scraper_client.services.account_orchestrator - no task available, sleep=10s
2026-04-26 23:40:51,090 INFO scraper_client.services.account_orchestrator - no task available, sleep=10s
2026-04-26 23:41:01,115 INFO scraper_client.services.account_orchestrator - no task available, sleep=10s
2026-04-26 23:41:11,139 INFO scraper_client.services.account_orchestrator - no task available, sleep=10s
2026-04-26 23:41:21,181 INFO scraper_client.services.account_orchestrator - no task available, sleep=10s
2026-04-26 23:41:31,208 INFO scraper_client.services.account_orchestrator - no task available, sleep=10s
2026-04-26 23:41:41,257 INFO scraper_client.services.account_orchestrator - no task available, sleep=10s
2026-04-26 23:41:51,278 INFO scraper_client.services.account_orchestrator - no task available, sleep=10s
2026-04-26 23:42:01,299 INFO scraper_client.services.account_orchestrator - no task available, sleep=10s
2026-04-26 23:42:11,331 INFO scraper_client.services.account_orchestrator - no task available, sleep=10s
2026-04-26 23:42:21,352 INFO scraper_client.services.account_orchestrator - no task available, sleep=10s
2026-04-26 23:42:31,386 INFO scraper_client.services.account_orchestrator - no task available, sleep=10s
2026-04-26 23:42:41,422 INFO scraper_client.services.account_orchestrator - no task available, sleep=10s
2026-04-26 23:42:51,445 INFO scraper_client.services.account_orchestrator - no task available, sleep=10s
2026-04-26 23:43:01,475 INFO scraper_client.services.account_orchestrator - no task available, sleep=10s
2026-04-26 23:43:11,512 INFO scraper_client.services.account_orchestrator - no task available, sleep=10s
2026-04-26 23:43:21,547 INFO scraper_client.services.account_orchestrator - no task available, sleep=10s
2026-04-26 23:43:31,582 INFO scraper_client.services.account_orchestrator - no task available, sleep=10s
2026-04-26 23:43:41,621 INFO scraper_client.services.account_orchestrator - no task available, sleep=10s
2026-04-26 23:43:51,647 INFO scraper_client.services.account_orchestrator - no task available, sleep=10s
2026-04-26 23:44:01,686 INFO scraper_client.services.account_orchestrator - no task available, sleep=10s
2026-04-26 23:44:11,710 INFO scraper_client.services.account_orchestrator - no task available, sleep=10s
2026-04-26 23:44:21,745 INFO scraper_client.services.account_orchestrator - no task available, sleep=10s
2026-04-26 23:44:31,776 INFO scraper_client.services.account_orchestrator - no task available, sleep=10s
2026-04-26 23:44:41,804 INFO scraper_client.services.account_orchestrator - no task available, sleep=10s
2026-04-26 23:44:51,832 INFO scraper_client.services.account_orchestrator - no task available, sleep=10s
2026-04-26 23:45:01,859 INFO scraper_client.services.account_orchestrator - no task available, sleep=10s
2026-04-26 23:45:11,896 INFO scraper_client.services.account_orchestrator - no task available, sleep=10s
2026-04-26 23:45:21,932 INFO scraper_client.services.account_orchestrator - no task available, sleep=10s
2026-04-26 23:45:31,962 INFO scraper_client.services.account_orchestrator - no task available, sleep=10s
2026-04-26 23:45:41,983 INFO scraper_client.services.account_orchestrator - no task available, sleep=10s
2026-04-26 23:45:52,012 INFO scraper_client.services.account_orchestrator - no task available, sleep=10s
2026-04-26 23:46:02,043 INFO scraper_client.services.account_orchestrator - no task available, sleep=10s
2026-04-26 23:46:12,079 INFO scraper_client.services.account_orchestrator - no task available, sleep=10s
2026-04-26 23:46:22,110 INFO scraper_client.services.account_orchestrator - no task available, sleep=10s
2026-04-26 23:46:32,153 INFO scraper_client.services.account_orchestrator - no task available, sleep=10s
2026-04-26 23:46:42,182 INFO scraper_client.services.account_orchestrator - no task available, sleep=10s
2026-04-26 23:46:52,208 INFO scraper_client.services.account_orchestrator - no task available, sleep=10s
2026-04-26 23:47:02,230 INFO scraper_client.services.account_orchestrator - no task available, sleep=10s
2026-04-26 23:47:12,254 INFO scraper_client.services.account_orchestrator - no task available, sleep=10s
2026-04-26 23:47:22,268 INFO scraper_client.services.account_orchestrator - no task available, sleep=10s
2026-04-26 23:47:32,285 INFO scraper_client.services.account_orchestrator - no task available, sleep=10s
2026-04-26 23:47:42,301 INFO scraper_client.services.account_orchestrator - no task available, sleep=10s
2026-04-26 23:47:52,320 INFO scraper_client.services.account_orchestrator - no task available, sleep=10s
2026-04-26 23:48:02,329 INFO scraper_client.services.account_orchestrator - no task available, sleep=10s
2026-04-26 23:48:12,348 INFO scraper_client.services.account_orchestrator - no task available, sleep=10s
2026-04-26 23:48:22,368 INFO scraper_client.services.account_orchestrator - no task available, sleep=10s
2026-04-26 23:48:32,392 INFO scraper_client.services.account_orchestrator - no task available, sleep=10s
2026-04-26 23:48:42,413 INFO scraper_client.services.account_orchestrator - no task available, sleep=10s
2026-04-26 23:48:52,444 INFO scraper_client.services.account_orchestrator - no task available, sleep=10s
2026-04-26 23:49:02,460 INFO scraper_client.services.account_orchestrator - no task available, sleep=10s
2026-04-26 23:49:12,496 INFO scraper_client.services.account_orchestrator - no task available, sleep=10s
2026-04-26 23:49:22,529 INFO scraper_client.services.account_orchestrator - no task available, sleep=10s
2026-04-26 23:49:32,571 INFO scraper_client.services.account_orchestrator - no task available, sleep=10s
2026-04-26 23:49:42,604 INFO scraper_client.services.account_orchestrator - no task available, sleep=10s
2026-04-26 23:49:52,641 INFO scraper_client.services.account_orchestrator - no task available, sleep=10s
2026-04-26 23:50:02,657 INFO scraper_client.services.account_orchestrator - no task available, sleep=10s
2026-04-26 23:50:12,675 INFO scraper_client.services.account_orchestrator - no task available, sleep=10s
2026-04-26 23:50:22,706 INFO scraper_client.services.account_orchestrator - no task available, sleep=10s
2026-04-26 23:50:32,735 INFO scraper_client.services.account_orchestrator - no task available, sleep=10s
2026-04-26 23:50:42,758 INFO scraper_client.services.account_orchestrator - no task available, sleep=10s
2026-04-26 23:50:52,781 INFO scraper_client.services.account_orchestrator - no task available, sleep=10s
2026-04-26 23:51:02,800 INFO scraper_client.services.account_orchestrator - no task available, sleep=10s
2026-04-26 23:51:12,836 INFO scraper_client.services.account_orchestrator - no task available, sleep=10s
2026-04-26 23:51:22,875 INFO scraper_client.services.account_orchestrator - no task available, sleep=10s
2026-04-26 23:51:32,909 INFO scraper_client.services.account_orchestrator - no task available, sleep=10s
2026-04-26 23:51:42,940 INFO scraper_client.services.account_orchestrator - no task available, sleep=10s
2026-04-26 23:51:52,977 INFO scraper_client.services.account_orchestrator - no task available, sleep=10s
2026-04-26 23:52:03,002 INFO scraper_client.services.account_orchestrator - no task available, sleep=10s
2026-04-26 23:52:13,039 INFO scraper_client.services.account_orchestrator - no task available, sleep=10s
2026-04-26 23:52:23,084 INFO scraper_client.services.account_orchestrator - no task available, sleep=10s
2026-04-26 23:52:33,120 INFO scraper_client.services.account_orchestrator - no task available, sleep=10s
2026-04-26 23:52:43,159 INFO scraper_client.services.account_orchestrator - no task available, sleep=10s
2026-04-26 23:52:53,192 INFO scraper_client.services.account_orchestrator - no task available, sleep=10s
2026-04-26 23:53:03,223 INFO scraper_client.services.account_orchestrator - no task available, sleep=10s
2026-04-26 23:53:13,253 INFO scraper_client.services.account_orchestrator - no task available, sleep=10s
2026-04-26 23:53:23,279 INFO scraper_client.services.account_orchestrator - no task available, sleep=10s
2026-04-26 23:53:33,308 INFO scraper_client.services.account_orchestrator - no task available, sleep=10s
2026-04-26 23:53:43,331 INFO scraper_client.services.account_orchestrator - no task available, sleep=10s
2026-04-26 23:53:53,366 INFO scraper_client.services.account_orchestrator - no task available, sleep=10s
2026-04-26 23:54:03,410 INFO scraper_client.services.account_orchestrator - no task available, sleep=10s
2026-04-26 23:54:13,451 INFO scraper_client.infra.jd.jd_scraper - jd scrape start account_id=2 account_name=顺成-Z max_pages=1
2026-04-26 23:54:22,696 INFO scraper_client.infra.jd.order_list_extractor - order list extracted orders=0 (total_item=None pages=1)
2026-04-26 23:54:22,697 INFO scraper_client.infra.jd.detail_extractor - detail extraction enriched_orders=0
2026-04-26 23:54:22,698 INFO scraper_client.infra.jd.jd_scraper - jd scrape done account_id=2 orders=0 items=0 price_info=0
2026-04-26 23:54:23,090 INFO scraper_client.services.account_orchestrator - task success account_id=2 orders=0 round=87
2026-04-26 23:54:53,154 INFO scraper_client.infra.jd.jd_scraper - jd scrape start account_id=1 account_name=钰谢-老板 max_pages=1
2026-04-26 23:55:02,259 INFO scraper_client.infra.jd.order_list_extractor - order list extracted orders=0 (total_item=None pages=1)
2026-04-26 23:55:02,261 INFO scraper_client.infra.jd.detail_extractor - detail extraction enriched_orders=0
2026-04-26 23:55:02,261 INFO scraper_client.infra.jd.jd_scraper - jd scrape done account_id=1 orders=0 items=0 price_info=0
2026-04-26 23:55:02,540 INFO scraper_client.services.account_orchestrator - task success account_id=1 orders=0 round=87
2026-04-26 23:55:32,574 INFO scraper_client.services.account_orchestrator - no task available, sleep=10s
2026-04-26 23:55:33,007 INFO scraper_client.services.account_orchestrator - received signal=2, will stop after current account
2026-04-26 23:55:37,582 INFO scraper_client.services.account_orchestrator - received signal=2, will stop after current account
2026-04-26 23:55:38,386 INFO scraper_client.services.account_orchestrator - received signal=2, will stop after current account
2026-04-26 23:55:38,727 INFO scraper_client.services.account_orchestrator - received signal=2, will stop after current account
2026-04-26 23:55:38,960 INFO scraper_client.services.account_orchestrator - received signal=2, will stop after current account
2026-04-26 23:55:39,139 INFO scraper_client.services.account_orchestrator - received signal=2, will stop after current account
2026-04-26 23:55:45,617 INFO scraper_client.app.main - scraper-client starting command=start client_id=scraper-client-local
2026-04-26 23:55:45,617 INFO scraper_client.app.main - log file: /Users/huangwenhua/company/安洋/dianshang-scraper-c/logs/scraper-client-local.log
2026-04-26 23:55:45,646 INFO scraper_client.services.account_orchestrator - no task available, sleep=10s
2026-04-26 23:55:55,700 INFO scraper_client.services.account_orchestrator - no task available, sleep=10s
2026-04-26 23:56:05,731 INFO scraper_client.infra.jd.jd_scraper - jd scrape start account_id=2 account_name=顺成-Z max_pages=10
2026-04-26 23:56:05,733 INFO scraper_client.infra.browser.chrome_discovery - CDP endpoint resolved: http://127.0.0.1:9222
2026-04-26 23:56:06,845 INFO scraper_client.infra.jd.order_list_extractor - opening order list page url=https://shop.jd.com/jdm/trade/order/orderList?tabType=allOrders
2026-04-26 23:56:14,993 INFO scraper_client.infra.jd.order_list_extractor - order list first page load wait finished
2026-04-26 23:56:14,993 INFO scraper_client.infra.jd.order_list_extractor - turning page current_page=1 target_page=2
2026-04-26 23:56:15,032 INFO scraper_client.infra.jd.order_list_extractor - stop pagination next-page control not found current_page=1
2026-04-26 23:56:15,032 INFO scraper_client.infra.jd.order_list_extractor - order list extracted orders=0 total_item=None pages_clicked=1 response_pages=0
2026-04-26 23:56:15,032 INFO scraper_client.infra.jd.detail_extractor - start detail extraction raw_orders=0
2026-04-26 23:56:15,032 INFO scraper_client.infra.jd.detail_extractor - detail extraction enriched_orders=0 inferred_orders=0
2026-04-26 23:56:15,032 INFO scraper_client.infra.jd.jd_scraper - jd scrape done account_id=2 orders=0 items=0 price_info=0
2026-04-26 23:56:18,587 INFO scraper_client.services.account_orchestrator - task success account_id=2 orders=0 round=88
2026-04-26 23:56:48,662 INFO scraper_client.infra.jd.jd_scraper - jd scrape start account_id=1 account_name=钰谢-老板 max_pages=10
2026-04-26 23:56:49,597 INFO scraper_client.infra.jd.order_list_extractor - opening order list page url=https://shop.jd.com/jdm/trade/order/orderList?tabType=allOrders
2026-04-26 23:56:57,760 INFO scraper_client.infra.jd.order_list_extractor - order list first page load wait finished
2026-04-26 23:56:57,761 INFO scraper_client.infra.jd.order_list_extractor - turning page current_page=1 target_page=2
2026-04-26 23:56:57,852 INFO scraper_client.infra.jd.order_list_extractor - stop pagination next-page control not found current_page=1
2026-04-26 23:56:57,852 INFO scraper_client.infra.jd.order_list_extractor - order list extracted orders=0 total_item=None pages_clicked=1 response_pages=0
2026-04-26 23:56:57,852 INFO scraper_client.infra.jd.detail_extractor - start detail extraction raw_orders=0
2026-04-26 23:56:57,852 INFO scraper_client.infra.jd.detail_extractor - detail extraction enriched_orders=0 inferred_orders=0
2026-04-26 23:56:57,852 INFO scraper_client.infra.jd.jd_scraper - jd scrape done account_id=1 orders=0 items=0 price_info=0
2026-04-26 23:56:58,221 INFO scraper_client.services.account_orchestrator - task success account_id=1 orders=0 round=88
2026-04-26 23:57:28,294 INFO scraper_client.infra.jd.jd_scraper - jd scrape start account_id=2 account_name=顺成-Z max_pages=10
2026-04-26 23:57:29,290 INFO scraper_client.infra.jd.order_list_extractor - opening order list page url=https://shop.jd.com/jdm/trade/order/orderList?tabType=allOrders
2026-04-26 23:57:37,448 INFO scraper_client.infra.jd.order_list_extractor - order list first page load wait finished
2026-04-26 23:57:37,449 INFO scraper_client.infra.jd.order_list_extractor - turning page current_page=1 target_page=2
2026-04-26 23:57:37,491 INFO scraper_client.infra.jd.order_list_extractor - stop pagination next-page control not found current_page=1
2026-04-26 23:57:37,492 INFO scraper_client.infra.jd.order_list_extractor - order list extracted orders=0 total_item=None pages_clicked=1 response_pages=0
2026-04-26 23:57:37,492 INFO scraper_client.infra.jd.detail_extractor - start detail extraction raw_orders=0
2026-04-26 23:57:37,492 INFO scraper_client.infra.jd.detail_extractor - detail extraction enriched_orders=0 inferred_orders=0
2026-04-26 23:57:37,492 INFO scraper_client.infra.jd.jd_scraper - jd scrape done account_id=2 orders=0 items=0 price_info=0
2026-04-26 23:57:37,819 INFO scraper_client.services.account_orchestrator - task success account_id=2 orders=0 round=89
2026-04-26 23:58:07,858 INFO scraper_client.infra.jd.jd_scraper - jd scrape start account_id=1 account_name=钰谢-老板 max_pages=10
2026-04-26 23:58:08,774 INFO scraper_client.infra.jd.order_list_extractor - opening order list page url=https://shop.jd.com/jdm/trade/order/orderList?tabType=allOrders
2026-04-26 23:58:16,921 INFO scraper_client.infra.jd.order_list_extractor - order list first page load wait finished
2026-04-26 23:58:16,922 INFO scraper_client.infra.jd.order_list_extractor - turning page current_page=1 target_page=2
2026-04-26 23:58:16,965 INFO scraper_client.infra.jd.order_list_extractor - stop pagination next-page control not found current_page=1
2026-04-26 23:58:16,966 INFO scraper_client.infra.jd.order_list_extractor - order list extracted orders=0 total_item=None pages_clicked=1 response_pages=0
2026-04-26 23:58:16,967 INFO scraper_client.infra.jd.detail_extractor - start detail extraction raw_orders=0
2026-04-26 23:58:16,967 INFO scraper_client.infra.jd.detail_extractor - detail extraction enriched_orders=0 inferred_orders=0
2026-04-26 23:58:16,967 INFO scraper_client.infra.jd.jd_scraper - jd scrape done account_id=1 orders=0 items=0 price_info=0
2026-04-26 23:58:17,388 INFO scraper_client.services.account_orchestrator - task success account_id=1 orders=0 round=89
2026-04-26 23:58:46,358 INFO scraper_client.services.account_orchestrator - received signal=2, will stop after current account
2026-04-26 23:58:50,586 INFO scraper_client.app.main - scraper-client starting command=start client_id=scraper-client-local
2026-04-26 23:58:50,586 INFO scraper_client.app.main - log file: /Users/huangwenhua/company/安洋/dianshang-scraper-c/logs/scraper-client-local.log
2026-04-26 23:58:50,619 INFO scraper_client.services.account_orchestrator - no task available, sleep=10s
2026-04-26 23:59:00,674 INFO scraper_client.infra.jd.jd_scraper - jd scrape start account_id=2 account_name=顺成-Z max_pages=10
2026-04-26 23:59:00,676 INFO scraper_client.infra.browser.chrome_discovery - CDP endpoint resolved: http://127.0.0.1:9222
2026-04-26 23:59:01,301 INFO scraper_client.infra.jd.authenticator - auth check start account_id=2 account_name=顺成-Z allow_manual_login=True
2026-04-26 23:59:01,786 INFO scraper_client.infra.jd.authenticator - auth check passed by existing session account_id=2 no credential input needed
2026-04-26 23:59:01,787 INFO scraper_client.infra.jd.order_list_extractor - opening order list page url=https://shop.jd.com/jdm/trade/order/orderList?tabType=allOrders
2026-04-26 23:59:09,930 INFO scraper_client.infra.jd.order_list_extractor - order list first page load wait finished
2026-04-26 23:59:09,930 INFO scraper_client.infra.jd.order_list_extractor - turning page current_page=1 target_page=2
2026-04-26 23:59:09,975 INFO scraper_client.infra.jd.order_list_extractor - stop pagination next-page control not found current_page=1
2026-04-26 23:59:09,976 INFO scraper_client.infra.jd.order_list_extractor - order list extracted orders=0 total_item=None pages_clicked=1 response_pages=0
2026-04-26 23:59:09,976 INFO scraper_client.infra.jd.detail_extractor - start detail extraction raw_orders=0
2026-04-26 23:59:09,976 INFO scraper_client.infra.jd.detail_extractor - detail extraction enriched_orders=0 inferred_orders=0
2026-04-26 23:59:09,976 INFO scraper_client.infra.jd.jd_scraper - jd scrape done account_id=2 orders=0 items=0 price_info=0
2026-04-26 23:59:10,337 INFO scraper_client.services.account_orchestrator - task success account_id=2 orders=0 round=91
2026-04-26 23:59:40,405 INFO scraper_client.infra.jd.jd_scraper - jd scrape start account_id=1 account_name=钰谢-老板 max_pages=10
2026-04-26 23:59:40,946 INFO scraper_client.infra.jd.authenticator - auth check start account_id=1 account_name=钰谢-老板 allow_manual_login=True
2026-04-26 23:59:41,292 INFO scraper_client.infra.jd.authenticator - auth check passed by existing session account_id=1 no credential input needed
2026-04-26 23:59:41,292 INFO scraper_client.infra.jd.order_list_extractor - opening order list page url=https://shop.jd.com/jdm/trade/order/orderList?tabType=allOrders
2026-04-26 23:59:49,442 INFO scraper_client.infra.jd.order_list_extractor - order list first page load wait finished
2026-04-26 23:59:49,442 INFO scraper_client.infra.jd.order_list_extractor - turning page current_page=1 target_page=2
2026-04-26 23:59:49,477 INFO scraper_client.infra.jd.order_list_extractor - stop pagination next-page control not found current_page=1
2026-04-26 23:59:49,478 INFO scraper_client.infra.jd.order_list_extractor - order list extracted orders=0 total_item=None pages_clicked=1 response_pages=0
2026-04-26 23:59:49,478 INFO scraper_client.infra.jd.detail_extractor - start detail extraction raw_orders=0
2026-04-26 23:59:49,478 INFO scraper_client.infra.jd.detail_extractor - detail extraction enriched_orders=0 inferred_orders=0
2026-04-26 23:59:49,478 INFO scraper_client.infra.jd.jd_scraper - jd scrape done account_id=1 orders=0 items=0 price_info=0
2026-04-26 23:59:49,794 INFO scraper_client.services.account_orchestrator - task success account_id=1 orders=0 round=91
2026-04-27 00:00:19,829 INFO scraper_client.services.account_orchestrator - no task available, sleep=10s
2026-04-27 00:00:29,866 INFO scraper_client.services.account_orchestrator - no task available, sleep=10s
2026-04-27 00:00:39,890 INFO scraper_client.services.account_orchestrator - no task available, sleep=10s
2026-04-27 00:00:49,932 INFO scraper_client.services.account_orchestrator - no task available, sleep=10s
2026-04-27 00:00:59,950 INFO scraper_client.services.account_orchestrator - no task available, sleep=10s
2026-04-27 00:01:09,994 INFO scraper_client.services.account_orchestrator - no task available, sleep=10s
2026-04-27 00:01:20,024 INFO scraper_client.services.account_orchestrator - no task available, sleep=10s
2026-04-27 00:01:30,042 INFO scraper_client.services.account_orchestrator - no task available, sleep=10s
2026-04-27 00:01:40,061 INFO scraper_client.services.account_orchestrator - no task available, sleep=10s
2026-04-27 00:01:50,101 INFO scraper_client.services.account_orchestrator - no task available, sleep=10s
2026-04-27 00:02:00,130 INFO scraper_client.services.account_orchestrator - no task available, sleep=10s
2026-04-27 00:02:10,156 INFO scraper_client.services.account_orchestrator - no task available, sleep=10s
2026-04-27 00:02:20,196 INFO scraper_client.services.account_orchestrator - no task available, sleep=10s
2026-04-27 00:02:30,238 INFO scraper_client.services.account_orchestrator - no task available, sleep=10s
2026-04-27 00:02:40,259 INFO scraper_client.services.account_orchestrator - no task available, sleep=10s
2026-04-27 00:02:50,306 INFO scraper_client.services.account_orchestrator - no task available, sleep=10s
2026-04-27 00:03:00,341 INFO scraper_client.services.account_orchestrator - no task available, sleep=10s
2026-04-27 00:03:10,361 INFO scraper_client.services.account_orchestrator - no task available, sleep=10s
2026-04-27 00:03:20,390 INFO scraper_client.services.account_orchestrator - no task available, sleep=10s
2026-04-27 00:03:30,416 INFO scraper_client.services.account_orchestrator - no task available, sleep=10s
2026-04-27 00:03:40,437 INFO scraper_client.services.account_orchestrator - no task available, sleep=10s
2026-04-27 00:03:50,458 INFO scraper_client.services.account_orchestrator - no task available, sleep=10s
2026-04-27 00:04:00,507 INFO scraper_client.services.account_orchestrator - no task available, sleep=10s
2026-04-27 00:04:07,222 INFO scraper_client.services.account_orchestrator - received signal=2, will stop after current account
2026-04-27 00:27:10,494 INFO scraper_client.app.main - scraper-client starting command=start client_id=scraper-client-local
2026-04-27 00:27:10,494 INFO scraper_client.app.main - log file: /Users/huangwenhua/company/安洋/dianshang-scraper-c/logs/scraper-client-local.log
2026-04-27 00:27:10,539 INFO scraper_client.infra.jd.jd_scraper - jd scrape start account_id=2 account_name=顺成-Z max_pages=10
2026-04-27 00:27:10,541 INFO scraper_client.infra.browser.chrome_discovery - CDP endpoint resolved: http://127.0.0.1:9222
2026-04-27 00:27:11,427 INFO scraper_client.infra.jd.session_manager - opened isolated JD browser session account_id=2 storage_state=artifacts/storage/jd_account_2.json
2026-04-27 00:27:11,429 INFO scraper_client.infra.jd.authenticator - auth check start account_id=2 account_name=顺成-Z allow_manual_login=True
2026-04-27 00:27:11,972 INFO scraper_client.infra.jd.authenticator - auth check passed by existing session account_id=2 no credential input needed
2026-04-27 00:27:11,973 INFO scraper_client.infra.jd.order_list_extractor - opening order list page url=https://shop.jd.com/jdm/trade/orders/order-list?tabType=allOrders
2026-04-27 00:27:20,052 INFO scraper_client.infra.jd.order_list_extractor - order list first page load wait finished
2026-04-27 00:27:20,053 INFO scraper_client.infra.jd.order_list_extractor - turning page current_page=1 target_page=2
2026-04-27 00:27:20,103 INFO scraper_client.infra.jd.order_list_extractor - stop pagination next-page control not found current_page=1
2026-04-27 00:27:20,104 INFO scraper_client.infra.jd.order_list_extractor - order list extracted orders=0 total_item=None pages_clicked=1 response_pages=0
2026-04-27 00:27:20,104 WARNING scraper_client.infra.jd.order_list_extractor - no order API response captured, enabling DOM fallback max_pages=10
2026-04-27 00:27:26,246 INFO scraper_client.infra.jd.order_list_extractor - dom fallback page extracted page=1 orders=0
2026-04-27 00:27:26,288 INFO scraper_client.infra.jd.order_list_extractor - dom fallback stop: next-page control not found page=1
2026-04-27 00:27:26,288 INFO scraper_client.infra.jd.order_list_extractor - dom fallback finished orders=0 pages=1
2026-04-27 00:27:26,288 INFO scraper_client.infra.jd.detail_extractor - start detail extraction raw_orders=0
2026-04-27 00:27:26,288 INFO scraper_client.infra.jd.detail_extractor - detail extraction enriched_orders=0 inferred_orders=0 embedded_detail_orders=0
2026-04-27 00:27:26,288 INFO scraper_client.infra.jd.jd_scraper - jd scrape done account_id=2 orders=0 items=0 price_info=0
2026-04-27 00:27:26,574 INFO scraper_client.services.account_orchestrator - task success account_id=2 orders=0 round=92
2026-04-27 00:27:56,624 INFO scraper_client.infra.jd.jd_scraper - jd scrape start account_id=1 account_name=钰谢-老板 max_pages=10
2026-04-27 00:27:57,162 INFO scraper_client.infra.jd.session_manager - opened isolated JD browser session account_id=1 storage_state=artifacts/storage/jd_account_1.json
2026-04-27 00:27:57,162 INFO scraper_client.infra.jd.authenticator - auth check start account_id=1 account_name=钰谢-老板 allow_manual_login=True
2026-04-27 00:27:57,610 INFO scraper_client.infra.jd.authenticator - auth check passed by existing session account_id=1 no credential input needed
2026-04-27 00:27:57,611 INFO scraper_client.infra.jd.order_list_extractor - opening order list page url=https://shop.jd.com/jdm/trade/orders/order-list?tabType=allOrders
2026-04-27 00:28:05,698 INFO scraper_client.infra.jd.order_list_extractor - order list first page load wait finished
2026-04-27 00:28:05,699 INFO scraper_client.infra.jd.order_list_extractor - turning page current_page=1 target_page=2
2026-04-27 00:28:05,751 INFO scraper_client.infra.jd.order_list_extractor - stop pagination next-page control not found current_page=1
2026-04-27 00:28:05,751 INFO scraper_client.infra.jd.order_list_extractor - order list extracted orders=0 total_item=None pages_clicked=1 response_pages=0
2026-04-27 00:28:05,751 WARNING scraper_client.infra.jd.order_list_extractor - no order API response captured, enabling DOM fallback max_pages=10
2026-04-27 00:28:11,912 INFO scraper_client.infra.jd.order_list_extractor - dom fallback page extracted page=1 orders=0
2026-04-27 00:28:11,959 INFO scraper_client.infra.jd.order_list_extractor - dom fallback stop: next-page control not found page=1
2026-04-27 00:28:11,959 INFO scraper_client.infra.jd.order_list_extractor - dom fallback finished orders=0 pages=1
2026-04-27 00:28:11,959 INFO scraper_client.infra.jd.detail_extractor - start detail extraction raw_orders=0
2026-04-27 00:28:11,959 INFO scraper_client.infra.jd.detail_extractor - detail extraction enriched_orders=0 inferred_orders=0 embedded_detail_orders=0
2026-04-27 00:28:11,959 INFO scraper_client.infra.jd.jd_scraper - jd scrape done account_id=1 orders=0 items=0 price_info=0
2026-04-27 00:28:12,215 INFO scraper_client.services.account_orchestrator - task success account_id=1 orders=0 round=92
2026-04-27 00:28:42,234 INFO scraper_client.services.account_orchestrator - no task available, sleep=10s
2026-04-27 00:28:52,248 INFO scraper_client.services.account_orchestrator - no task available, sleep=10s
2026-04-27 00:29:02,266 INFO scraper_client.services.account_orchestrator - no task available, sleep=10s
2026-04-27 00:29:12,279 INFO scraper_client.services.account_orchestrator - no task available, sleep=10s
2026-04-27 00:29:22,292 INFO scraper_client.services.account_orchestrator - no task available, sleep=10s
2026-04-27 00:29:32,303 INFO scraper_client.services.account_orchestrator - no task available, sleep=10s
2026-04-27 00:29:42,312 INFO scraper_client.services.account_orchestrator - no task available, sleep=10s
2026-04-27 00:29:52,325 INFO scraper_client.services.account_orchestrator - no task available, sleep=10s
2026-04-27 00:30:02,348 INFO scraper_client.services.account_orchestrator - no task available, sleep=10s
2026-04-27 00:30:12,365 INFO scraper_client.services.account_orchestrator - no task available, sleep=10s
2026-04-27 00:30:22,376 INFO scraper_client.services.account_orchestrator - no task available, sleep=10s
2026-04-27 00:30:32,397 INFO scraper_client.services.account_orchestrator - no task available, sleep=10s
2026-04-27 00:30:42,421 INFO scraper_client.services.account_orchestrator - no task available, sleep=10s
2026-04-27 00:30:52,448 INFO scraper_client.services.account_orchestrator - no task available, sleep=10s
2026-04-27 00:31:02,472 INFO scraper_client.services.account_orchestrator - no task available, sleep=10s
2026-04-27 00:31:12,510 INFO scraper_client.services.account_orchestrator - no task available, sleep=10s
2026-04-27 00:31:22,530 INFO scraper_client.services.account_orchestrator - no task available, sleep=10s
2026-04-27 00:31:32,555 INFO scraper_client.services.account_orchestrator - no task available, sleep=10s
2026-04-27 00:31:42,576 INFO scraper_client.services.account_orchestrator - no task available, sleep=10s
2026-04-27 00:31:52,604 INFO scraper_client.services.account_orchestrator - no task available, sleep=10s
2026-04-27 00:32:02,626 INFO scraper_client.services.account_orchestrator - no task available, sleep=10s
2026-04-27 00:32:12,663 INFO scraper_client.services.account_orchestrator - no task available, sleep=10s
2026-04-27 00:32:22,697 INFO scraper_client.services.account_orchestrator - no task available, sleep=10s
2026-04-27 00:32:32,722 INFO scraper_client.services.account_orchestrator - no task available, sleep=10s
2026-04-27 00:32:42,751 INFO scraper_client.services.account_orchestrator - no task available, sleep=10s
2026-04-27 00:32:52,800 INFO scraper_client.services.account_orchestrator - no task available, sleep=10s
2026-04-27 00:33:02,848 INFO scraper_client.services.account_orchestrator - no task available, sleep=10s
2026-04-27 00:33:12,880 INFO scraper_client.services.account_orchestrator - no task available, sleep=10s
2026-04-27 00:33:22,905 INFO scraper_client.services.account_orchestrator - no task available, sleep=10s
2026-04-27 00:33:32,971 INFO scraper_client.services.account_orchestrator - no task available, sleep=10s
2026-04-27 00:33:42,996 INFO scraper_client.services.account_orchestrator - no task available, sleep=10s
2026-04-27 00:33:53,022 INFO scraper_client.services.account_orchestrator - no task available, sleep=10s
2026-04-27 00:34:03,049 INFO scraper_client.services.account_orchestrator - no task available, sleep=10s
2026-04-27 00:34:13,104 INFO scraper_client.services.account_orchestrator - no task available, sleep=10s
2026-04-27 00:34:23,167 INFO scraper_client.services.account_orchestrator - no task available, sleep=10s
2026-04-27 00:34:33,189 INFO scraper_client.services.account_orchestrator - no task available, sleep=10s
2026-04-27 00:34:43,211 INFO scraper_client.services.account_orchestrator - no task available, sleep=10s
2026-04-27 00:34:53,257 INFO scraper_client.services.account_orchestrator - no task available, sleep=10s
2026-04-27 00:35:03,302 INFO scraper_client.services.account_orchestrator - no task available, sleep=10s
2026-04-27 00:35:13,328 INFO scraper_client.services.account_orchestrator - no task available, sleep=10s
2026-04-27 00:35:23,352 INFO scraper_client.services.account_orchestrator - no task available, sleep=10s
2026-04-27 00:35:33,376 INFO scraper_client.services.account_orchestrator - no task available, sleep=10s
2026-04-27 00:35:43,401 INFO scraper_client.services.account_orchestrator - no task available, sleep=10s
2026-04-27 00:35:53,444 INFO scraper_client.services.account_orchestrator - no task available, sleep=10s
2026-04-27 00:36:03,471 INFO scraper_client.services.account_orchestrator - no task available, sleep=10s
2026-04-27 00:36:13,504 INFO scraper_client.services.account_orchestrator - no task available, sleep=10s
2026-04-27 00:36:23,526 INFO scraper_client.services.account_orchestrator - no task available, sleep=10s
2026-04-27 00:36:33,548 INFO scraper_client.services.account_orchestrator - no task available, sleep=10s
2026-04-27 00:36:43,571 INFO scraper_client.services.account_orchestrator - no task available, sleep=10s
2026-04-27 00:36:53,597 INFO scraper_client.services.account_orchestrator - no task available, sleep=10s
2026-04-27 00:37:03,626 INFO scraper_client.services.account_orchestrator - no task available, sleep=10s
2026-04-27 00:37:13,650 INFO scraper_client.services.account_orchestrator - no task available, sleep=10s
2026-04-27 00:37:23,686 INFO scraper_client.services.account_orchestrator - no task available, sleep=10s
2026-04-27 00:37:33,737 INFO scraper_client.services.account_orchestrator - no task available, sleep=10s
2026-04-27 00:37:43,782 INFO scraper_client.services.account_orchestrator - no task available, sleep=10s
2026-04-27 00:37:53,808 INFO scraper_client.services.account_orchestrator - no task available, sleep=10s
2026-04-27 00:38:03,837 INFO scraper_client.services.account_orchestrator - no task available, sleep=10s
2026-04-27 00:38:13,868 INFO scraper_client.services.account_orchestrator - no task available, sleep=10s
2026-04-27 00:38:23,898 INFO scraper_client.services.account_orchestrator - no task available, sleep=10s
2026-04-27 00:38:33,927 INFO scraper_client.services.account_orchestrator - no task available, sleep=10s
2026-04-27 00:38:43,954 INFO scraper_client.services.account_orchestrator - no task available, sleep=10s
2026-04-27 00:38:53,977 INFO scraper_client.services.account_orchestrator - no task available, sleep=10s
2026-04-27 00:39:04,001 INFO scraper_client.services.account_orchestrator - no task available, sleep=10s
2026-04-27 00:39:14,028 INFO scraper_client.services.account_orchestrator - no task available, sleep=10s
2026-04-27 00:39:24,066 INFO scraper_client.services.account_orchestrator - no task available, sleep=10s
2026-04-27 00:39:34,087 INFO scraper_client.services.account_orchestrator - no task available, sleep=10s
2026-04-27 00:39:44,122 INFO scraper_client.services.account_orchestrator - no task available, sleep=10s
2026-04-27 00:39:54,166 INFO scraper_client.services.account_orchestrator - no task available, sleep=10s
2026-04-27 00:40:04,200 INFO scraper_client.services.account_orchestrator - no task available, sleep=10s
2026-04-27 00:40:14,238 INFO scraper_client.services.account_orchestrator - no task available, sleep=10s
2026-04-27 00:40:24,266 INFO scraper_client.services.account_orchestrator - no task available, sleep=10s
2026-04-27 00:40:34,311 INFO scraper_client.services.account_orchestrator - no task available, sleep=10s
2026-04-27 00:40:44,359 INFO scraper_client.services.account_orchestrator - no task available, sleep=10s
2026-04-27 00:40:54,384 INFO scraper_client.services.account_orchestrator - no task available, sleep=10s
2026-04-27 00:40:59,712 INFO scraper_client.services.account_orchestrator - received signal=2, will stop after current account
2026-04-27 00:41:06,286 INFO scraper_client.app.main - scraper-client starting command=start client_id=scraper-client-local
2026-04-27 00:41:06,286 INFO scraper_client.app.main - log file: /Users/huangwenhua/company/安洋/dianshang-scraper-c/logs/scraper-client-local.log
2026-04-27 00:41:06,310 INFO scraper_client.services.account_orchestrator - no task available, sleep=10s
2026-04-27 00:41:16,361 INFO scraper_client.services.account_orchestrator - no task available, sleep=10s
2026-04-27 00:41:26,401 INFO scraper_client.services.account_orchestrator - no task available, sleep=10s
2026-04-27 00:41:36,463 INFO scraper_client.infra.jd.jd_scraper - jd scrape start account_id=2 account_name=顺成-Z max_pages=10
2026-04-27 00:41:36,465 INFO scraper_client.infra.browser.chrome_discovery - CDP endpoint resolved: http://127.0.0.1:9222
2026-04-27 00:41:37,244 INFO scraper_client.infra.jd.session_manager - opened isolated JD browser session account_id=2 storage_state=artifacts/storage/jd_account_2.json
2026-04-27 00:41:37,244 INFO scraper_client.infra.jd.authenticator - auth check start account_id=2 account_name=顺成-Z allow_manual_login=True force_relogin=False
2026-04-27 00:41:37,478 INFO scraper_client.infra.jd.authenticator - auth check visited order-list target=https://shop.jd.com/jdm/trade/orders/order-list?tabType=allOrders current_url=https://shop.jd.com/jdm/trade/orders/order-list?tabType=allOrders
2026-04-27 00:41:37,655 INFO scraper_client.infra.jd.authenticator - auth check passed by existing session account_id=2 no credential input needed
2026-04-27 00:41:37,656 INFO scraper_client.infra.jd.order_list_extractor - opening order list page url=https://shop.jd.com/jdm/trade/orders/order-list?tabType=allOrders
2026-04-27 00:41:45,817 WARNING scraper_client.infra.jd.jd_scraper - jd session expired during list extraction, re-authenticating in same round account_id=2
2026-04-27 00:41:45,818 INFO scraper_client.infra.jd.authenticator - auth check start account_id=2 account_name=顺成-Z allow_manual_login=True force_relogin=False
2026-04-27 00:41:45,967 INFO scraper_client.infra.jd.authenticator - auth check visited order-list target=https://shop.jd.com/jdm/trade/orders/order-list?tabType=allOrders current_url=https://shop.jd.com/jdm/trade/orders/order-list?tabType=allOrders
2026-04-27 00:41:46,208 WARNING scraper_client.infra.jd.authenticator - session appears logged-in but current page is not order-list account_id=2 current_url=https://passport.shop.jd.com/login/index.action/jdm?ReturnUrl=https%3A%2F%2Fshop.jd.com%2Fjdm%2Ftrade%2Forders%2Forder-list%3FtabType%3DallOrders
2026-04-27 00:41:46,209 INFO scraper_client.infra.jd.authenticator - auth check failed first pass, reloading persisted storage_state account_id=2
2026-04-27 00:41:46,636 WARNING scraper_client.infra.jd.authenticator - storage-state reload still not at order-list page account_id=2 current_url=https://passport.shop.jd.com/login/index.action/jdm?ReturnUrl=https%3A%2F%2Fshop.jd.com%2Fjdm%2Ftrade%2Forders%2Forder-list%3FtabType%3DallOrders
2026-04-27 00:41:46,637 INFO scraper_client.infra.jd.authenticator - auth check still requires login, trying credential login account_id=2
2026-04-27 00:41:46,637 INFO scraper_client.infra.jd.authenticator - attempting credential login account_id=2 username=顺成-Z
2026-04-27 00:41:46,903 INFO scraper_client.infra.jd.authenticator - switched to password login tab account_id=2
2026-04-27 00:41:47,198 INFO scraper_client.infra.jd.authenticator - typed username account_id=2
2026-04-27 00:41:47,242 INFO scraper_client.infra.jd.authenticator - typed password account_id=2 password_length=10
2026-04-27 00:41:47,598 INFO scraper_client.infra.jd.authenticator - clicked login submit button account_id=2
2026-04-27 00:41:49,870 INFO scraper_client.infra.jd.authenticator - credential login succeeded account_id=2
2026-04-27 00:41:50,604 INFO scraper_client.infra.jd.authenticator - auth completed by credential login account_id=2
2026-04-27 00:41:50,604 INFO scraper_client.infra.jd.jd_scraper - re-authentication completed, retrying list extraction account_id=2
2026-04-27 00:41:50,604 INFO scraper_client.infra.jd.order_list_extractor - opening order list page url=https://shop.jd.com/jdm/trade/orders/order-list?tabType=allOrders
2026-04-27 00:41:52,606 INFO scraper_client.infra.jd.order_list_extractor - captured order api page_index=1 page_results=10 cumulative_pages=1 total_item=18658 page_size=10 url=https://sff.jd.com/api?v=1.0&appId=COCX0HBWR4BA7RDVDBIQ&api=dsm.order.bff.orderListBffService.queryOrderPage
2026-04-27 00:41:52,609 INFO scraper_client.infra.jd.order_list_extractor - captured order api page_index=1 page_results=10 cumulative_pages=1 total_item=18658 page_size=10 url=https://sff.jd.com/api?v=1.0&appId=COCX0HBWR4BA7RDVDBIQ&api=dsm.order.bff.orderListBffService.queryOrderPage
2026-04-27 00:41:59,055 INFO scraper_client.infra.jd.order_list_extractor - order list first page load wait finished
2026-04-27 00:41:59,057 INFO scraper_client.infra.jd.order_list_extractor - turning page current_page=1 target_page=2
2026-04-27 00:41:59,159 INFO scraper_client.infra.jd.order_list_extractor - clicked next page selector=.jd-pagination .btn-next index=0 target=page
2026-04-27 00:41:59,269 INFO scraper_client.infra.jd.order_list_extractor - captured order api page_index=2 page_results=10 cumulative_pages=2 total_item=18658 page_size=10 url=https://sff.jd.com/api?v=1.0&appId=COCX0HBWR4BA7RDVDBIQ&api=dsm.order.bff.orderListBffService.queryOrderPage
2026-04-27 00:41:59,273 INFO scraper_client.infra.jd.order_list_extractor - captured order api page_index=2 page_results=10 cumulative_pages=2 total_item=18658 page_size=10 url=https://sff.jd.com/api?v=1.0&appId=COCX0HBWR4BA7RDVDBIQ&api=dsm.order.bff.orderListBffService.queryOrderPage
2026-04-27 00:42:06,753 INFO scraper_client.infra.jd.order_list_extractor - page turn done current_page=2 wait_ms=7590
2026-04-27 00:42:06,756 INFO scraper_client.infra.jd.order_list_extractor - turning page current_page=2 target_page=3
2026-04-27 00:42:06,884 INFO scraper_client.infra.jd.order_list_extractor - clicked next page selector=.jd-pagination .btn-next index=0 target=page
2026-04-27 00:42:07,015 INFO scraper_client.infra.jd.order_list_extractor - captured order api page_index=3 page_results=10 cumulative_pages=3 total_item=18658 page_size=10 url=https://sff.jd.com/api?v=1.0&appId=COCX0HBWR4BA7RDVDBIQ&api=dsm.order.bff.orderListBffService.queryOrderPage
2026-04-27 00:42:07,017 INFO scraper_client.infra.jd.order_list_extractor - captured order api page_index=3 page_results=10 cumulative_pages=3 total_item=18658 page_size=10 url=https://sff.jd.com/api?v=1.0&appId=COCX0HBWR4BA7RDVDBIQ&api=dsm.order.bff.orderListBffService.queryOrderPage
2026-04-27 00:42:12,478 INFO scraper_client.infra.jd.order_list_extractor - page turn done current_page=3 wait_ms=5587
2026-04-27 00:42:12,479 INFO scraper_client.infra.jd.order_list_extractor - turning page current_page=3 target_page=4
2026-04-27 00:42:12,588 INFO scraper_client.infra.jd.order_list_extractor - clicked next page selector=.jd-pagination .btn-next index=0 target=page
2026-04-27 00:42:12,712 INFO scraper_client.infra.jd.order_list_extractor - captured order api page_index=4 page_results=10 cumulative_pages=4 total_item=18658 page_size=10 url=https://sff.jd.com/api?v=1.0&appId=COCX0HBWR4BA7RDVDBIQ&api=dsm.order.bff.orderListBffService.queryOrderPage
2026-04-27 00:42:12,714 INFO scraper_client.infra.jd.order_list_extractor - captured order api page_index=4 page_results=10 cumulative_pages=4 total_item=18658 page_size=10 url=https://sff.jd.com/api?v=1.0&appId=COCX0HBWR4BA7RDVDBIQ&api=dsm.order.bff.orderListBffService.queryOrderPage
2026-04-27 00:42:20,367 INFO scraper_client.infra.jd.order_list_extractor - page turn done current_page=4 wait_ms=7776
2026-04-27 00:42:20,367 INFO scraper_client.infra.jd.order_list_extractor - turning page current_page=4 target_page=5
2026-04-27 00:42:20,656 INFO scraper_client.infra.jd.order_list_extractor - clicked next page selector=.jd-pagination .btn-next index=0 target=page
2026-04-27 00:42:20,810 INFO scraper_client.infra.jd.order_list_extractor - captured order api page_index=5 page_results=10 cumulative_pages=5 total_item=18658 page_size=10 url=https://sff.jd.com/api?v=1.0&appId=COCX0HBWR4BA7RDVDBIQ&api=dsm.order.bff.orderListBffService.queryOrderPage
2026-04-27 00:42:20,811 INFO scraper_client.infra.jd.order_list_extractor - captured order api page_index=5 page_results=10 cumulative_pages=5 total_item=18658 page_size=10 url=https://sff.jd.com/api?v=1.0&appId=COCX0HBWR4BA7RDVDBIQ&api=dsm.order.bff.orderListBffService.queryOrderPage
2026-04-27 00:42:27,872 INFO scraper_client.infra.jd.order_list_extractor - page turn done current_page=5 wait_ms=7210
2026-04-27 00:42:27,874 INFO scraper_client.infra.jd.order_list_extractor - turning page current_page=5 target_page=6
2026-04-27 00:42:27,987 INFO scraper_client.infra.jd.order_list_extractor - clicked next page selector=.jd-pagination .btn-next index=0 target=page
2026-04-27 00:42:28,105 INFO scraper_client.infra.jd.order_list_extractor - captured order api page_index=6 page_results=10 cumulative_pages=6 total_item=18658 page_size=10 url=https://sff.jd.com/api?v=1.0&appId=COCX0HBWR4BA7RDVDBIQ&api=dsm.order.bff.orderListBffService.queryOrderPage
2026-04-27 00:42:28,107 INFO scraper_client.infra.jd.order_list_extractor - captured order api page_index=6 page_results=10 cumulative_pages=6 total_item=18658 page_size=10 url=https://sff.jd.com/api?v=1.0&appId=COCX0HBWR4BA7RDVDBIQ&api=dsm.order.bff.orderListBffService.queryOrderPage
2026-04-27 00:42:35,418 INFO scraper_client.infra.jd.order_list_extractor - page turn done current_page=6 wait_ms=7428
2026-04-27 00:42:35,419 INFO scraper_client.infra.jd.order_list_extractor - turning page current_page=6 target_page=7
2026-04-27 00:42:35,486 INFO scraper_client.infra.jd.order_list_extractor - clicked next page selector=.jd-pagination .btn-next index=0 target=page
2026-04-27 00:42:35,602 INFO scraper_client.infra.jd.order_list_extractor - captured order api page_index=7 page_results=10 cumulative_pages=7 total_item=18658 page_size=10 url=https://sff.jd.com/api?v=1.0&appId=COCX0HBWR4BA7RDVDBIQ&api=dsm.order.bff.orderListBffService.queryOrderPage
2026-04-27 00:42:35,604 INFO scraper_client.infra.jd.order_list_extractor - captured order api page_index=7 page_results=10 cumulative_pages=7 total_item=18658 page_size=10 url=https://sff.jd.com/api?v=1.0&appId=COCX0HBWR4BA7RDVDBIQ&api=dsm.order.bff.orderListBffService.queryOrderPage
2026-04-27 00:42:42,123 INFO scraper_client.infra.jd.order_list_extractor - page turn done current_page=7 wait_ms=6634
2026-04-27 00:42:42,124 INFO scraper_client.infra.jd.order_list_extractor - turning page current_page=7 target_page=8
2026-04-27 00:42:42,257 INFO scraper_client.infra.jd.order_list_extractor - clicked next page selector=.jd-pagination .btn-next index=0 target=page
2026-04-27 00:42:42,378 INFO scraper_client.infra.jd.order_list_extractor - captured order api page_index=8 page_results=10 cumulative_pages=8 total_item=18658 page_size=10 url=https://sff.jd.com/api?v=1.0&appId=COCX0HBWR4BA7RDVDBIQ&api=dsm.order.bff.orderListBffService.queryOrderPage
2026-04-27 00:42:42,382 INFO scraper_client.infra.jd.order_list_extractor - captured order api page_index=8 page_results=10 cumulative_pages=8 total_item=18658 page_size=10 url=https://sff.jd.com/api?v=1.0&appId=COCX0HBWR4BA7RDVDBIQ&api=dsm.order.bff.orderListBffService.queryOrderPage
2026-04-27 00:42:49,001 INFO scraper_client.infra.jd.order_list_extractor - page turn done current_page=8 wait_ms=6740
2026-04-27 00:42:49,002 INFO scraper_client.infra.jd.order_list_extractor - turning page current_page=8 target_page=9
2026-04-27 00:42:49,118 INFO scraper_client.infra.jd.order_list_extractor - clicked next page selector=.jd-pagination .btn-next index=0 target=page
2026-04-27 00:42:49,242 INFO scraper_client.infra.jd.order_list_extractor - captured order api page_index=9 page_results=10 cumulative_pages=9 total_item=18658 page_size=10 url=https://sff.jd.com/api?v=1.0&appId=COCX0HBWR4BA7RDVDBIQ&api=dsm.order.bff.orderListBffService.queryOrderPage
2026-04-27 00:42:49,246 INFO scraper_client.infra.jd.order_list_extractor - captured order api page_index=9 page_results=10 cumulative_pages=9 total_item=18658 page_size=10 url=https://sff.jd.com/api?v=1.0&appId=COCX0HBWR4BA7RDVDBIQ&api=dsm.order.bff.orderListBffService.queryOrderPage
2026-04-27 00:42:54,401 INFO scraper_client.infra.jd.order_list_extractor - page turn done current_page=9 wait_ms=5280
2026-04-27 00:42:54,401 INFO scraper_client.infra.jd.order_list_extractor - turning page current_page=9 target_page=10
2026-04-27 00:42:54,500 INFO scraper_client.infra.jd.order_list_extractor - clicked next page selector=.jd-pagination .btn-next index=0 target=page
2026-04-27 00:42:54,621 INFO scraper_client.infra.jd.order_list_extractor - captured order api page_index=10 page_results=10 cumulative_pages=10 total_item=18658 page_size=10 url=https://sff.jd.com/api?v=1.0&appId=COCX0HBWR4BA7RDVDBIQ&api=dsm.order.bff.orderListBffService.queryOrderPage
2026-04-27 00:42:54,625 INFO scraper_client.infra.jd.order_list_extractor - captured order api page_index=10 page_results=10 cumulative_pages=10 total_item=18658 page_size=10 url=https://sff.jd.com/api?v=1.0&appId=COCX0HBWR4BA7RDVDBIQ&api=dsm.order.bff.orderListBffService.queryOrderPage
2026-04-27 00:42:59,794 INFO scraper_client.infra.jd.order_list_extractor - page turn done current_page=10 wait_ms=5291
2026-04-27 00:42:59,795 INFO scraper_client.infra.jd.order_list_extractor - order list extracted orders=99 total_item=18658 pages_clicked=10 response_pages=10
2026-04-27 00:42:59,795 INFO scraper_client.infra.jd.detail_extractor - start detail extraction raw_orders=99
2026-04-27 00:42:59,795 INFO scraper_client.infra.jd.detail_extractor - detail data already in list payload, skip detail page navigation order_id=3481243005648700 item_count=1
2026-04-27 00:42:59,795 INFO scraper_client.infra.jd.detail_extractor - detail data already in list payload, skip detail page navigation order_id=3481202004023542 item_count=1
2026-04-27 00:42:59,795 INFO scraper_client.infra.jd.detail_extractor - detail data already in list payload, skip detail page navigation order_id=3481213010143528 item_count=1
2026-04-27 00:42:59,796 INFO scraper_client.infra.jd.detail_extractor - detail data already in list payload, skip detail page navigation order_id=3481294014943138 item_count=1
2026-04-27 00:42:59,796 INFO scraper_client.infra.jd.detail_extractor - detail data already in list payload, skip detail page navigation order_id=3481245005694087 item_count=1
2026-04-27 00:42:59,796 INFO scraper_client.infra.jd.detail_extractor - detail data already in list payload, skip detail page navigation order_id=3481258019191364 item_count=1
2026-04-27 00:42:59,796 INFO scraper_client.infra.jd.detail_extractor - detail data already in list payload, skip detail page navigation order_id=3481221006524395 item_count=1
2026-04-27 00:42:59,796 INFO scraper_client.infra.jd.detail_extractor - detail data already in list payload, skip detail page navigation order_id=3481285001789772 item_count=1
2026-04-27 00:42:59,796 INFO scraper_client.infra.jd.detail_extractor - detail data already in list payload, skip detail page navigation order_id=3481273004486980 item_count=1
2026-04-27 00:42:59,796 INFO scraper_client.infra.jd.detail_extractor - detail data already in list payload, skip detail page navigation order_id=3481281001673327 item_count=1
2026-04-27 00:42:59,796 INFO scraper_client.infra.jd.detail_extractor - detail data already in list payload, skip detail page navigation order_id=3481269006112457 item_count=1
2026-04-27 00:42:59,796 INFO scraper_client.infra.jd.detail_extractor - detail data already in list payload, skip detail page navigation order_id=3481248018015027 item_count=1
2026-04-27 00:42:59,796 INFO scraper_client.infra.jd.detail_extractor - detail data already in list payload, skip detail page navigation order_id=3481214008123138 item_count=1
2026-04-27 00:42:59,796 INFO scraper_client.infra.jd.detail_extractor - detail data already in list payload, skip detail page navigation order_id=3481246005798662 item_count=1
2026-04-27 00:42:59,797 INFO scraper_client.infra.jd.detail_extractor - detail data already in list payload, skip detail page navigation order_id=3481272004544299 item_count=1
2026-04-27 00:42:59,797 INFO scraper_client.infra.jd.detail_extractor - detail data already in list payload, skip detail page navigation order_id=3481291015060231 item_count=1
2026-04-27 00:42:59,797 INFO scraper_client.infra.jd.detail_extractor - detail data already in list payload, skip detail page navigation order_id=3481287001734860 item_count=1
2026-04-27 00:42:59,797 INFO scraper_client.infra.jd.detail_extractor - detail data already in list payload, skip detail page navigation order_id=3481271017233420 item_count=1
2026-04-27 00:42:59,797 INFO scraper_client.infra.jd.detail_extractor - detail data already in list payload, skip detail page navigation order_id=3481279004486851 item_count=1
2026-04-27 00:42:59,797 INFO scraper_client.infra.jd.detail_extractor - detail data already in list payload, skip detail page navigation order_id=3481230006139344 item_count=1
2026-04-27 00:42:59,797 INFO scraper_client.infra.jd.detail_extractor - detail data already in list payload, skip detail page navigation order_id=3481224018863874 item_count=1
2026-04-27 00:42:59,797 INFO scraper_client.infra.jd.detail_extractor - detail data already in list payload, skip detail page navigation order_id=3481248018011370 item_count=1
2026-04-27 00:42:59,797 INFO scraper_client.infra.jd.detail_extractor - detail data already in list payload, skip detail page navigation order_id=3481226018854419 item_count=1
2026-04-27 00:42:59,797 INFO scraper_client.infra.jd.detail_extractor - detail data already in list payload, skip detail page navigation order_id=3481239018480003 item_count=1
2026-04-27 00:42:59,797 INFO scraper_client.infra.jd.detail_extractor - detail data already in list payload, skip detail page navigation order_id=3481289014908855 item_count=1
2026-04-27 00:42:59,797 INFO scraper_client.infra.jd.detail_extractor - detail data already in list payload, skip detail page navigation order_id=3481251006123393 item_count=1
2026-04-27 00:42:59,797 INFO scraper_client.infra.jd.detail_extractor - detail data already in list payload, skip detail page navigation order_id=3481272004546072 item_count=1
2026-04-27 00:42:59,797 INFO scraper_client.infra.jd.detail_extractor - detail data already in list payload, skip detail page navigation order_id=3481283001735905 item_count=1
2026-04-27 00:42:59,797 INFO scraper_client.infra.jd.detail_extractor - detail data already in list payload, skip detail page navigation order_id=3481235006072627 item_count=1
2026-04-27 00:42:59,797 INFO scraper_client.infra.jd.detail_extractor - detail data already in list payload, skip detail page navigation order_id=3481234005997100 item_count=1
2026-04-27 00:42:59,798 INFO scraper_client.infra.jd.detail_extractor - detail data already in list payload, skip detail page navigation order_id=3481241018157424 item_count=1
2026-04-27 00:42:59,798 INFO scraper_client.infra.jd.detail_extractor - detail data already in list payload, skip detail page navigation order_id=3481266019098398 item_count=1
2026-04-27 00:42:59,798 INFO scraper_client.infra.jd.detail_extractor - detail data already in list payload, skip detail page navigation order_id=3481236006041941 item_count=1
2026-04-27 00:42:59,798 INFO scraper_client.infra.jd.detail_extractor - detail data already in list payload, skip detail page navigation order_id=3481213008114716 item_count=1
2026-04-27 00:42:59,798 INFO scraper_client.infra.jd.detail_extractor - detail data already in list payload, skip detail page navigation order_id=3481251019203375 item_count=1
2026-04-27 00:42:59,798 INFO scraper_client.infra.jd.detail_extractor - detail data already in list payload, skip detail page navigation order_id=3481228018838310 item_count=1
2026-04-27 00:42:59,798 INFO scraper_client.infra.jd.detail_extractor - detail data already in list payload, skip detail page navigation order_id=3481248005536819 item_count=1
2026-04-27 00:42:59,798 INFO scraper_client.infra.jd.detail_extractor - detail data already in list payload, skip detail page navigation order_id=3481251006126184 item_count=1
2026-04-27 00:42:59,798 INFO scraper_client.infra.jd.detail_extractor - detail data already in list payload, skip detail page navigation order_id=3481298001896906 item_count=1
2026-04-27 00:42:59,798 INFO scraper_client.infra.jd.detail_extractor - detail data already in list payload, skip detail page navigation order_id=3481295001829719 item_count=1
2026-04-27 00:42:59,798 INFO scraper_client.infra.jd.detail_extractor - detail data already in list payload, skip detail page navigation order_id=3481227018748170 item_count=1
2026-04-27 00:42:59,798 INFO scraper_client.infra.jd.detail_extractor - detail data already in list payload, skip detail page navigation order_id=3481265019112607 item_count=1
2026-04-27 00:42:59,798 INFO scraper_client.infra.jd.detail_extractor - detail data already in list payload, skip detail page navigation order_id=3481200005879948 item_count=1
2026-04-27 00:42:59,798 INFO scraper_client.infra.jd.detail_extractor - detail data already in list payload, skip detail page navigation order_id=3481261005960223 item_count=1
2026-04-27 00:42:59,798 INFO scraper_client.infra.jd.detail_extractor - detail data already in list payload, skip detail page navigation order_id=3481290001689239 item_count=1
2026-04-27 00:42:59,798 INFO scraper_client.infra.jd.detail_extractor - detail data already in list payload, skip detail page navigation order_id=3481289001719750 item_count=1
2026-04-27 00:42:59,799 INFO scraper_client.infra.jd.detail_extractor - detail data already in list payload, skip detail page navigation order_id=3481203014882517 item_count=1
2026-04-27 00:42:59,799 INFO scraper_client.infra.jd.detail_extractor - detail data already in list payload, skip detail page navigation order_id=3481203003921850 item_count=1
2026-04-27 00:42:59,799 INFO scraper_client.infra.jd.detail_extractor - detail data already in list payload, skip detail page navigation order_id=3481205011148036 item_count=1
2026-04-27 00:42:59,799 INFO scraper_client.infra.jd.detail_extractor - detail data already in list payload, skip detail page navigation order_id=3481222018804288 item_count=1
2026-04-27 00:42:59,799 INFO scraper_client.infra.jd.detail_extractor - detail data already in list payload, skip detail page navigation order_id=3481214010140355 item_count=1
2026-04-27 00:42:59,799 INFO scraper_client.infra.jd.detail_extractor - detail data already in list payload, skip detail page navigation order_id=3481224018867557 item_count=1
2026-04-27 00:42:59,799 INFO scraper_client.infra.jd.detail_extractor - detail data already in list payload, skip detail page navigation order_id=3481284001782467 item_count=1
2026-04-27 00:42:59,799 INFO scraper_client.infra.jd.detail_extractor - detail data already in list payload, skip detail page navigation order_id=3481262005999254 item_count=1
2026-04-27 00:42:59,800 INFO scraper_client.infra.jd.detail_extractor - detail data already in list payload, skip detail page navigation order_id=3481225018712562 item_count=1
2026-04-27 00:42:59,800 INFO scraper_client.infra.jd.detail_extractor - detail data already in list payload, skip detail page navigation order_id=3481276004527538 item_count=1
2026-04-27 00:42:59,800 INFO scraper_client.infra.jd.detail_extractor - detail data already in list payload, skip detail page navigation order_id=3481223006514084 item_count=1
2026-04-27 00:42:59,800 INFO scraper_client.infra.jd.detail_extractor - detail data already in list payload, skip detail page navigation order_id=3481261019057349 item_count=1
2026-04-27 00:42:59,800 INFO scraper_client.infra.jd.detail_extractor - detail data already in list payload, skip detail page navigation order_id=3481267006050396 item_count=1
2026-04-27 00:42:59,801 INFO scraper_client.infra.jd.detail_extractor - detail data already in list payload, skip detail page navigation order_id=3481202004015562 item_count=1
2026-04-27 00:42:59,801 INFO scraper_client.infra.jd.detail_extractor - detail data already in list payload, skip detail page navigation order_id=3480233006182457 item_count=1
2026-04-27 00:42:59,801 INFO scraper_client.infra.jd.detail_extractor - detail data already in list payload, skip detail page navigation order_id=3480282001804574 item_count=1
2026-04-27 00:42:59,801 INFO scraper_client.infra.jd.detail_extractor - detail data already in list payload, skip detail page navigation order_id=3480249005615744 item_count=1
2026-04-27 00:42:59,801 INFO scraper_client.infra.jd.detail_extractor - detail data already in list payload, skip detail page navigation order_id=3480210008117719 item_count=1
2026-04-27 00:42:59,801 INFO scraper_client.infra.jd.detail_extractor - detail data already in list payload, skip detail page navigation order_id=3480283014922077 item_count=1
2026-04-27 00:42:59,804 INFO scraper_client.infra.jd.detail_extractor - detail data already in list payload, skip detail page navigation order_id=3480214008101848 item_count=1
2026-04-27 00:42:59,804 INFO scraper_client.infra.jd.detail_extractor - detail data already in list payload, skip detail page navigation order_id=3480217007304555 item_count=1
2026-04-27 00:42:59,805 INFO scraper_client.infra.jd.detail_extractor - detail data already in list payload, skip detail page navigation order_id=3480220018789737 item_count=1
2026-04-27 00:42:59,805 INFO scraper_client.infra.jd.detail_extractor - detail data already in list payload, skip detail page navigation order_id=3480245005684086 item_count=1
2026-04-27 00:42:59,805 INFO scraper_client.infra.jd.detail_extractor - detail data already in list payload, skip detail page navigation order_id=3480297015010601 item_count=1
2026-04-27 00:42:59,805 INFO scraper_client.infra.jd.detail_extractor - detail data already in list payload, skip detail page navigation order_id=3480298001893718 item_count=1
2026-04-27 00:42:59,805 INFO scraper_client.infra.jd.detail_extractor - detail data already in list payload, skip detail page navigation order_id=3480222006457555 item_count=1
2026-04-27 00:42:59,805 INFO scraper_client.infra.jd.detail_extractor - detail data already in list payload, skip detail page navigation order_id=3480269019146867 item_count=1
2026-04-27 00:42:59,806 INFO scraper_client.infra.jd.detail_extractor - detail data already in list payload, skip detail page navigation order_id=3480272017206806 item_count=1
2026-04-27 00:42:59,806 INFO scraper_client.infra.jd.detail_extractor - detail data already in list payload, skip detail page navigation order_id=3480247018145139 item_count=1
2026-04-27 00:42:59,806 INFO scraper_client.infra.jd.detail_extractor - detail data already in list payload, skip detail page navigation order_id=3480297015021114 item_count=1
2026-04-27 00:42:59,806 INFO scraper_client.infra.jd.detail_extractor - detail data already in list payload, skip detail page navigation order_id=3480252006057821 item_count=1
2026-04-27 00:42:59,806 INFO scraper_client.infra.jd.detail_extractor - detail data already in list payload, skip detail page navigation order_id=3480276004528322 item_count=1
2026-04-27 00:42:59,806 INFO scraper_client.infra.jd.detail_extractor - detail data already in list payload, skip detail page navigation order_id=3480252019157101 item_count=1
2026-04-27 00:42:59,806 INFO scraper_client.infra.jd.detail_extractor - detail data already in list payload, skip detail page navigation order_id=3480297015005737 item_count=1
2026-04-27 00:42:59,806 INFO scraper_client.infra.jd.detail_extractor - detail data already in list payload, skip detail page navigation order_id=3480218007382578 item_count=1
2026-04-27 00:42:59,806 INFO scraper_client.infra.jd.detail_extractor - detail data already in list payload, skip detail page navigation order_id=3480252006064330 item_count=1
2026-04-27 00:42:59,806 INFO scraper_client.infra.jd.detail_extractor - detail data already in list payload, skip detail page navigation order_id=3480233018537803 item_count=1
2026-04-27 00:42:59,806 INFO scraper_client.infra.jd.detail_extractor - detail data already in list payload, skip detail page navigation order_id=3480266019087957 item_count=1
2026-04-27 00:42:59,806 INFO scraper_client.infra.jd.detail_extractor - detail data already in list payload, skip detail page navigation order_id=3480229006459558 item_count=1
2026-04-27 00:42:59,807 INFO scraper_client.infra.jd.detail_extractor - detail data already in list payload, skip detail page navigation order_id=3480265006031173 item_count=1
2026-04-27 00:42:59,807 INFO scraper_client.infra.jd.detail_extractor - detail data already in list payload, skip detail page navigation order_id=3480252006062400 item_count=1
2026-04-27 00:42:59,807 INFO scraper_client.infra.jd.detail_extractor - detail data already in list payload, skip detail page navigation order_id=3480255006172619 item_count=1
2026-04-27 00:42:59,807 INFO scraper_client.infra.jd.detail_extractor - detail data already in list payload, skip detail page navigation order_id=3480238018385999 item_count=1
2026-04-27 00:42:59,807 INFO scraper_client.infra.jd.detail_extractor - detail data already in list payload, skip detail page navigation order_id=3480222006455531 item_count=1
2026-04-27 00:42:59,807 INFO scraper_client.infra.jd.detail_extractor - detail data already in list payload, skip detail page navigation order_id=3480275017229480 item_count=1
2026-04-27 00:42:59,807 INFO scraper_client.infra.jd.detail_extractor - detail data already in list payload, skip detail page navigation order_id=3480282001792858 item_count=1
2026-04-27 00:42:59,807 INFO scraper_client.infra.jd.detail_extractor - detail data already in list payload, skip detail page navigation order_id=3480278004584412 item_count=1
2026-04-27 00:42:59,807 INFO scraper_client.infra.jd.detail_extractor - detail data already in list payload, skip detail page navigation order_id=3480294001774361 item_count=1
2026-04-27 00:42:59,807 INFO scraper_client.infra.jd.detail_extractor - detail data already in list payload, skip detail page navigation order_id=3480296001812759 item_count=1
2026-04-27 00:42:59,807 INFO scraper_client.infra.jd.detail_extractor - detail data already in list payload, skip detail page navigation order_id=3480203003928134 item_count=1
2026-04-27 00:42:59,807 INFO scraper_client.infra.jd.detail_extractor - detail data already in list payload, skip detail page navigation order_id=3480205009331519 item_count=1
2026-04-27 00:42:59,807 INFO scraper_client.infra.jd.detail_extractor - detail data already in list payload, skip detail page navigation order_id=3480202004016318 item_count=1
2026-04-27 00:42:59,807 INFO scraper_client.infra.jd.detail_extractor - detail data already in list payload, skip detail page navigation order_id=3480267006043874 item_count=1
2026-04-27 00:42:59,808 INFO scraper_client.infra.jd.detail_extractor - detail extraction enriched_orders=99 inferred_orders=0 embedded_detail_orders=99
2026-04-27 00:42:59,813 INFO scraper_client.infra.jd.jd_scraper - jd scrape done account_id=2 orders=99 items=99 price_info=99
2026-04-27 00:43:03,950 INFO scraper_client.services.account_orchestrator - task success account_id=2 orders=99 round=93
2026-04-27 00:43:34,004 INFO scraper_client.infra.jd.jd_scraper - jd scrape start account_id=1 account_name=钰谢-老板 max_pages=10
2026-04-27 00:43:34,475 INFO scraper_client.infra.jd.session_manager - opened isolated JD browser session account_id=1 storage_state=artifacts/storage/jd_account_1.json
2026-04-27 00:43:34,476 INFO scraper_client.infra.jd.authenticator - auth check start account_id=1 account_name=钰谢-老板 allow_manual_login=True force_relogin=False
2026-04-27 00:43:34,737 INFO scraper_client.infra.jd.authenticator - auth check visited order-list target=https://shop.jd.com/jdm/trade/orders/order-list?tabType=allOrders current_url=https://shop.jd.com/jdm/trade/orders/order-list?tabType=allOrders
2026-04-27 00:43:34,913 INFO scraper_client.infra.jd.authenticator - auth check passed by existing session account_id=1 no credential input needed
2026-04-27 00:43:34,914 INFO scraper_client.infra.jd.order_list_extractor - opening order list page url=https://shop.jd.com/jdm/trade/orders/order-list?tabType=allOrders
2026-04-27 00:43:43,070 WARNING scraper_client.infra.jd.jd_scraper - jd session expired during list extraction, re-authenticating in same round account_id=1
2026-04-27 00:43:43,070 INFO scraper_client.infra.jd.authenticator - auth check start account_id=1 account_name=钰谢-老板 allow_manual_login=True force_relogin=False
2026-04-27 00:43:43,209 INFO scraper_client.infra.jd.authenticator - auth check visited order-list target=https://shop.jd.com/jdm/trade/orders/order-list?tabType=allOrders current_url=https://shop.jd.com/jdm/trade/orders/order-list?tabType=allOrders
2026-04-27 00:43:43,486 WARNING scraper_client.infra.jd.authenticator - session appears logged-in but current page is not order-list account_id=1 current_url=https://passport.shop.jd.com/login/index.action/jdm?ReturnUrl=https%3A%2F%2Fshop.jd.com%2Fjdm%2Ftrade%2Forders%2Forder-list%3FtabType%3DallOrders
2026-04-27 00:43:43,486 INFO scraper_client.infra.jd.authenticator - auth check failed first pass, reloading persisted storage_state account_id=1
2026-04-27 00:43:43,842 WARNING scraper_client.infra.jd.authenticator - storage-state reload still not at order-list page account_id=1 current_url=https://passport.shop.jd.com/login/index.action/jdm?ReturnUrl=https%3A%2F%2Fshop.jd.com%2Fjdm%2Ftrade%2Forders%2Forder-list%3FtabType%3DallOrders
2026-04-27 00:43:43,843 INFO scraper_client.infra.jd.authenticator - auth check still requires login, trying credential login account_id=1
2026-04-27 00:43:43,843 INFO scraper_client.infra.jd.authenticator - attempting credential login account_id=1 username=钰谢-老板
2026-04-27 00:43:44,097 INFO scraper_client.infra.jd.authenticator - switched to password login tab account_id=1
2026-04-27 00:43:44,502 INFO scraper_client.infra.jd.authenticator - typed username account_id=1
2026-04-27 00:43:44,552 INFO scraper_client.infra.jd.authenticator - typed password account_id=1 password_length=10
2026-04-27 00:43:44,997 INFO scraper_client.infra.jd.authenticator - clicked login submit button account_id=1
2026-04-27 00:43:47,013 INFO scraper_client.infra.jd.authenticator - credential login succeeded account_id=1
2026-04-27 00:43:47,356 INFO scraper_client.infra.jd.authenticator - auth completed by credential login account_id=1
2026-04-27 00:43:47,356 INFO scraper_client.infra.jd.jd_scraper - re-authentication completed, retrying list extraction account_id=1
2026-04-27 00:43:47,356 INFO scraper_client.infra.jd.order_list_extractor - opening order list page url=https://shop.jd.com/jdm/trade/orders/order-list?tabType=allOrders
2026-04-27 00:43:49,297 INFO scraper_client.infra.jd.order_list_extractor - captured order api page_index=1 page_results=10 cumulative_pages=1 total_item=3326 page_size=10 url=https://sff.jd.com/api?v=1.0&appId=COCX0HBWR4BA7RDVDBIQ&api=dsm.order.bff.orderListBffService.queryOrderPage
2026-04-27 00:43:49,300 INFO scraper_client.infra.jd.order_list_extractor - captured order api page_index=1 page_results=10 cumulative_pages=1 total_item=3326 page_size=10 url=https://sff.jd.com/api?v=1.0&appId=COCX0HBWR4BA7RDVDBIQ&api=dsm.order.bff.orderListBffService.queryOrderPage
2026-04-27 00:43:55,696 INFO scraper_client.infra.jd.order_list_extractor - order list first page load wait finished
2026-04-27 00:43:55,696 INFO scraper_client.infra.jd.order_list_extractor - turning page current_page=1 target_page=2
2026-04-27 00:43:55,847 INFO scraper_client.infra.jd.order_list_extractor - clicked next page selector=.jd-pagination .btn-next index=0 target=page
2026-04-27 00:43:55,951 INFO scraper_client.infra.jd.order_list_extractor - captured order api page_index=2 page_results=10 cumulative_pages=2 total_item=3326 page_size=10 url=https://sff.jd.com/api?v=1.0&appId=COCX0HBWR4BA7RDVDBIQ&api=dsm.order.bff.orderListBffService.queryOrderPage
2026-04-27 00:43:55,955 INFO scraper_client.infra.jd.order_list_extractor - captured order api page_index=2 page_results=10 cumulative_pages=2 total_item=3326 page_size=10 url=https://sff.jd.com/api?v=1.0&appId=COCX0HBWR4BA7RDVDBIQ&api=dsm.order.bff.orderListBffService.queryOrderPage
2026-04-27 00:44:03,819 INFO scraper_client.infra.jd.order_list_extractor - page turn done current_page=2 wait_ms=7968
2026-04-27 00:44:03,820 INFO scraper_client.infra.jd.order_list_extractor - turning page current_page=2 target_page=3
2026-04-27 00:44:03,929 INFO scraper_client.infra.jd.order_list_extractor - clicked next page selector=.jd-pagination .btn-next index=0 target=page
2026-04-27 00:44:04,062 INFO scraper_client.infra.jd.order_list_extractor - captured order api page_index=3 page_results=10 cumulative_pages=3 total_item=3326 page_size=10 url=https://sff.jd.com/api?v=1.0&appId=COCX0HBWR4BA7RDVDBIQ&api=dsm.order.bff.orderListBffService.queryOrderPage
2026-04-27 00:44:04,067 INFO scraper_client.infra.jd.order_list_extractor - captured order api page_index=3 page_results=10 cumulative_pages=3 total_item=3326 page_size=10 url=https://sff.jd.com/api?v=1.0&appId=COCX0HBWR4BA7RDVDBIQ&api=dsm.order.bff.orderListBffService.queryOrderPage
2026-04-27 00:44:11,627 INFO scraper_client.infra.jd.order_list_extractor - page turn done current_page=3 wait_ms=7694
2026-04-27 00:44:11,628 INFO scraper_client.infra.jd.order_list_extractor - turning page current_page=3 target_page=4
2026-04-27 00:44:11,735 INFO scraper_client.infra.jd.order_list_extractor - clicked next page selector=.jd-pagination .btn-next index=0 target=page
2026-04-27 00:44:11,873 INFO scraper_client.infra.jd.order_list_extractor - captured order api page_index=4 page_results=10 cumulative_pages=4 total_item=3326 page_size=10 url=https://sff.jd.com/api?v=1.0&appId=COCX0HBWR4BA7RDVDBIQ&api=dsm.order.bff.orderListBffService.queryOrderPage
2026-04-27 00:44:11,877 INFO scraper_client.infra.jd.order_list_extractor - captured order api page_index=4 page_results=10 cumulative_pages=4 total_item=3326 page_size=10 url=https://sff.jd.com/api?v=1.0&appId=COCX0HBWR4BA7RDVDBIQ&api=dsm.order.bff.orderListBffService.queryOrderPage
2026-04-27 00:44:18,757 INFO scraper_client.infra.jd.order_list_extractor - page turn done current_page=4 wait_ms=7018
2026-04-27 00:44:18,758 INFO scraper_client.infra.jd.order_list_extractor - turning page current_page=4 target_page=5
2026-04-27 00:44:18,854 INFO scraper_client.infra.jd.order_list_extractor - clicked next page selector=.jd-pagination .btn-next index=0 target=page
2026-04-27 00:44:18,991 INFO scraper_client.infra.jd.order_list_extractor - captured order api page_index=5 page_results=10 cumulative_pages=5 total_item=3326 page_size=10 url=https://sff.jd.com/api?v=1.0&appId=COCX0HBWR4BA7RDVDBIQ&api=dsm.order.bff.orderListBffService.queryOrderPage
2026-04-27 00:44:18,994 INFO scraper_client.infra.jd.order_list_extractor - captured order api page_index=5 page_results=10 cumulative_pages=5 total_item=3326 page_size=10 url=https://sff.jd.com/api?v=1.0&appId=COCX0HBWR4BA7RDVDBIQ&api=dsm.order.bff.orderListBffService.queryOrderPage
2026-04-27 00:44:25,075 INFO scraper_client.infra.jd.order_list_extractor - page turn done current_page=5 wait_ms=6219
2026-04-27 00:44:25,077 INFO scraper_client.infra.jd.order_list_extractor - turning page current_page=5 target_page=6
2026-04-27 00:44:25,165 INFO scraper_client.infra.jd.order_list_extractor - clicked next page selector=.jd-pagination .btn-next index=0 target=page
2026-04-27 00:44:25,340 INFO scraper_client.infra.jd.order_list_extractor - captured order api page_index=6 page_results=10 cumulative_pages=6 total_item=3326 page_size=10 url=https://sff.jd.com/api?v=1.0&appId=COCX0HBWR4BA7RDVDBIQ&api=dsm.order.bff.orderListBffService.queryOrderPage
2026-04-27 00:44:25,343 INFO scraper_client.infra.jd.order_list_extractor - captured order api page_index=6 page_results=10 cumulative_pages=6 total_item=3326 page_size=10 url=https://sff.jd.com/api?v=1.0&appId=COCX0HBWR4BA7RDVDBIQ&api=dsm.order.bff.orderListBffService.queryOrderPage
2026-04-27 00:44:31,512 INFO scraper_client.infra.jd.order_list_extractor - page turn done current_page=6 wait_ms=6344
2026-04-27 00:44:31,514 INFO scraper_client.infra.jd.order_list_extractor - turning page current_page=6 target_page=7
2026-04-27 00:44:31,596 INFO scraper_client.infra.jd.order_list_extractor - clicked next page selector=.jd-pagination .btn-next index=0 target=page
2026-04-27 00:44:31,773 INFO scraper_client.infra.jd.order_list_extractor - captured order api page_index=7 page_results=10 cumulative_pages=7 total_item=3326 page_size=10 url=https://sff.jd.com/api?v=1.0&appId=COCX0HBWR4BA7RDVDBIQ&api=dsm.order.bff.orderListBffService.queryOrderPage
2026-04-27 00:44:31,776 INFO scraper_client.infra.jd.order_list_extractor - captured order api page_index=7 page_results=10 cumulative_pages=7 total_item=3326 page_size=10 url=https://sff.jd.com/api?v=1.0&appId=COCX0HBWR4BA7RDVDBIQ&api=dsm.order.bff.orderListBffService.queryOrderPage
2026-04-27 00:44:38,952 INFO scraper_client.infra.jd.order_list_extractor - page turn done current_page=7 wait_ms=7352
2026-04-27 00:44:38,952 INFO scraper_client.infra.jd.order_list_extractor - turning page current_page=7 target_page=8
2026-04-27 00:44:39,055 INFO scraper_client.infra.jd.order_list_extractor - clicked next page selector=.jd-pagination .btn-next index=0 target=page
2026-04-27 00:44:39,231 INFO scraper_client.infra.jd.order_list_extractor - captured order api page_index=8 page_results=10 cumulative_pages=8 total_item=3326 page_size=10 url=https://sff.jd.com/api?v=1.0&appId=COCX0HBWR4BA7RDVDBIQ&api=dsm.order.bff.orderListBffService.queryOrderPage
2026-04-27 00:44:39,234 INFO scraper_client.infra.jd.order_list_extractor - captured order api page_index=8 page_results=10 cumulative_pages=8 total_item=3326 page_size=10 url=https://sff.jd.com/api?v=1.0&appId=COCX0HBWR4BA7RDVDBIQ&api=dsm.order.bff.orderListBffService.queryOrderPage
2026-04-27 00:44:44,818 INFO scraper_client.infra.jd.order_list_extractor - page turn done current_page=8 wait_ms=5760
2026-04-27 00:44:44,819 INFO scraper_client.infra.jd.order_list_extractor - turning page current_page=8 target_page=9
2026-04-27 00:44:44,925 INFO scraper_client.infra.jd.order_list_extractor - clicked next page selector=.jd-pagination .btn-next index=0 target=page
2026-04-27 00:44:45,163 INFO scraper_client.infra.jd.order_list_extractor - captured order api page_index=9 page_results=10 cumulative_pages=9 total_item=3326 page_size=10 url=https://sff.jd.com/api?v=1.0&appId=COCX0HBWR4BA7RDVDBIQ&api=dsm.order.bff.orderListBffService.queryOrderPage
2026-04-27 00:44:45,167 INFO scraper_client.infra.jd.order_list_extractor - captured order api page_index=9 page_results=10 cumulative_pages=9 total_item=3326 page_size=10 url=https://sff.jd.com/api?v=1.0&appId=COCX0HBWR4BA7RDVDBIQ&api=dsm.order.bff.orderListBffService.queryOrderPage
2026-04-27 00:44:51,481 INFO scraper_client.infra.jd.order_list_extractor - page turn done current_page=9 wait_ms=6554
2026-04-27 00:44:51,482 INFO scraper_client.infra.jd.order_list_extractor - turning page current_page=9 target_page=10
2026-04-27 00:44:51,576 INFO scraper_client.infra.jd.order_list_extractor - clicked next page selector=.jd-pagination .btn-next index=0 target=page
2026-04-27 00:44:51,760 INFO scraper_client.infra.jd.order_list_extractor - captured order api page_index=10 page_results=10 cumulative_pages=10 total_item=3326 page_size=10 url=https://sff.jd.com/api?v=1.0&appId=COCX0HBWR4BA7RDVDBIQ&api=dsm.order.bff.orderListBffService.queryOrderPage
2026-04-27 00:44:51,764 INFO scraper_client.infra.jd.order_list_extractor - captured order api page_index=10 page_results=10 cumulative_pages=10 total_item=3326 page_size=10 url=https://sff.jd.com/api?v=1.0&appId=COCX0HBWR4BA7RDVDBIQ&api=dsm.order.bff.orderListBffService.queryOrderPage
2026-04-27 00:44:59,295 INFO scraper_client.infra.jd.order_list_extractor - page turn done current_page=10 wait_ms=7715
2026-04-27 00:44:59,297 INFO scraper_client.infra.jd.order_list_extractor - order list extracted orders=100 total_item=3326 pages_clicked=10 response_pages=10
2026-04-27 00:44:59,298 INFO scraper_client.infra.jd.detail_extractor - start detail extraction raw_orders=100
2026-04-27 00:44:59,298 INFO scraper_client.infra.jd.detail_extractor - detail data already in list payload, skip detail page navigation order_id=3480287001650742 item_count=1
2026-04-27 00:44:59,298 INFO scraper_client.infra.jd.detail_extractor - detail data already in list payload, skip detail page navigation order_id=3480274004564756 item_count=1
2026-04-27 00:44:59,298 INFO scraper_client.infra.jd.detail_extractor - detail data already in list payload, skip detail page navigation order_id=3480287014827884 item_count=1
2026-04-27 00:44:59,298 INFO scraper_client.infra.jd.detail_extractor - detail data already in list payload, skip detail page navigation order_id=3480299014915423 item_count=1
2026-04-27 00:44:59,298 INFO scraper_client.infra.jd.detail_extractor - detail data already in list payload, skip detail page navigation order_id=3480201014962528 item_count=1
2026-04-27 00:44:59,298 INFO scraper_client.infra.jd.detail_extractor - detail data already in list payload, skip detail page navigation order_id=3480200005545512 item_count=1
2026-04-27 00:44:59,298 INFO scraper_client.infra.jd.detail_extractor - detail data already in list payload, skip detail page navigation order_id=3479271004237154 item_count=1
2026-04-27 00:44:59,298 INFO scraper_client.infra.jd.detail_extractor - detail data already in list payload, skip detail page navigation order_id=3479236018078442 item_count=1
2026-04-27 00:44:59,299 INFO scraper_client.infra.jd.detail_extractor - detail data already in list payload, skip detail page navigation order_id=3478287000839207 item_count=1
2026-04-27 00:44:59,299 INFO scraper_client.infra.jd.detail_extractor - detail data already in list payload, skip detail page navigation order_id=3478269018230395 item_count=1
2026-04-27 00:44:59,299 INFO scraper_client.infra.jd.detail_extractor - detail data already in list payload, skip detail page navigation order_id=3477224017895151 item_count=1
2026-04-27 00:44:59,299 INFO scraper_client.infra.jd.detail_extractor - detail data already in list payload, skip detail page navigation order_id=3477203002582430 item_count=1
2026-04-27 00:44:59,299 INFO scraper_client.infra.jd.detail_extractor - detail data already in list payload, skip detail page navigation order_id=3477203002593250 item_count=1
2026-04-27 00:44:59,299 INFO scraper_client.infra.jd.detail_extractor - detail data already in list payload, skip detail page navigation order_id=3477273016061140 item_count=1
2026-04-27 00:44:59,299 INFO scraper_client.infra.jd.detail_extractor - detail data already in list payload, skip detail page navigation order_id=3477271016097317 item_count=1
2026-04-27 00:44:59,299 INFO scraper_client.infra.jd.detail_extractor - detail data already in list payload, skip detail page navigation order_id=3476234004613110 item_count=1
2026-04-27 00:44:59,299 INFO scraper_client.infra.jd.detail_extractor - detail data already in list payload, skip detail page navigation order_id=3476242016926244 item_count=1
2026-04-27 00:44:59,299 INFO scraper_client.infra.jd.detail_extractor - detail data already in list payload, skip detail page navigation order_id=3476237017251387 item_count=1
2026-04-27 00:44:59,299 INFO scraper_client.infra.jd.detail_extractor - detail data already in list payload, skip detail page navigation order_id=3475287000043393 item_count=1
2026-04-27 00:44:59,299 INFO scraper_client.infra.jd.detail_extractor - detail data already in list payload, skip detail page navigation order_id=3475223004728035 item_count=1
2026-04-27 00:44:59,300 INFO scraper_client.infra.jd.detail_extractor - detail data already in list payload, skip detail page navigation order_id=3475257004279447 item_count=1
2026-04-27 00:44:59,300 INFO scraper_client.infra.jd.detail_extractor - detail data already in list payload, skip detail page navigation order_id=3475291013507008 item_count=1
2026-04-27 00:44:59,300 INFO scraper_client.infra.jd.detail_extractor - detail data already in list payload, skip detail page navigation order_id=3475250017547366 item_count=1
2026-04-27 00:44:59,300 INFO scraper_client.infra.jd.detail_extractor - detail data already in list payload, skip detail page navigation order_id=3475235004071780 item_count=1
2026-04-27 00:44:59,300 INFO scraper_client.infra.jd.detail_extractor - detail data already in list payload, skip detail page navigation order_id=3474223004468865 item_count=1
2026-04-27 00:44:59,300 INFO scraper_client.infra.jd.detail_extractor - detail data already in list payload, skip detail page navigation order_id=3474215005436506 item_count=1
2026-04-27 00:44:59,300 INFO scraper_client.infra.jd.detail_extractor - detail data already in list payload, skip detail page navigation order_id=3474206007733065 item_count=1
2026-04-27 00:44:59,300 INFO scraper_client.infra.jd.detail_extractor - detail data already in list payload, skip detail page navigation order_id=3474250017431225 item_count=1
2026-04-27 00:44:59,300 INFO scraper_client.infra.jd.detail_extractor - detail data already in list payload, skip detail page navigation order_id=3474238003918827 item_count=1
2026-04-27 00:44:59,300 INFO scraper_client.infra.jd.detail_extractor - detail data already in list payload, skip detail page navigation order_id=3474282009713511 item_count=1
2026-04-27 00:44:59,301 INFO scraper_client.infra.jd.detail_extractor - detail data already in list payload, skip detail page navigation order_id=3474289013147908 item_count=1
2026-04-27 00:44:59,301 INFO scraper_client.infra.jd.detail_extractor - detail data already in list payload, skip detail page navigation order_id=3474264003751467 item_count=1
2026-04-27 00:44:59,301 INFO scraper_client.infra.jd.detail_extractor - detail data already in list payload, skip detail page navigation order_id=3474238016641424 item_count=1
2026-04-27 00:44:59,301 INFO scraper_client.infra.jd.detail_extractor - detail data already in list payload, skip detail page navigation order_id=3474238016641370 item_count=1
2026-04-27 00:44:59,301 INFO scraper_client.infra.jd.detail_extractor - detail data already in list payload, skip detail page navigation order_id=3474230016701774 item_count=1
2026-04-27 00:44:59,301 INFO scraper_client.infra.jd.detail_extractor - detail data already in list payload, skip detail page navigation order_id=3474206019725183 item_count=1
2026-04-27 00:44:59,301 INFO scraper_client.infra.jd.detail_extractor - detail data already in list payload, skip detail page navigation order_id=3474274002370469 item_count=1
2026-04-27 00:44:59,301 INFO scraper_client.infra.jd.detail_extractor - detail data already in list payload, skip detail page navigation order_id=3473222016839412 item_count=1
2026-04-27 00:44:59,301 INFO scraper_client.infra.jd.detail_extractor - detail data already in list payload, skip detail page navigation order_id=3473212018215510 item_count=1
2026-04-27 00:44:59,301 INFO scraper_client.infra.jd.detail_extractor - detail data already in list payload, skip detail page navigation order_id=3473263017048232 item_count=1
2026-04-27 00:44:59,301 INFO scraper_client.infra.jd.detail_extractor - detail data already in list payload, skip detail page navigation order_id=3473209019075015 item_count=1
2026-04-27 00:44:59,302 INFO scraper_client.infra.jd.detail_extractor - detail data already in list payload, skip detail page navigation order_id=3473268003567690 item_count=1
2026-04-27 00:44:59,302 INFO scraper_client.infra.jd.detail_extractor - detail data already in list payload, skip detail page navigation order_id=3473294012870833 item_count=1
2026-04-27 00:44:59,302 INFO scraper_client.infra.jd.detail_extractor - detail data already in list payload, skip detail page navigation order_id=3473230003533123 item_count=1
2026-04-27 00:44:59,302 INFO scraper_client.infra.jd.detail_extractor - detail data already in list payload, skip detail page navigation order_id=3472204012563123 item_count=1
2026-04-27 00:44:59,302 INFO scraper_client.infra.jd.detail_extractor - detail data already in list payload, skip detail page navigation order_id=3471218017020950 item_count=1
2026-04-27 00:44:59,302 INFO scraper_client.infra.jd.detail_extractor - detail data already in list payload, skip detail page navigation order_id=3471289012318930 item_count=1
2026-04-27 00:44:59,302 INFO scraper_client.infra.jd.detail_extractor - detail data already in list payload, skip detail page navigation order_id=3471219016905965 item_count=1
2026-04-27 00:44:59,302 INFO scraper_client.infra.jd.detail_extractor - detail data already in list payload, skip detail page navigation order_id=3470227015967773 item_count=1
2026-04-27 00:44:59,302 INFO scraper_client.infra.jd.detail_extractor - detail data already in list payload, skip detail page navigation order_id=3470224016058122 item_count=1
2026-04-27 00:44:59,302 INFO scraper_client.infra.jd.detail_extractor - detail data already in list payload, skip detail page navigation order_id=3470299012247045 item_count=1
2026-04-27 00:44:59,302 INFO scraper_client.infra.jd.detail_extractor - detail data already in list payload, skip detail page navigation order_id=3470270014375463 item_count=1
2026-04-27 00:44:59,302 INFO scraper_client.infra.jd.detail_extractor - detail data already in list payload, skip detail page navigation order_id=3470244002252649 item_count=1
2026-04-27 00:44:59,302 INFO scraper_client.infra.jd.detail_extractor - detail data already in list payload, skip detail page navigation order_id=3470201012301965 item_count=1
2026-04-27 00:44:59,303 INFO scraper_client.infra.jd.detail_extractor - detail data already in list payload, skip detail page navigation order_id=3470285008364939 item_count=1
2026-04-27 00:44:59,303 INFO scraper_client.infra.jd.detail_extractor - detail data already in list payload, skip detail page navigation order_id=3470295012163326 item_count=1
2026-04-27 00:44:59,303 INFO scraper_client.infra.jd.detail_extractor - detail data already in list payload, skip detail page navigation order_id=3470200002358771 item_count=1
2026-04-27 00:44:59,303 INFO scraper_client.infra.jd.detail_extractor - detail data already in list payload, skip detail page navigation order_id=3470246002233235 item_count=1
2026-04-27 00:44:59,303 INFO scraper_client.infra.jd.detail_extractor - detail data already in list payload, skip detail page navigation order_id=3470270001018735 item_count=1
2026-04-27 00:44:59,303 INFO scraper_client.infra.jd.detail_extractor - detail data already in list payload, skip detail page navigation order_id=3470262002311204 item_count=1
2026-04-27 00:44:59,303 INFO scraper_client.infra.jd.detail_extractor - detail data already in list payload, skip detail page navigation order_id=3470269015988223 item_count=1
2026-04-27 00:44:59,303 INFO scraper_client.infra.jd.detail_extractor - detail data already in list payload, skip detail page navigation order_id=3470207005990100 item_count=1
2026-04-27 00:44:59,303 INFO scraper_client.infra.jd.detail_extractor - detail data already in list payload, skip detail page navigation order_id=3470255002477855 item_count=1
2026-04-27 00:44:59,303 INFO scraper_client.infra.jd.detail_extractor - detail data already in list payload, skip detail page navigation order_id=3470225002850395 item_count=1
2026-04-27 00:44:59,303 INFO scraper_client.infra.jd.detail_extractor - detail data already in list payload, skip detail page navigation order_id=3470239002521848 item_count=1
2026-04-27 00:44:59,303 INFO scraper_client.infra.jd.detail_extractor - detail data already in list payload, skip detail page navigation order_id=3470252002328883 item_count=1
2026-04-27 00:44:59,303 INFO scraper_client.infra.jd.detail_extractor - detail data already in list payload, skip detail page navigation order_id=3469278014217281 item_count=1
2026-04-27 00:44:59,303 INFO scraper_client.infra.jd.detail_extractor - detail data already in list payload, skip detail page navigation order_id=3469255002405403 item_count=1
2026-04-27 00:44:59,304 INFO scraper_client.infra.jd.detail_extractor - detail data already in list payload, skip detail page navigation order_id=3469263015913437 item_count=1
2026-04-27 00:44:59,304 INFO scraper_client.infra.jd.detail_extractor - detail data already in list payload, skip detail page navigation order_id=3469263002257262 item_count=1
2026-04-27 00:44:59,304 INFO scraper_client.infra.jd.detail_extractor - detail data already in list payload, skip detail page navigation order_id=3469244001971165 item_count=1
2026-04-27 00:44:59,304 INFO scraper_client.infra.jd.detail_extractor - detail data already in list payload, skip detail page navigation order_id=3469285011900353 item_count=1
2026-04-27 00:44:59,304 INFO scraper_client.infra.jd.detail_extractor - detail data already in list payload, skip detail page navigation order_id=3469215003773013 item_count=1
2026-04-27 00:44:59,304 INFO scraper_client.infra.jd.detail_extractor - detail data already in list payload, skip detail page navigation order_id=3469239002377663 item_count=1
2026-04-27 00:44:59,304 INFO scraper_client.infra.jd.detail_extractor - detail data already in list payload, skip detail page navigation order_id=3469286008085361 item_count=1
2026-04-27 00:44:59,304 INFO scraper_client.infra.jd.detail_extractor - detail data already in list payload, skip detail page navigation order_id=3469235002174646 item_count=1
2026-04-27 00:44:59,304 INFO scraper_client.infra.jd.detail_extractor - detail data already in list payload, skip detail page navigation order_id=3469217016216463 item_count=1
2026-04-27 00:44:59,304 INFO scraper_client.infra.jd.detail_extractor - detail data already in list payload, skip detail page navigation order_id=3469208017952082 item_count=1
2026-04-27 00:44:59,304 INFO scraper_client.infra.jd.detail_extractor - detail data already in list payload, skip detail page navigation order_id=3469243001718532 item_count=1
2026-04-27 00:44:59,304 INFO scraper_client.infra.jd.detail_extractor - detail data already in list payload, skip detail page navigation order_id=3469225002481262 item_count=1
2026-04-27 00:44:59,304 INFO scraper_client.infra.jd.detail_extractor - detail data already in list payload, skip detail page navigation order_id=3469262001905180 item_count=1
2026-04-27 00:44:59,304 INFO scraper_client.infra.jd.detail_extractor - detail data already in list payload, skip detail page navigation order_id=3468281011600507 item_count=1
2026-04-27 00:44:59,305 INFO scraper_client.infra.jd.detail_extractor - detail data already in list payload, skip detail page navigation order_id=3468223002546665 item_count=1
2026-04-27 00:44:59,305 INFO scraper_client.infra.jd.detail_extractor - detail data already in list payload, skip detail page navigation order_id=3468223015503868 item_count=1
2026-04-27 00:44:59,305 INFO scraper_client.infra.jd.detail_extractor - detail data already in list payload, skip detail page navigation order_id=3468211016834375 item_count=1
2026-04-27 00:44:59,305 INFO scraper_client.infra.jd.detail_extractor - detail data already in list payload, skip detail page navigation order_id=3468292007727417 item_count=1
2026-04-27 00:44:59,305 INFO scraper_client.infra.jd.detail_extractor - detail data already in list payload, skip detail page navigation order_id=3468278013901464 item_count=1
2026-04-27 00:44:59,305 INFO scraper_client.infra.jd.detail_extractor - detail data already in list payload, skip detail page navigation order_id=3468237002060296 item_count=1
2026-04-27 00:44:59,305 INFO scraper_client.infra.jd.detail_extractor - detail data already in list payload, skip detail page navigation order_id=3468251001950079 item_count=1
2026-04-27 00:44:59,305 INFO scraper_client.infra.jd.detail_extractor - detail data already in list payload, skip detail page navigation order_id=3468274013980575 item_count=1
2026-04-27 00:44:59,305 INFO scraper_client.infra.jd.detail_extractor - detail data already in list payload, skip detail page navigation order_id=3468220015414340 item_count=1
2026-04-27 00:44:59,305 INFO scraper_client.infra.jd.detail_extractor - detail data already in list payload, skip detail page navigation order_id=3468268015589166 item_count=1
2026-04-27 00:44:59,305 INFO scraper_client.infra.jd.detail_extractor - detail data already in list payload, skip detail page navigation order_id=3468296007768668 item_count=1
2026-04-27 00:44:59,306 INFO scraper_client.infra.jd.detail_extractor - detail data already in list payload, skip detail page navigation order_id=3468256015579562 item_count=1
2026-04-27 00:44:59,306 INFO scraper_client.infra.jd.detail_extractor - detail data already in list payload, skip detail page navigation order_id=3468229002423709 item_count=1
2026-04-27 00:44:59,306 INFO scraper_client.infra.jd.detail_extractor - detail data already in list payload, skip detail page navigation order_id=3468255001974498 item_count=1
2026-04-27 00:44:59,306 INFO scraper_client.infra.jd.detail_extractor - detail data already in list payload, skip detail page navigation order_id=3468279013816660 item_count=1
2026-04-27 00:44:59,306 INFO scraper_client.infra.jd.detail_extractor - detail data already in list payload, skip detail page navigation order_id=3468291007804968 item_count=1
2026-04-27 00:44:59,306 INFO scraper_client.infra.jd.detail_extractor - detail data already in list payload, skip detail page navigation order_id=3468261001747449 item_count=1
2026-04-27 00:44:59,306 INFO scraper_client.infra.jd.detail_extractor - detail data already in list payload, skip detail page navigation order_id=3468209017678518 item_count=1
2026-04-27 00:44:59,306 INFO scraper_client.infra.jd.detail_extractor - detail extraction enriched_orders=100 inferred_orders=0 embedded_detail_orders=100
2026-04-27 00:44:59,347 INFO scraper_client.infra.jd.jd_scraper - jd scrape done account_id=1 orders=100 items=100 price_info=100
2026-04-27 00:45:00,389 INFO scraper_client.services.account_orchestrator - task success account_id=1 orders=100 round=93
2026-04-27 00:45:30,425 INFO scraper_client.services.account_orchestrator - no task available, sleep=10s
2026-04-27 00:45:40,462 INFO scraper_client.services.account_orchestrator - no task available, sleep=10s
2026-04-27 00:45:50,494 INFO scraper_client.services.account_orchestrator - no task available, sleep=10s
2026-04-27 00:46:00,531 INFO scraper_client.services.account_orchestrator - no task available, sleep=10s
2026-04-27 00:46:10,565 INFO scraper_client.services.account_orchestrator - no task available, sleep=10s
2026-04-27 00:46:20,598 INFO scraper_client.services.account_orchestrator - no task available, sleep=10s
2026-04-27 00:46:30,635 INFO scraper_client.services.account_orchestrator - no task available, sleep=10s
2026-04-27 00:46:40,657 INFO scraper_client.services.account_orchestrator - no task available, sleep=10s
2026-04-27 00:46:50,702 INFO scraper_client.services.account_orchestrator - no task available, sleep=10s
2026-04-27 00:47:00,739 INFO scraper_client.services.account_orchestrator - no task available, sleep=10s
2026-04-27 00:47:10,777 INFO scraper_client.services.account_orchestrator - no task available, sleep=10s
2026-04-27 00:47:20,811 INFO scraper_client.infra.jd.jd_scraper - jd scrape start account_id=2 account_name=顺成-Z max_pages=10
2026-04-27 00:47:21,683 INFO scraper_client.infra.jd.session_manager - opened isolated JD browser session account_id=2 storage_state=artifacts/storage/jd_account_2.json
2026-04-27 00:47:21,683 INFO scraper_client.infra.jd.authenticator - auth check start account_id=2 account_name=顺成-Z allow_manual_login=True force_relogin=False
2026-04-27 00:47:21,929 INFO scraper_client.infra.jd.authenticator - auth check visited order-list target=https://shop.jd.com/jdm/trade/orders/order-list?tabType=allOrders current_url=https://shop.jd.com/jdm/trade/orders/order-list?tabType=allOrders
2026-04-27 00:47:22,108 INFO scraper_client.infra.jd.authenticator - auth check passed by existing session account_id=2 no credential input needed
2026-04-27 00:47:22,109 INFO scraper_client.infra.jd.order_list_extractor - opening order list page url=https://shop.jd.com/jdm/trade/orders/order-list?tabType=allOrders
2026-04-27 00:47:24,105 INFO scraper_client.infra.jd.order_list_extractor - captured order api page_index=1 page_results=10 cumulative_pages=1 total_item=18663 page_size=10 url=https://sff.jd.com/api?v=1.0&appId=COCX0HBWR4BA7RDVDBIQ&api=dsm.order.bff.orderListBffService.queryOrderPage
2026-04-27 00:47:31,618 INFO scraper_client.infra.jd.order_list_extractor - order list first page load wait finished
2026-04-27 00:47:31,618 INFO scraper_client.infra.jd.order_list_extractor - turning page current_page=1 target_page=2
2026-04-27 00:47:31,770 INFO scraper_client.infra.jd.order_list_extractor - clicked next page selector=.jd-pagination .btn-next index=0 target=page
2026-04-27 00:47:31,883 INFO scraper_client.infra.jd.order_list_extractor - captured order api page_index=2 page_results=10 cumulative_pages=2 total_item=18663 page_size=10 url=https://sff.jd.com/api?v=1.0&appId=COCX0HBWR4BA7RDVDBIQ&api=dsm.order.bff.orderListBffService.queryOrderPage
2026-04-27 00:47:36,914 INFO scraper_client.infra.jd.order_list_extractor - page turn done current_page=2 wait_ms=5141
2026-04-27 00:47:36,914 INFO scraper_client.infra.jd.order_list_extractor - turning page current_page=2 target_page=3
2026-04-27 00:47:37,080 INFO scraper_client.infra.jd.order_list_extractor - clicked next page selector=.jd-pagination .btn-next index=0 target=page
2026-04-27 00:47:37,281 INFO scraper_client.infra.jd.order_list_extractor - captured order api page_index=3 page_results=10 cumulative_pages=3 total_item=18663 page_size=10 url=https://sff.jd.com/api?v=1.0&appId=COCX0HBWR4BA7RDVDBIQ&api=dsm.order.bff.orderListBffService.queryOrderPage
2026-04-27 00:47:43,713 INFO scraper_client.infra.jd.order_list_extractor - page turn done current_page=3 wait_ms=6629
2026-04-27 00:47:43,716 INFO scraper_client.infra.jd.order_list_extractor - turning page current_page=3 target_page=4
2026-04-27 00:47:43,905 INFO scraper_client.infra.jd.order_list_extractor - clicked next page selector=.jd-pagination .btn-next index=0 target=page
2026-04-27 00:47:44,027 INFO scraper_client.infra.jd.order_list_extractor - captured order api page_index=4 page_results=10 cumulative_pages=4 total_item=18663 page_size=10 url=https://sff.jd.com/api?v=1.0&appId=COCX0HBWR4BA7RDVDBIQ&api=dsm.order.bff.orderListBffService.queryOrderPage
2026-04-27 00:47:50,162 INFO scraper_client.infra.jd.order_list_extractor - page turn done current_page=4 wait_ms=6253
2026-04-27 00:47:50,162 INFO scraper_client.infra.jd.order_list_extractor - turning page current_page=4 target_page=5
2026-04-27 00:47:50,574 INFO scraper_client.infra.jd.order_list_extractor - clicked next page selector=.jd-pagination .btn-next index=0 target=page
2026-04-27 00:47:50,674 INFO scraper_client.infra.jd.order_list_extractor - captured order api page_index=5 page_results=10 cumulative_pages=5 total_item=18663 page_size=10 url=https://sff.jd.com/api?v=1.0&appId=COCX0HBWR4BA7RDVDBIQ&api=dsm.order.bff.orderListBffService.queryOrderPage
2026-04-27 00:47:58,207 INFO scraper_client.infra.jd.order_list_extractor - page turn done current_page=5 wait_ms=7630
2026-04-27 00:47:58,208 INFO scraper_client.infra.jd.order_list_extractor - turning page current_page=5 target_page=6
2026-04-27 00:47:58,440 INFO scraper_client.infra.jd.order_list_extractor - clicked next page selector=.jd-pagination .btn-next index=0 target=page
2026-04-27 00:47:58,554 INFO scraper_client.infra.jd.order_list_extractor - captured order api page_index=6 page_results=10 cumulative_pages=6 total_item=18663 page_size=10 url=https://sff.jd.com/api?v=1.0&appId=COCX0HBWR4BA7RDVDBIQ&api=dsm.order.bff.orderListBffService.queryOrderPage
2026-04-27 00:48:04,627 INFO scraper_client.infra.jd.order_list_extractor - page turn done current_page=6 wait_ms=6182
2026-04-27 00:48:04,627 INFO scraper_client.infra.jd.order_list_extractor - turning page current_page=6 target_page=7
2026-04-27 00:48:04,892 INFO scraper_client.infra.jd.order_list_extractor - clicked next page selector=.jd-pagination .btn-next index=0 target=page
2026-04-27 00:48:05,005 INFO scraper_client.infra.jd.order_list_extractor - captured order api page_index=7 page_results=10 cumulative_pages=7 total_item=18663 page_size=10 url=https://sff.jd.com/api?v=1.0&appId=COCX0HBWR4BA7RDVDBIQ&api=dsm.order.bff.orderListBffService.queryOrderPage
2026-04-27 00:48:12,218 INFO scraper_client.infra.jd.order_list_extractor - page turn done current_page=7 wait_ms=7322
2026-04-27 00:48:12,218 INFO scraper_client.infra.jd.order_list_extractor - turning page current_page=7 target_page=8
2026-04-27 00:48:12,898 INFO scraper_client.infra.jd.order_list_extractor - clicked next page selector=.jd-pagination .btn-next index=0 target=page
2026-04-27 00:48:13,016 INFO scraper_client.infra.jd.order_list_extractor - captured order api page_index=8 page_results=10 cumulative_pages=8 total_item=18663 page_size=10 url=https://sff.jd.com/api?v=1.0&appId=COCX0HBWR4BA7RDVDBIQ&api=dsm.order.bff.orderListBffService.queryOrderPage
2026-04-27 00:48:18,988 INFO scraper_client.infra.jd.order_list_extractor - page turn done current_page=8 wait_ms=6079
2026-04-27 00:48:18,989 INFO scraper_client.infra.jd.order_list_extractor - turning page current_page=8 target_page=9
2026-04-27 00:48:19,228 INFO scraper_client.infra.jd.order_list_extractor - clicked next page selector=.jd-pagination .btn-next index=0 target=page
2026-04-27 00:48:19,355 INFO scraper_client.infra.jd.order_list_extractor - captured order api page_index=9 page_results=10 cumulative_pages=9 total_item=18663 page_size=10 url=https://sff.jd.com/api?v=1.0&appId=COCX0HBWR4BA7RDVDBIQ&api=dsm.order.bff.orderListBffService.queryOrderPage
2026-04-27 00:48:25,289 INFO scraper_client.infra.jd.order_list_extractor - page turn done current_page=9 wait_ms=6056
2026-04-27 00:48:25,290 INFO scraper_client.infra.jd.order_list_extractor - turning page current_page=9 target_page=10
2026-04-27 00:48:25,361 INFO scraper_client.infra.jd.order_list_extractor - clicked next page selector=.jd-pagination .btn-next index=0 target=page
2026-04-27 00:48:25,473 INFO scraper_client.infra.jd.order_list_extractor - captured order api page_index=10 page_results=10 cumulative_pages=10 total_item=18663 page_size=10 url=https://sff.jd.com/api?v=1.0&appId=COCX0HBWR4BA7RDVDBIQ&api=dsm.order.bff.orderListBffService.queryOrderPage
2026-04-27 00:48:30,953 INFO scraper_client.infra.jd.order_list_extractor - page turn done current_page=10 wait_ms=5590
2026-04-27 00:48:30,953 INFO scraper_client.infra.jd.order_list_extractor - order list extracted orders=100 total_item=18663 pages_clicked=10 response_pages=10
2026-04-27 00:48:30,953 INFO scraper_client.infra.jd.detail_extractor - start detail extraction raw_orders=100
2026-04-27 00:48:30,953 INFO scraper_client.infra.jd.detail_extractor - detail data already in list payload, skip detail page navigation order_id=3481299001868152 item_count=1
2026-04-27 00:48:30,953 INFO scraper_client.infra.jd.detail_extractor - detail data already in list payload, skip detail page navigation order_id=3481275004569738 item_count=1
2026-04-27 00:48:30,953 INFO scraper_client.infra.jd.detail_extractor - detail data already in list payload, skip detail page navigation order_id=3481272017211715 item_count=1
2026-04-27 00:48:30,953 INFO scraper_client.infra.jd.detail_extractor - detail data already in list payload, skip detail page navigation order_id=3481285014994676 item_count=1
2026-04-27 00:48:30,953 INFO scraper_client.infra.jd.detail_extractor - detail data already in list payload, skip detail page navigation order_id=3481213008120514 item_count=1
2026-04-27 00:48:30,953 INFO scraper_client.infra.jd.detail_extractor - detail data already in list payload, skip detail page navigation order_id=3481243005648700 item_count=1
2026-04-27 00:48:30,953 INFO scraper_client.infra.jd.detail_extractor - detail data already in list payload, skip detail page navigation order_id=3481202004023542 item_count=1
2026-04-27 00:48:30,954 INFO scraper_client.infra.jd.detail_extractor - detail data already in list payload, skip detail page navigation order_id=3481213010143528 item_count=1
2026-04-27 00:48:30,954 INFO scraper_client.infra.jd.detail_extractor - detail data already in list payload, skip detail page navigation order_id=3481294014943138 item_count=1
2026-04-27 00:48:30,954 INFO scraper_client.infra.jd.detail_extractor - detail data already in list payload, skip detail page navigation order_id=3481245005694087 item_count=1
2026-04-27 00:48:30,954 INFO scraper_client.infra.jd.detail_extractor - detail data already in list payload, skip detail page navigation order_id=3481258019191364 item_count=1
2026-04-27 00:48:30,954 INFO scraper_client.infra.jd.detail_extractor - detail data already in list payload, skip detail page navigation order_id=3481221006524395 item_count=1
2026-04-27 00:48:30,954 INFO scraper_client.infra.jd.detail_extractor - detail data already in list payload, skip detail page navigation order_id=3481285001789772 item_count=1
2026-04-27 00:48:30,954 INFO scraper_client.infra.jd.detail_extractor - detail data already in list payload, skip detail page navigation order_id=3481273004486980 item_count=1
2026-04-27 00:48:30,954 INFO scraper_client.infra.jd.detail_extractor - detail data already in list payload, skip detail page navigation order_id=3481281001673327 item_count=1
2026-04-27 00:48:30,954 INFO scraper_client.infra.jd.detail_extractor - detail data already in list payload, skip detail page navigation order_id=3481269006112457 item_count=1
2026-04-27 00:48:30,954 INFO scraper_client.infra.jd.detail_extractor - detail data already in list payload, skip detail page navigation order_id=3481248018015027 item_count=1
2026-04-27 00:48:30,954 INFO scraper_client.infra.jd.detail_extractor - detail data already in list payload, skip detail page navigation order_id=3481214008123138 item_count=1
2026-04-27 00:48:30,954 INFO scraper_client.infra.jd.detail_extractor - detail data already in list payload, skip detail page navigation order_id=3481246005798662 item_count=1
2026-04-27 00:48:30,954 INFO scraper_client.infra.jd.detail_extractor - detail data already in list payload, skip detail page navigation order_id=3481272004544299 item_count=1
2026-04-27 00:48:30,954 INFO scraper_client.infra.jd.detail_extractor - detail data already in list payload, skip detail page navigation order_id=3481291015060231 item_count=1
2026-04-27 00:48:30,954 INFO scraper_client.infra.jd.detail_extractor - detail data already in list payload, skip detail page navigation order_id=3481287001734860 item_count=1
2026-04-27 00:48:30,954 INFO scraper_client.infra.jd.detail_extractor - detail data already in list payload, skip detail page navigation order_id=3481271017233420 item_count=1
2026-04-27 00:48:30,954 INFO scraper_client.infra.jd.detail_extractor - detail data already in list payload, skip detail page navigation order_id=3481279004486851 item_count=1
2026-04-27 00:48:30,954 INFO scraper_client.infra.jd.detail_extractor - detail data already in list payload, skip detail page navigation order_id=3481230006139344 item_count=1
2026-04-27 00:48:30,954 INFO scraper_client.infra.jd.detail_extractor - detail data already in list payload, skip detail page navigation order_id=3481224018863874 item_count=1
2026-04-27 00:48:30,954 INFO scraper_client.infra.jd.detail_extractor - detail data already in list payload, skip detail page navigation order_id=3481248018011370 item_count=1
2026-04-27 00:48:30,954 INFO scraper_client.infra.jd.detail_extractor - detail data already in list payload, skip detail page navigation order_id=3481226018854419 item_count=1
2026-04-27 00:48:30,954 INFO scraper_client.infra.jd.detail_extractor - detail data already in list payload, skip detail page navigation order_id=3481239018480003 item_count=1
2026-04-27 00:48:30,954 INFO scraper_client.infra.jd.detail_extractor - detail data already in list payload, skip detail page navigation order_id=3481289014908855 item_count=1
2026-04-27 00:48:30,954 INFO scraper_client.infra.jd.detail_extractor - detail data already in list payload, skip detail page navigation order_id=3481251006123393 item_count=1
2026-04-27 00:48:30,954 INFO scraper_client.infra.jd.detail_extractor - detail data already in list payload, skip detail page navigation order_id=3481272004546072 item_count=1
2026-04-27 00:48:30,954 INFO scraper_client.infra.jd.detail_extractor - detail data already in list payload, skip detail page navigation order_id=3481283001735905 item_count=1
2026-04-27 00:48:30,954 INFO scraper_client.infra.jd.detail_extractor - detail data already in list payload, skip detail page navigation order_id=3481235006072627 item_count=1
2026-04-27 00:48:30,954 INFO scraper_client.infra.jd.detail_extractor - detail data already in list payload, skip detail page navigation order_id=3481234005997100 item_count=1
2026-04-27 00:48:30,954 INFO scraper_client.infra.jd.detail_extractor - detail data already in list payload, skip detail page navigation order_id=3481241018157424 item_count=1
2026-04-27 00:48:30,954 INFO scraper_client.infra.jd.detail_extractor - detail data already in list payload, skip detail page navigation order_id=3481266019098398 item_count=1
2026-04-27 00:48:30,954 INFO scraper_client.infra.jd.detail_extractor - detail data already in list payload, skip detail page navigation order_id=3481236006041941 item_count=1
2026-04-27 00:48:30,954 INFO scraper_client.infra.jd.detail_extractor - detail data already in list payload, skip detail page navigation order_id=3481213008114716 item_count=1
2026-04-27 00:48:30,954 INFO scraper_client.infra.jd.detail_extractor - detail data already in list payload, skip detail page navigation order_id=3481251019203375 item_count=1
2026-04-27 00:48:30,954 INFO scraper_client.infra.jd.detail_extractor - detail data already in list payload, skip detail page navigation order_id=3481228018838310 item_count=1
2026-04-27 00:48:30,954 INFO scraper_client.infra.jd.detail_extractor - detail data already in list payload, skip detail page navigation order_id=3481248005536819 item_count=1
2026-04-27 00:48:30,954 INFO scraper_client.infra.jd.detail_extractor - detail data already in list payload, skip detail page navigation order_id=3481251006126184 item_count=1
2026-04-27 00:48:30,954 INFO scraper_client.infra.jd.detail_extractor - detail data already in list payload, skip detail page navigation order_id=3481298001896906 item_count=1
2026-04-27 00:48:30,954 INFO scraper_client.infra.jd.detail_extractor - detail data already in list payload, skip detail page navigation order_id=3481295001829719 item_count=1
2026-04-27 00:48:30,954 INFO scraper_client.infra.jd.detail_extractor - detail data already in list payload, skip detail page navigation order_id=3481227018748170 item_count=1
2026-04-27 00:48:30,954 INFO scraper_client.infra.jd.detail_extractor - detail data already in list payload, skip detail page navigation order_id=3481265019112607 item_count=1
2026-04-27 00:48:30,954 INFO scraper_client.infra.jd.detail_extractor - detail data already in list payload, skip detail page navigation order_id=3481200005879948 item_count=1
2026-04-27 00:48:30,954 INFO scraper_client.infra.jd.detail_extractor - detail data already in list payload, skip detail page navigation order_id=3481261005960223 item_count=1
2026-04-27 00:48:30,954 INFO scraper_client.infra.jd.detail_extractor - detail data already in list payload, skip detail page navigation order_id=3481290001689239 item_count=1
2026-04-27 00:48:30,954 INFO scraper_client.infra.jd.detail_extractor - detail data already in list payload, skip detail page navigation order_id=3481289001719750 item_count=1
2026-04-27 00:48:30,954 INFO scraper_client.infra.jd.detail_extractor - detail data already in list payload, skip detail page navigation order_id=3481203014882517 item_count=1
2026-04-27 00:48:30,954 INFO scraper_client.infra.jd.detail_extractor - detail data already in list payload, skip detail page navigation order_id=3481203003921850 item_count=1
2026-04-27 00:48:30,955 INFO scraper_client.infra.jd.detail_extractor - detail data already in list payload, skip detail page navigation order_id=3481205011148036 item_count=1
2026-04-27 00:48:30,955 INFO scraper_client.infra.jd.detail_extractor - detail data already in list payload, skip detail page navigation order_id=3481222018804288 item_count=1
2026-04-27 00:48:30,955 INFO scraper_client.infra.jd.detail_extractor - detail data already in list payload, skip detail page navigation order_id=3481214010140355 item_count=1
2026-04-27 00:48:30,955 INFO scraper_client.infra.jd.detail_extractor - detail data already in list payload, skip detail page navigation order_id=3481224018867557 item_count=1
2026-04-27 00:48:30,955 INFO scraper_client.infra.jd.detail_extractor - detail data already in list payload, skip detail page navigation order_id=3481284001782467 item_count=1
2026-04-27 00:48:30,955 INFO scraper_client.infra.jd.detail_extractor - detail data already in list payload, skip detail page navigation order_id=3481262005999254 item_count=1
2026-04-27 00:48:30,955 INFO scraper_client.infra.jd.detail_extractor - detail data already in list payload, skip detail page navigation order_id=3481225018712562 item_count=1
2026-04-27 00:48:30,955 INFO scraper_client.infra.jd.detail_extractor - detail data already in list payload, skip detail page navigation order_id=3481276004527538 item_count=1
2026-04-27 00:48:30,955 INFO scraper_client.infra.jd.detail_extractor - detail data already in list payload, skip detail page navigation order_id=3481223006514084 item_count=1
2026-04-27 00:48:30,955 INFO scraper_client.infra.jd.detail_extractor - detail data already in list payload, skip detail page navigation order_id=3481261019057349 item_count=1
2026-04-27 00:48:30,955 INFO scraper_client.infra.jd.detail_extractor - detail data already in list payload, skip detail page navigation order_id=3481267006050396 item_count=1
2026-04-27 00:48:30,955 INFO scraper_client.infra.jd.detail_extractor - detail data already in list payload, skip detail page navigation order_id=3481202004015562 item_count=1
2026-04-27 00:48:30,955 INFO scraper_client.infra.jd.detail_extractor - detail data already in list payload, skip detail page navigation order_id=3480233006182457 item_count=1
2026-04-27 00:48:30,955 INFO scraper_client.infra.jd.detail_extractor - detail data already in list payload, skip detail page navigation order_id=3480282001804574 item_count=1
2026-04-27 00:48:30,955 INFO scraper_client.infra.jd.detail_extractor - detail data already in list payload, skip detail page navigation order_id=3480249005615744 item_count=1
2026-04-27 00:48:30,955 INFO scraper_client.infra.jd.detail_extractor - detail data already in list payload, skip detail page navigation order_id=3480210008117719 item_count=1
2026-04-27 00:48:30,955 INFO scraper_client.infra.jd.detail_extractor - detail data already in list payload, skip detail page navigation order_id=3480283014922077 item_count=1
2026-04-27 00:48:30,955 INFO scraper_client.infra.jd.detail_extractor - detail data already in list payload, skip detail page navigation order_id=3480214008101848 item_count=1
2026-04-27 00:48:30,955 INFO scraper_client.infra.jd.detail_extractor - detail data already in list payload, skip detail page navigation order_id=3480217007304555 item_count=1
2026-04-27 00:48:30,955 INFO scraper_client.infra.jd.detail_extractor - detail data already in list payload, skip detail page navigation order_id=3480220018789737 item_count=1
2026-04-27 00:48:30,955 INFO scraper_client.infra.jd.detail_extractor - detail data already in list payload, skip detail page navigation order_id=3480245005684086 item_count=1
2026-04-27 00:48:30,955 INFO scraper_client.infra.jd.detail_extractor - detail data already in list payload, skip detail page navigation order_id=3480297015010601 item_count=1
2026-04-27 00:48:30,955 INFO scraper_client.infra.jd.detail_extractor - detail data already in list payload, skip detail page navigation order_id=3480298001893718 item_count=1
2026-04-27 00:48:30,955 INFO scraper_client.infra.jd.detail_extractor - detail data already in list payload, skip detail page navigation order_id=3480222006457555 item_count=1
2026-04-27 00:48:30,955 INFO scraper_client.infra.jd.detail_extractor - detail data already in list payload, skip detail page navigation order_id=3480269019146867 item_count=1
2026-04-27 00:48:30,955 INFO scraper_client.infra.jd.detail_extractor - detail data already in list payload, skip detail page navigation order_id=3480272017206806 item_count=1
2026-04-27 00:48:30,955 INFO scraper_client.infra.jd.detail_extractor - detail data already in list payload, skip detail page navigation order_id=3480247018145139 item_count=1
2026-04-27 00:48:30,955 INFO scraper_client.infra.jd.detail_extractor - detail data already in list payload, skip detail page navigation order_id=3480297015021114 item_count=1
2026-04-27 00:48:30,955 INFO scraper_client.infra.jd.detail_extractor - detail data already in list payload, skip detail page navigation order_id=3480252006057821 item_count=1
2026-04-27 00:48:30,955 INFO scraper_client.infra.jd.detail_extractor - detail data already in list payload, skip detail page navigation order_id=3480276004528322 item_count=1
2026-04-27 00:48:30,955 INFO scraper_client.infra.jd.detail_extractor - detail data already in list payload, skip detail page navigation order_id=3480252019157101 item_count=1
2026-04-27 00:48:30,955 INFO scraper_client.infra.jd.detail_extractor - detail data already in list payload, skip detail page navigation order_id=3480297015005737 item_count=1
2026-04-27 00:48:30,955 INFO scraper_client.infra.jd.detail_extractor - detail data already in list payload, skip detail page navigation order_id=3480218007382578 item_count=1
2026-04-27 00:48:30,955 INFO scraper_client.infra.jd.detail_extractor - detail data already in list payload, skip detail page navigation order_id=3480252006064330 item_count=1
2026-04-27 00:48:30,955 INFO scraper_client.infra.jd.detail_extractor - detail data already in list payload, skip detail page navigation order_id=3480233018537803 item_count=1
2026-04-27 00:48:30,955 INFO scraper_client.infra.jd.detail_extractor - detail data already in list payload, skip detail page navigation order_id=3480266019087957 item_count=1
2026-04-27 00:48:30,955 INFO scraper_client.infra.jd.detail_extractor - detail data already in list payload, skip detail page navigation order_id=3480229006459558 item_count=1
2026-04-27 00:48:30,955 INFO scraper_client.infra.jd.detail_extractor - detail data already in list payload, skip detail page navigation order_id=3480265006031173 item_count=1
2026-04-27 00:48:30,955 INFO scraper_client.infra.jd.detail_extractor - detail data already in list payload, skip detail page navigation order_id=3480252006062400 item_count=1
2026-04-27 00:48:30,955 INFO scraper_client.infra.jd.detail_extractor - detail data already in list payload, skip detail page navigation order_id=3480255006172619 item_count=1
2026-04-27 00:48:30,955 INFO scraper_client.infra.jd.detail_extractor - detail data already in list payload, skip detail page navigation order_id=3480238018385999 item_count=1
2026-04-27 00:48:30,955 INFO scraper_client.infra.jd.detail_extractor - detail data already in list payload, skip detail page navigation order_id=3480222006455531 item_count=1
2026-04-27 00:48:30,955 INFO scraper_client.infra.jd.detail_extractor - detail data already in list payload, skip detail page navigation order_id=3480275017229480 item_count=1
2026-04-27 00:48:30,955 INFO scraper_client.infra.jd.detail_extractor - detail data already in list payload, skip detail page navigation order_id=3480282001792858 item_count=1
2026-04-27 00:48:30,955 INFO scraper_client.infra.jd.detail_extractor - detail data already in list payload, skip detail page navigation order_id=3480278004584412 item_count=1
2026-04-27 00:48:30,955 INFO scraper_client.infra.jd.detail_extractor - detail data already in list payload, skip detail page navigation order_id=3480294001774361 item_count=1
2026-04-27 00:48:30,956 INFO scraper_client.infra.jd.detail_extractor - detail data already in list payload, skip detail page navigation order_id=3480296001812759 item_count=1
2026-04-27 00:48:30,956 INFO scraper_client.infra.jd.detail_extractor - detail extraction enriched_orders=100 inferred_orders=0 embedded_detail_orders=100
2026-04-27 00:48:30,957 INFO scraper_client.infra.jd.jd_scraper - jd scrape done account_id=2 orders=100 items=100 price_info=100
2026-04-27 00:48:31,683 INFO scraper_client.services.account_orchestrator - task success account_id=2 orders=100 round=94
2026-04-27 00:49:01,745 INFO scraper_client.infra.jd.jd_scraper - jd scrape start account_id=1 account_name=钰谢-老板 max_pages=10
2026-04-27 00:49:02,509 INFO scraper_client.infra.jd.session_manager - opened isolated JD browser session account_id=1 storage_state=artifacts/storage/jd_account_1.json
2026-04-27 00:49:02,509 INFO scraper_client.infra.jd.authenticator - auth check start account_id=1 account_name=钰谢-老板 allow_manual_login=True force_relogin=False
2026-04-27 00:49:02,790 INFO scraper_client.infra.jd.authenticator - auth check visited order-list target=https://shop.jd.com/jdm/trade/orders/order-list?tabType=allOrders current_url=https://shop.jd.com/jdm/trade/orders/order-list?tabType=allOrders
2026-04-27 00:49:02,989 INFO scraper_client.infra.jd.authenticator - auth check passed by existing session account_id=1 no credential input needed
2026-04-27 00:49:02,989 INFO scraper_client.infra.jd.order_list_extractor - opening order list page url=https://shop.jd.com/jdm/trade/orders/order-list?tabType=allOrders
2026-04-27 00:49:05,241 INFO scraper_client.infra.jd.order_list_extractor - captured order api page_index=1 page_results=10 cumulative_pages=1 total_item=3326 page_size=10 url=https://sff.jd.com/api?v=1.0&appId=COCX0HBWR4BA7RDVDBIQ&api=dsm.order.bff.orderListBffService.queryOrderPage
2026-04-27 00:49:11,157 INFO scraper_client.infra.jd.order_list_extractor - order list first page load wait finished
2026-04-27 00:49:11,158 INFO scraper_client.infra.jd.order_list_extractor - turning page current_page=1 target_page=2
2026-04-27 00:49:11,402 INFO scraper_client.infra.jd.order_list_extractor - clicked next page selector=.jd-pagination .btn-next index=0 target=page
2026-04-27 00:49:11,557 INFO scraper_client.infra.jd.order_list_extractor - captured order api page_index=2 page_results=10 cumulative_pages=2 total_item=3326 page_size=10 url=https://sff.jd.com/api?v=1.0&appId=COCX0HBWR4BA7RDVDBIQ&api=dsm.order.bff.orderListBffService.queryOrderPage
2026-04-27 00:49:16,855 INFO scraper_client.infra.jd.order_list_extractor - page turn done current_page=2 wait_ms=5447
2026-04-27 00:49:16,856 INFO scraper_client.infra.jd.order_list_extractor - turning page current_page=2 target_page=3
2026-04-27 00:49:17,022 INFO scraper_client.infra.jd.order_list_extractor - clicked next page selector=.jd-pagination .btn-next index=0 target=page
2026-04-27 00:49:17,160 INFO scraper_client.infra.jd.order_list_extractor - captured order api page_index=3 page_results=10 cumulative_pages=3 total_item=3326 page_size=10 url=https://sff.jd.com/api?v=1.0&appId=COCX0HBWR4BA7RDVDBIQ&api=dsm.order.bff.orderListBffService.queryOrderPage
2026-04-27 00:49:24,196 INFO scraper_client.infra.jd.order_list_extractor - page turn done current_page=3 wait_ms=7173
2026-04-27 00:49:24,198 INFO scraper_client.infra.jd.order_list_extractor - turning page current_page=3 target_page=4
2026-04-27 00:49:24,391 INFO scraper_client.infra.jd.order_list_extractor - clicked next page selector=.jd-pagination .btn-next index=0 target=page
2026-04-27 00:49:24,546 INFO scraper_client.infra.jd.order_list_extractor - captured order api page_index=4 page_results=10 cumulative_pages=4 total_item=3326 page_size=10 url=https://sff.jd.com/api?v=1.0&appId=COCX0HBWR4BA7RDVDBIQ&api=dsm.order.bff.orderListBffService.queryOrderPage
2026-04-27 00:49:30,291 INFO scraper_client.infra.jd.order_list_extractor - page turn done current_page=4 wait_ms=5896
2026-04-27 00:49:30,292 INFO scraper_client.infra.jd.order_list_extractor - turning page current_page=4 target_page=5
2026-04-27 00:49:30,526 INFO scraper_client.infra.jd.order_list_extractor - clicked next page selector=.jd-pagination .btn-next index=0 target=page
2026-04-27 00:49:30,675 INFO scraper_client.infra.jd.order_list_extractor - captured order api page_index=5 page_results=10 cumulative_pages=5 total_item=3326 page_size=10 url=https://sff.jd.com/api?v=1.0&appId=COCX0HBWR4BA7RDVDBIQ&api=dsm.order.bff.orderListBffService.queryOrderPage
2026-04-27 00:49:37,039 INFO scraper_client.infra.jd.order_list_extractor - page turn done current_page=5 wait_ms=6509
2026-04-27 00:49:37,040 INFO scraper_client.infra.jd.order_list_extractor - turning page current_page=5 target_page=6
2026-04-27 00:49:37,209 INFO scraper_client.infra.jd.order_list_extractor - clicked next page selector=.jd-pagination .btn-next index=0 target=page
2026-04-27 00:49:37,359 INFO scraper_client.infra.jd.order_list_extractor - captured order api page_index=6 page_results=10 cumulative_pages=6 total_item=3326 page_size=10 url=https://sff.jd.com/api?v=1.0&appId=COCX0HBWR4BA7RDVDBIQ&api=dsm.order.bff.orderListBffService.queryOrderPage
2026-04-27 00:49:43,308 INFO scraper_client.infra.jd.order_list_extractor - page turn done current_page=6 wait_ms=6095
2026-04-27 00:49:43,308 INFO scraper_client.infra.jd.order_list_extractor - turning page current_page=6 target_page=7
2026-04-27 00:49:43,626 INFO scraper_client.infra.jd.order_list_extractor - clicked next page selector=.jd-pagination .btn-next index=0 target=page
2026-04-27 00:49:43,771 INFO scraper_client.infra.jd.order_list_extractor - captured order api page_index=7 page_results=10 cumulative_pages=7 total_item=3326 page_size=10 url=https://sff.jd.com/api?v=1.0&appId=COCX0HBWR4BA7RDVDBIQ&api=dsm.order.bff.orderListBffService.queryOrderPage
2026-04-27 00:49:48,940 INFO scraper_client.infra.jd.order_list_extractor - page turn done current_page=7 wait_ms=5311
2026-04-27 00:49:48,941 INFO scraper_client.infra.jd.order_list_extractor - turning page current_page=7 target_page=8
2026-04-27 00:49:49,200 INFO scraper_client.infra.jd.order_list_extractor - clicked next page selector=.jd-pagination .btn-next index=0 target=page
2026-04-27 00:49:49,340 INFO scraper_client.infra.jd.order_list_extractor - captured order api page_index=8 page_results=10 cumulative_pages=8 total_item=3326 page_size=10 url=https://sff.jd.com/api?v=1.0&appId=COCX0HBWR4BA7RDVDBIQ&api=dsm.order.bff.orderListBffService.queryOrderPage
2026-04-27 00:49:55,838 INFO scraper_client.infra.jd.order_list_extractor - page turn done current_page=8 wait_ms=6636
2026-04-27 00:49:55,839 INFO scraper_client.infra.jd.order_list_extractor - turning page current_page=8 target_page=9
2026-04-27 00:49:56,021 INFO scraper_client.infra.jd.order_list_extractor - clicked next page selector=.jd-pagination .btn-next index=0 target=page
2026-04-27 00:49:56,166 INFO scraper_client.infra.jd.order_list_extractor - captured order api page_index=9 page_results=10 cumulative_pages=9 total_item=3326 page_size=10 url=https://sff.jd.com/api?v=1.0&appId=COCX0HBWR4BA7RDVDBIQ&api=dsm.order.bff.orderListBffService.queryOrderPage
2026-04-27 00:50:02,050 INFO scraper_client.infra.jd.order_list_extractor - page turn done current_page=9 wait_ms=6026
2026-04-27 00:50:02,051 INFO scraper_client.infra.jd.order_list_extractor - turning page current_page=9 target_page=10
2026-04-27 00:50:02,225 INFO scraper_client.infra.jd.order_list_extractor - clicked next page selector=.jd-pagination .btn-next index=0 target=page
2026-04-27 00:50:02,395 INFO scraper_client.infra.jd.order_list_extractor - captured order api page_index=10 page_results=10 cumulative_pages=10 total_item=3326 page_size=10 url=https://sff.jd.com/api?v=1.0&appId=COCX0HBWR4BA7RDVDBIQ&api=dsm.order.bff.orderListBffService.queryOrderPage
2026-04-27 00:50:07,753 INFO scraper_client.infra.jd.order_list_extractor - page turn done current_page=10 wait_ms=5524
2026-04-27 00:50:07,756 INFO scraper_client.infra.jd.order_list_extractor - order list extracted orders=100 total_item=3326 pages_clicked=10 response_pages=10
2026-04-27 00:50:07,756 INFO scraper_client.infra.jd.detail_extractor - start detail extraction raw_orders=100
2026-04-27 00:50:07,756 INFO scraper_client.infra.jd.detail_extractor - detail data already in list payload, skip detail page navigation order_id=3480287001650742 item_count=1
2026-04-27 00:50:07,756 INFO scraper_client.infra.jd.detail_extractor - detail data already in list payload, skip detail page navigation order_id=3480274004564756 item_count=1
2026-04-27 00:50:07,756 INFO scraper_client.infra.jd.detail_extractor - detail data already in list payload, skip detail page navigation order_id=3480287014827884 item_count=1
2026-04-27 00:50:07,756 INFO scraper_client.infra.jd.detail_extractor - detail data already in list payload, skip detail page navigation order_id=3480299014915423 item_count=1
2026-04-27 00:50:07,757 INFO scraper_client.infra.jd.detail_extractor - detail data already in list payload, skip detail page navigation order_id=3480201014962528 item_count=1
2026-04-27 00:50:07,757 INFO scraper_client.infra.jd.detail_extractor - detail data already in list payload, skip detail page navigation order_id=3480200005545512 item_count=1
2026-04-27 00:50:07,757 INFO scraper_client.infra.jd.detail_extractor - detail data already in list payload, skip detail page navigation order_id=3479271004237154 item_count=1
2026-04-27 00:50:07,757 INFO scraper_client.infra.jd.detail_extractor - detail data already in list payload, skip detail page navigation order_id=3479236018078442 item_count=1
2026-04-27 00:50:07,757 INFO scraper_client.infra.jd.detail_extractor - detail data already in list payload, skip detail page navigation order_id=3478287000839207 item_count=1
2026-04-27 00:50:07,757 INFO scraper_client.infra.jd.detail_extractor - detail data already in list payload, skip detail page navigation order_id=3478269018230395 item_count=1
2026-04-27 00:50:07,757 INFO scraper_client.infra.jd.detail_extractor - detail data already in list payload, skip detail page navigation order_id=3477224017895151 item_count=1
2026-04-27 00:50:07,757 INFO scraper_client.infra.jd.detail_extractor - detail data already in list payload, skip detail page navigation order_id=3477203002582430 item_count=1
2026-04-27 00:50:07,757 INFO scraper_client.infra.jd.detail_extractor - detail data already in list payload, skip detail page navigation order_id=3477203002593250 item_count=1
2026-04-27 00:50:07,757 INFO scraper_client.infra.jd.detail_extractor - detail data already in list payload, skip detail page navigation order_id=3477273016061140 item_count=1
2026-04-27 00:50:07,757 INFO scraper_client.infra.jd.detail_extractor - detail data already in list payload, skip detail page navigation order_id=3477271016097317 item_count=1
2026-04-27 00:50:07,757 INFO scraper_client.infra.jd.detail_extractor - detail data already in list payload, skip detail page navigation order_id=3476234004613110 item_count=1
2026-04-27 00:50:07,757 INFO scraper_client.infra.jd.detail_extractor - detail data already in list payload, skip detail page navigation order_id=3476242016926244 item_count=1
2026-04-27 00:50:07,758 INFO scraper_client.infra.jd.detail_extractor - detail data already in list payload, skip detail page navigation order_id=3476237017251387 item_count=1
2026-04-27 00:50:07,758 INFO scraper_client.infra.jd.detail_extractor - detail data already in list payload, skip detail page navigation order_id=3475287000043393 item_count=1
2026-04-27 00:50:07,758 INFO scraper_client.infra.jd.detail_extractor - detail data already in list payload, skip detail page navigation order_id=3475223004728035 item_count=1
2026-04-27 00:50:07,758 INFO scraper_client.infra.jd.detail_extractor - detail data already in list payload, skip detail page navigation order_id=3475257004279447 item_count=1
2026-04-27 00:50:07,758 INFO scraper_client.infra.jd.detail_extractor - detail data already in list payload, skip detail page navigation order_id=3475291013507008 item_count=1
2026-04-27 00:50:07,758 INFO scraper_client.infra.jd.detail_extractor - detail data already in list payload, skip detail page navigation order_id=3475250017547366 item_count=1
2026-04-27 00:50:07,758 INFO scraper_client.infra.jd.detail_extractor - detail data already in list payload, skip detail page navigation order_id=3475235004071780 item_count=1
2026-04-27 00:50:07,759 INFO scraper_client.infra.jd.detail_extractor - detail data already in list payload, skip detail page navigation order_id=3474223004468865 item_count=1
2026-04-27 00:50:07,759 INFO scraper_client.infra.jd.detail_extractor - detail data already in list payload, skip detail page navigation order_id=3474215005436506 item_count=1
2026-04-27 00:50:07,759 INFO scraper_client.infra.jd.detail_extractor - detail data already in list payload, skip detail page navigation order_id=3474206007733065 item_count=1
2026-04-27 00:50:07,759 INFO scraper_client.infra.jd.detail_extractor - detail data already in list payload, skip detail page navigation order_id=3474250017431225 item_count=1
2026-04-27 00:50:07,759 INFO scraper_client.infra.jd.detail_extractor - detail data already in list payload, skip detail page navigation order_id=3474238003918827 item_count=1
2026-04-27 00:50:07,759 INFO scraper_client.infra.jd.detail_extractor - detail data already in list payload, skip detail page navigation order_id=3474282009713511 item_count=1
2026-04-27 00:50:07,759 INFO scraper_client.infra.jd.detail_extractor - detail data already in list payload, skip detail page navigation order_id=3474289013147908 item_count=1
2026-04-27 00:50:07,759 INFO scraper_client.infra.jd.detail_extractor - detail data already in list payload, skip detail page navigation order_id=3474264003751467 item_count=1
2026-04-27 00:50:07,759 INFO scraper_client.infra.jd.detail_extractor - detail data already in list payload, skip detail page navigation order_id=3474238016641424 item_count=1
2026-04-27 00:50:07,760 INFO scraper_client.infra.jd.detail_extractor - detail data already in list payload, skip detail page navigation order_id=3474238016641370 item_count=1
2026-04-27 00:50:07,760 INFO scraper_client.infra.jd.detail_extractor - detail data already in list payload, skip detail page navigation order_id=3474230016701774 item_count=1
2026-04-27 00:50:07,760 INFO scraper_client.infra.jd.detail_extractor - detail data already in list payload, skip detail page navigation order_id=3474206019725183 item_count=1
2026-04-27 00:50:07,760 INFO scraper_client.infra.jd.detail_extractor - detail data already in list payload, skip detail page navigation order_id=3474274002370469 item_count=1
2026-04-27 00:50:07,760 INFO scraper_client.infra.jd.detail_extractor - detail data already in list payload, skip detail page navigation order_id=3473222016839412 item_count=1
2026-04-27 00:50:07,760 INFO scraper_client.infra.jd.detail_extractor - detail data already in list payload, skip detail page navigation order_id=3473212018215510 item_count=1
2026-04-27 00:50:07,761 INFO scraper_client.infra.jd.detail_extractor - detail data already in list payload, skip detail page navigation order_id=3473263017048232 item_count=1
2026-04-27 00:50:07,761 INFO scraper_client.infra.jd.detail_extractor - detail data already in list payload, skip detail page navigation order_id=3473209019075015 item_count=1
2026-04-27 00:50:07,761 INFO scraper_client.infra.jd.detail_extractor - detail data already in list payload, skip detail page navigation order_id=3473268003567690 item_count=1
2026-04-27 00:50:07,761 INFO scraper_client.infra.jd.detail_extractor - detail data already in list payload, skip detail page navigation order_id=3473294012870833 item_count=1
2026-04-27 00:50:07,761 INFO scraper_client.infra.jd.detail_extractor - detail data already in list payload, skip detail page navigation order_id=3473230003533123 item_count=1
2026-04-27 00:50:07,761 INFO scraper_client.infra.jd.detail_extractor - detail data already in list payload, skip detail page navigation order_id=3472204012563123 item_count=1
2026-04-27 00:50:07,761 INFO scraper_client.infra.jd.detail_extractor - detail data already in list payload, skip detail page navigation order_id=3471218017020950 item_count=1
2026-04-27 00:50:07,761 INFO scraper_client.infra.jd.detail_extractor - detail data already in list payload, skip detail page navigation order_id=3471289012318930 item_count=1
2026-04-27 00:50:07,762 INFO scraper_client.infra.jd.detail_extractor - detail data already in list payload, skip detail page navigation order_id=3471219016905965 item_count=1
2026-04-27 00:50:07,762 INFO scraper_client.infra.jd.detail_extractor - detail data already in list payload, skip detail page navigation order_id=3470227015967773 item_count=1
2026-04-27 00:50:07,762 INFO scraper_client.infra.jd.detail_extractor - detail data already in list payload, skip detail page navigation order_id=3470224016058122 item_count=1
2026-04-27 00:50:07,762 INFO scraper_client.infra.jd.detail_extractor - detail data already in list payload, skip detail page navigation order_id=3470299012247045 item_count=1
2026-04-27 00:50:07,762 INFO scraper_client.infra.jd.detail_extractor - detail data already in list payload, skip detail page navigation order_id=3470270014375463 item_count=1
2026-04-27 00:50:07,762 INFO scraper_client.infra.jd.detail_extractor - detail data already in list payload, skip detail page navigation order_id=3470244002252649 item_count=1
2026-04-27 00:50:07,762 INFO scraper_client.infra.jd.detail_extractor - detail data already in list payload, skip detail page navigation order_id=3470201012301965 item_count=1
2026-04-27 00:50:07,762 INFO scraper_client.infra.jd.detail_extractor - detail data already in list payload, skip detail page navigation order_id=3470285008364939 item_count=1
2026-04-27 00:50:07,762 INFO scraper_client.infra.jd.detail_extractor - detail data already in list payload, skip detail page navigation order_id=3470295012163326 item_count=1
2026-04-27 00:50:07,762 INFO scraper_client.infra.jd.detail_extractor - detail data already in list payload, skip detail page navigation order_id=3470200002358771 item_count=1
2026-04-27 00:50:07,762 INFO scraper_client.infra.jd.detail_extractor - detail data already in list payload, skip detail page navigation order_id=3470246002233235 item_count=1
2026-04-27 00:50:07,762 INFO scraper_client.infra.jd.detail_extractor - detail data already in list payload, skip detail page navigation order_id=3470270001018735 item_count=1
2026-04-27 00:50:07,763 INFO scraper_client.infra.jd.detail_extractor - detail data already in list payload, skip detail page navigation order_id=3470262002311204 item_count=1
2026-04-27 00:50:07,763 INFO scraper_client.infra.jd.detail_extractor - detail data already in list payload, skip detail page navigation order_id=3470269015988223 item_count=1
2026-04-27 00:50:07,763 INFO scraper_client.infra.jd.detail_extractor - detail data already in list payload, skip detail page navigation order_id=3470207005990100 item_count=1
2026-04-27 00:50:07,763 INFO scraper_client.infra.jd.detail_extractor - detail data already in list payload, skip detail page navigation order_id=3470255002477855 item_count=1
2026-04-27 00:50:07,763 INFO scraper_client.infra.jd.detail_extractor - detail data already in list payload, skip detail page navigation order_id=3470225002850395 item_count=1
2026-04-27 00:50:07,763 INFO scraper_client.infra.jd.detail_extractor - detail data already in list payload, skip detail page navigation order_id=3470239002521848 item_count=1
2026-04-27 00:50:07,763 INFO scraper_client.infra.jd.detail_extractor - detail data already in list payload, skip detail page navigation order_id=3470252002328883 item_count=1
2026-04-27 00:50:07,763 INFO scraper_client.infra.jd.detail_extractor - detail data already in list payload, skip detail page navigation order_id=3469278014217281 item_count=1
2026-04-27 00:50:07,763 INFO scraper_client.infra.jd.detail_extractor - detail data already in list payload, skip detail page navigation order_id=3469255002405403 item_count=1
2026-04-27 00:50:07,763 INFO scraper_client.infra.jd.detail_extractor - detail data already in list payload, skip detail page navigation order_id=3469263015913437 item_count=1
2026-04-27 00:50:07,763 INFO scraper_client.infra.jd.detail_extractor - detail data already in list payload, skip detail page navigation order_id=3469263002257262 item_count=1
2026-04-27 00:50:07,764 INFO scraper_client.infra.jd.detail_extractor - detail data already in list payload, skip detail page navigation order_id=3469244001971165 item_count=1
2026-04-27 00:50:07,764 INFO scraper_client.infra.jd.detail_extractor - detail data already in list payload, skip detail page navigation order_id=3469285011900353 item_count=1
2026-04-27 00:50:07,764 INFO scraper_client.infra.jd.detail_extractor - detail data already in list payload, skip detail page navigation order_id=3469215003773013 item_count=1
2026-04-27 00:50:07,764 INFO scraper_client.infra.jd.detail_extractor - detail data already in list payload, skip detail page navigation order_id=3469239002377663 item_count=1
2026-04-27 00:50:07,766 INFO scraper_client.infra.jd.detail_extractor - detail data already in list payload, skip detail page navigation order_id=3469286008085361 item_count=1
2026-04-27 00:50:07,766 INFO scraper_client.infra.jd.detail_extractor - detail data already in list payload, skip detail page navigation order_id=3469235002174646 item_count=1
2026-04-27 00:50:07,766 INFO scraper_client.infra.jd.detail_extractor - detail data already in list payload, skip detail page navigation order_id=3469217016216463 item_count=1
2026-04-27 00:50:07,767 INFO scraper_client.infra.jd.detail_extractor - detail data already in list payload, skip detail page navigation order_id=3469208017952082 item_count=1
2026-04-27 00:50:07,767 INFO scraper_client.infra.jd.detail_extractor - detail data already in list payload, skip detail page navigation order_id=3469243001718532 item_count=1
2026-04-27 00:50:07,767 INFO scraper_client.infra.jd.detail_extractor - detail data already in list payload, skip detail page navigation order_id=3469225002481262 item_count=1
2026-04-27 00:50:07,767 INFO scraper_client.infra.jd.detail_extractor - detail data already in list payload, skip detail page navigation order_id=3469262001905180 item_count=1
2026-04-27 00:50:07,767 INFO scraper_client.infra.jd.detail_extractor - detail data already in list payload, skip detail page navigation order_id=3468281011600507 item_count=1
2026-04-27 00:50:07,767 INFO scraper_client.infra.jd.detail_extractor - detail data already in list payload, skip detail page navigation order_id=3468223002546665 item_count=1
2026-04-27 00:50:07,767 INFO scraper_client.infra.jd.detail_extractor - detail data already in list payload, skip detail page navigation order_id=3468223015503868 item_count=1
2026-04-27 00:50:07,767 INFO scraper_client.infra.jd.detail_extractor - detail data already in list payload, skip detail page navigation order_id=3468211016834375 item_count=1
2026-04-27 00:50:07,767 INFO scraper_client.infra.jd.detail_extractor - detail data already in list payload, skip detail page navigation order_id=3468292007727417 item_count=1
2026-04-27 00:50:07,767 INFO scraper_client.infra.jd.detail_extractor - detail data already in list payload, skip detail page navigation order_id=3468278013901464 item_count=1
2026-04-27 00:50:07,767 INFO scraper_client.infra.jd.detail_extractor - detail data already in list payload, skip detail page navigation order_id=3468237002060296 item_count=1
2026-04-27 00:50:07,767 INFO scraper_client.infra.jd.detail_extractor - detail data already in list payload, skip detail page navigation order_id=3468251001950079 item_count=1
2026-04-27 00:50:07,767 INFO scraper_client.infra.jd.detail_extractor - detail data already in list payload, skip detail page navigation order_id=3468274013980575 item_count=1
2026-04-27 00:50:07,767 INFO scraper_client.infra.jd.detail_extractor - detail data already in list payload, skip detail page navigation order_id=3468220015414340 item_count=1
2026-04-27 00:50:07,767 INFO scraper_client.infra.jd.detail_extractor - detail data already in list payload, skip detail page navigation order_id=3468268015589166 item_count=1
2026-04-27 00:50:07,767 INFO scraper_client.infra.jd.detail_extractor - detail data already in list payload, skip detail page navigation order_id=3468296007768668 item_count=1
2026-04-27 00:50:07,767 INFO scraper_client.infra.jd.detail_extractor - detail data already in list payload, skip detail page navigation order_id=3468256015579562 item_count=1
2026-04-27 00:50:07,767 INFO scraper_client.infra.jd.detail_extractor - detail data already in list payload, skip detail page navigation order_id=3468229002423709 item_count=1
2026-04-27 00:50:07,767 INFO scraper_client.infra.jd.detail_extractor - detail data already in list payload, skip detail page navigation order_id=3468255001974498 item_count=1
2026-04-27 00:50:07,768 INFO scraper_client.infra.jd.detail_extractor - detail data already in list payload, skip detail page navigation order_id=3468279013816660 item_count=1
2026-04-27 00:50:07,768 INFO scraper_client.infra.jd.detail_extractor - detail data already in list payload, skip detail page navigation order_id=3468291007804968 item_count=1
2026-04-27 00:50:07,768 INFO scraper_client.infra.jd.detail_extractor - detail data already in list payload, skip detail page navigation order_id=3468261001747449 item_count=1
2026-04-27 00:50:07,768 INFO scraper_client.infra.jd.detail_extractor - detail data already in list payload, skip detail page navigation order_id=3468209017678518 item_count=1
2026-04-27 00:50:07,768 INFO scraper_client.infra.jd.detail_extractor - detail extraction enriched_orders=100 inferred_orders=0 embedded_detail_orders=100
2026-04-27 00:50:07,771 INFO scraper_client.infra.jd.jd_scraper - jd scrape done account_id=1 orders=100 items=100 price_info=100
2026-04-27 00:50:08,453 INFO scraper_client.services.account_orchestrator - task success account_id=1 orders=100 round=94
2026-04-27 00:50:38,496 INFO scraper_client.services.account_orchestrator - no task available, sleep=10s
